,summary,Adaptation,Hazard,Impacts,Causes,Mitigation,word
summaryOfAllWords,5267.205010267187,216.54196273174435,3406.7378904513535,458.5356254031852,0.0,1185.3895316813416,
Regenwarnung,2.019186225944152,0.1578332256487333,-0.09072321137842436,0.021845392224835794,0.0,0.1901904732130999,Regenwarnung
Freitag,4.0988991872586915,-0.5501906492985156,0.02221125527302215,-0.6861784827224128,0.0,0.18632350141951665,Freitag
regen+warnung freitag,2.0403437524428867,0.1474094976890732,-0.08876566584301446,0.011421664265175822,0.0,0.1911614527476668,regen+warnung freitag
Pityusen,2.05732321236746,0.13912207108685096,-0.0871572714415213,0.003134237662953718,0.0,0.19177506701960542,Pityusen
freitag pityus+en,2.05732321236746,0.13912207108685096,-0.0871572714415213,0.003134237662953718,0.0,0.19177506701960542,freitag pityus+en
Der,11.489088610810212,-1.5808699710575673,0.1533723409809671,-0.9510100627266137,0.0,-0.09863412377828092,Der
pityus+en der,2.0714180236360122,0.13229438912863056,-0.08579413616420879,-0.0036934442952667817,0.0,0.1921678258345932,pityus+en der
spanische,5.582491049366032,-0.8591073039438711,0.005794747187445715,-0.9950951373677683,0.0,0.28699840784051805,spanische
der spanisch+e,4.367602354843051,-0.6136864008703283,-0.007446851419322809,-0.7496742342942256,0.0,0.26937605303444384,der spanisch+e
Wetterdienst,10.82527014877259,-1.521355432134769,0.021456572494495525,-1.6573432655586666,0.0,0.3318345871134999,Wetterdienst
spanisch+e wetter+dienst,5.350452946363644,-0.8166534227468313,0.0044908308426081745,-0.9526412561707288,0.0,0.28264310615969424,spanisch+e wetter+dienst
Aemet,4.024822904491035,-0.5319531135692384,-0.014732461118276934,-0.6679409469931356,0.0,0.2668662600105363,Aemet
wetter+dienst aemet,5.136098760546446,-0.7757659978320471,0.0042538752669871865,-0.9117538312559447,0.0,0.2759025448124351,wetter+dienst aemet
aemet freitag,2.6006170796614883,-0.09522095774939761,-0.053777184817003845,-0.2312087911732949,0.0,0.22067059469177183,aemet freitag
17.,2.7645567925259593,-0.15635253264305168,-0.041592233353203514,-0.2923403660669489,0.0,0.2163821509879972,17.
freitag 17.,2.7645567925259593,-0.15635253264305168,-0.041592233353203514,-0.2923403660669489,0.0,0.2163821509879972,freitag 17.
Oktober,4.892515729975108,-0.7271788379539353,-0.05008249269933401,0.4076632098142227,0.0,0.0393120397416311,Oktober
17. oktober,2.790300877097244,-0.16562163382322242,-0.0394150075418559,-0.30160946724711973,0.0,0.21484815403936305,17. oktober
Warnstufe,5.74834679832049,-0.8883845026847147,0.003264296220858055,-1.0243723361086121,0.0,0.29720103524730723,Warnstufe
oktober warn+stufe,3.5085683903962357,-0.39468029084474754,-0.02824159770238977,-0.5306681242686447,0.0,0.26150980482588165,oktober warn+stufe
Gelb,3.099798271959358,-0.2708092383631328,-0.008929685120818601,-0.40679707178703,0.0,0.1807961826273283,Gelb
warn+stufe gelb,3.099798271959358,-0.2708092383631328,-0.008929685120818601,-0.40679707178703,0.0,0.1807961826273283,warn+stufe gelb
Ibiza,11.50638286830062,-1.5823741159729467,0.03497487886242506,-0.31655885655012955,0.0,0.13785381952752426,Ibiza
gelb ibiza,3.320658836231516,-0.33963541043981527,0.016984779702722202,-0.47562324386371246,0.0,0.13957790684838658,gelb ibiza
Formentera,9.97499278118553,-1.4395534416358973,0.03704597494405819,-0.17909823503606603,0.0,0.09015203254153757,Formentera
ibiza formentera,9.97499278118553,-1.4395534416358973,0.03704597494405819,-0.17909823503606603,0.0,0.09015203254153757,ibiza formentera
verhängt,3.3522996274038688,-0.3491187688262233,-0.012570718661973177,-0.48510660225012053,0.0,0.21383367277882137,verhängt
formentera verhäng+t,3.3522996274038688,-0.3491187688262233,-0.012570718661973177,-0.48510660225012053,0.0,0.21383367277882137,formentera verhäng+t
Das,3.6530122430789245,-0.43502430187196484,0.011065935064465094,-0.571012135295862,0.0,0.1829426755782192,Das
niedrigste,3.600332879553922,-0.4204985102809589,-0.037261858854712636,-0.5564863437048563,0.0,0.2873683794641874,niedrigste
der niedrig+st+e,3.600332879553922,-0.4204985102809589,-0.037261858854712636,-0.5564863437048563,0.0,0.2873683794641874,der niedrig+st+e
niedrig+st+e warn+stufe,4.0383788160685326,-0.5353155308369815,-0.029966145528047595,-0.6713033642608789,0.0,0.2998862834497015,niedrig+st+e warn+stufe
Gewitter,62.182297028251014,-3.269542548092162,0.049122661590462746,-2.645003712758283,0.0,0.32958112405685597,Gewitter
warn+stufe gewitter,6.50366880131834,-1.0118386511933022,-0.013606421003370504,-1.1478264846171997,0.0,0.3500772306907825,warn+stufe gewitter
Niederschläge,4.852809943208978,-0.7190301094642606,0.04631438986493432,-0.8550179428881579,0.0,0.16530501091541533,Niederschläge
gewitter niederschlag+e,4.503347084006665,-0.6442931192936169,0.008665730162420424,-0.7802809527175141,0.0,0.2400420010860593,gewitter niederschlag+e
Litern,3.149727528936308,-0.2867881528968364,-0.03923877930699417,-0.42277598632073377,0.0,0.2542538764152735,Litern
niederschlag+e liter+n,2.5715910548616443,-0.08399699739722997,-0.06117355104363571,-0.21998483082112721,0.0,0.23241453583662844,niederschlag+e liter+n
pro,5.1226690558963295,-0.7731478057524429,-0.10339466243650654,0.5968861964953454,0.0,0.06282604417246136,pro
liter+n pro,3.0701738892164574,-0.26120640398453127,-0.03957551376212692,-0.3971942374084286,0.0,0.2471012484622456,liter+n pro
Quadratmeter,4.515775232122716,-0.6470490761476699,-0.15492433488070217,0.7458597526525592,0.0,0.06840523400531756,Quadratmeter
pro quadrat+meter,4.515775232122716,-0.6470490761476699,-0.15492433488070217,0.7458597526525592,0.0,0.06840523400531756,pro quadrat+meter
Stunde,3.3064881675364517,-0.33535885213072,0.04780987914760577,-0.47134668555461734,0.0,0.0551418074999239,Stunde
quadrat+meter stunde,2.5767251747704307,-0.08599148312100316,-0.008204596728996361,-0.22197931654490058,0.0,0.10933788971826913,quadrat+meter stunde
untersch…,2.3132951662114625,0.021854810490448694,-0.053831386892790885,-0.11413302293344849,0.0,0.17252749473820894,untersch…
stunde untersch…,2.3132951662114625,0.021854810490448694,-0.053831386892790885,-0.11413302293344849,0.0,0.17252749473820894,stunde untersch…
untersch… der,2.2537492828160492,0.04793262013181403,-0.06305888659973873,-0.08805521329208317,0.0,0.1817109188847873,untersch… der
Li…,2.5715910548616443,-0.08399699739722997,-0.06117355104363571,-0.21998483082112721,0.0,0.23241453583662844,Li…
niederschlag+e li…,2.5715910548616443,-0.08399699739722997,-0.06117355104363571,-0.21998483082112721,0.0,0.23241453583662844,niederschlag+e li…
+479,2.5113079263690476,-0.060275906179135974,-0.06462124556722659,-0.19626373960303323,0.0,0.2306857059966343,+479
li… +479,2.5113079263690476,-0.060275906179135974,-0.06462124556722659,-0.19626373960303323,0.0,0.2306857059966343,li… +479
chars,16.400342907283083,-0.4634476148052871,0.09572415686404151,-0.17949197545724008,0.0,-0.17125516889882125,chars
+479 chars,2.461014985544239,-0.04004606315064701,-0.06750391883509917,-0.17603389657454438,0.0,0.22889279137639323,+479 chars
Wettermeldung,3.041141886100755,-0.2517052678692237,-0.046738519472504514,-0.38769310129312096,0.0,0.25943689259792113,Wettermeldung
Wechselhaftes,3.2367841920606777,-0.3140525061531826,-0.040024807283618964,-0.45004033957708,0.0,0.2640363703645377,Wechselhaftes
wetter+meldung wechselhaft+es,2.434600687958883,-0.029254957119959138,-0.07082560572796341,-0.1652427905438563,0.0,0.23166081291114324,wetter+meldung wechselhaft+es
Wetter,14.121826532545848,-1.787193784079025,0.062496296957849126,-1.9231816175029224,0.0,0.26008522683632557,Wetter
wechselhaft+es wetter,3.870178043598588,-0.49277271463217437,-0.011879632192749737,-0.6287605480560717,0.0,0.25119567452565356,wechselhaft+es wetter
NRW,3.847440605162284,-0.4868803519078804,-0.021719382515307976,-0.6228681853317776,0.0,0.2711645798002644,NRW
wetter nrw,3.847440605162284,-0.4868803519078804,-0.021719382515307976,-0.6228681853317776,0.0,0.2711645798002644,wetter nrw
Regen,22.407768442212937,-2.248879906744723,0.07937571372806035,-1.6101941068852632,0.0,0.2114741088694532,Regen
nrw regen,4.1545646268257705,-0.5636798424141134,-0.013514400114484763,-0.6996676758380108,0.0,0.27152197187256943,nrw regen
Wind,8.952682889923565,-1.3314254541546173,0.026737174958414413,-1.4674132875785146,0.0,0.303214925879199,Wind
regen wind,7.050257726816678,-1.0925363757021658,0.03822754569763751,-1.228524209126063,0.0,0.2492108394033262,regen wind
wind gewitter,6.6335914487152365,-1.0316185567228142,-0.002556902126720612,-1.1676063901467115,0.0,0.3302973251612704,wind gewitter
Hier,12.454108455558938,-1.6615227674552127,0.06773510743841668,-1.79751060087911,0.0,0.2384702512946365,Hier
gewitter hier,9.305067660121948,-1.3700313639912733,0.0037636646167678108,-1.5060191974151707,0.0,0.35518884989782723,gewitter hier
finden,9.580931188045835,-1.3992469910673329,0.08284125496242024,-1.53523482449123,0.0,0.1763650536834526,finden
hier find+en,9.580931188045835,-1.3992469910673329,0.08284125496242024,-1.53523482449123,0.0,0.1763650536834526,hier find+en
Sie,21.571444433799158,0.24944906129555716,0.042223555550727765,-0.9338446029294811,0.0,0.057404766511913535,Sie
find+en sie,8.787447075538964,-1.312796436971284,0.08209714660271407,-1.448784270395181,0.0,0.16856163394934315,find+en sie
Informationen,8.616382820376012,-1.2931375727522139,0.08810076462713165,-1.4291254061761112,0.0,0.15017283304582812,Informationen
sie information+en,8.476919005870581,-1.276819261556866,0.08123763419084935,-1.4128070949807632,0.0,0.16649114424117606,sie information+en
Thema,8.044448749604843,-1.2244544597780866,0.08727964825391239,-1.360442293201984,0.0,0.14363275978681783,Thema
information+en thema,8.044448749604843,-1.2244544597780866,0.08727964825391239,-1.360442293201984,0.0,0.14363275978681783,information+en thema
thema wetter+meldung,2.3312480977556675,0.014124009015559677,-0.07627191639011893,-0.12186382440833757,0.0,0.22540671203879745,thema wetter+meldung
Lesen,8.641163867206346,-1.2960094831473028,0.10719971454254787,-1.4319973165712003,0.0,0.09705774174895165,Lesen
les+en sie,9.280348089398059,-1.367371258278958,0.11280170416525447,-1.5033590917028552,0.0,0.08961931857691353,les+en sie
sie wechselhaft+es,2.434600687958883,-0.029254957119959138,-0.07082560572796341,-0.1652427905438563,0.0,0.23166081291114324,sie wechselhaft+es
Nordrhein-Westfalen,2.943477289585587,-0.21906383656162223,-0.0551751286668564,-0.35505166998551957,0.0,0.2668307613726424,Nordrhein-Westfalen
zeigt,4.800009400802331,-0.7080900789633188,0.045319339236767106,-0.844077912387216,0.0,0.1654788874083128,zeigt
nordrhein-westfalen zeig+t,2.5412497492436628,-0.072128189836913,-0.06888808166590231,-0.20811602326081033,0.0,0.2442833433969454,nordrhein-westfalen zeig+t
zeig+t wetter,3.7630452951524123,-0.46470075106887787,-0.010901486116065498,-0.6006885844927752,0.0,0.24195154862283033,zeig+t wetter
kommenden,2.3129643641256794,0.021997821095097136,-0.07895162480769587,-0.11399001232880025,0.0,0.2277623315275955,kommenden
wetter komm+end+en,2.3129643641256794,0.021997821095097136,-0.07895162480769587,-0.11399001232880025,0.0,0.2277623315275955,wetter komm+end+en
Tagen,3.001167504672021,-0.23847358373671027,-0.04814585907632886,-0.37446141716060755,0.0,0.25825505164551765,Tagen
komm+end+en tag+en,2.2653312416758435,0.0428068056411509,-0.08129986808191456,-0.09318102778274642,0.0,0.22380883692660333,komm+end+en tag+en
herbstlichen,2.202100776018604,0.07111599451979887,-0.0845622943263186,-0.06487183890409842,0.0,0.21822596339887232,herbstlichen
tag+en herbstlich+en,2.202100776018604,0.07111599451979887,-0.0845622943263186,-0.06487183890409842,0.0,0.21822596339887232,tag+en herbstlich+en
Seite,2.8011207844979813,-0.16949181981917574,-0.023197048870168012,-0.3054796532430731,0.0,0.17915264651570256,Seite
herbstlich+en seite,2.1640433528266465,0.08854940301181177,-0.0866091710768657,-0.04743843041208552,0.0,0.21466236488246168,herbstlich+en seite
Wie,7.2119242082230945,-1.1152079987162749,0.02120866259204432,0.07741529950014925,0.0,0.029604487310480015,Wie
Deutsche,6.192066354993456,-0.9627410550266263,0.007393300627022624,-1.0987288884505235,0.0,0.29972837934124996,Deutsche
wie deutsch+e,2.8811242658334857,-0.19765279060525515,-0.0385505025871607,-0.33364062402915257,0.0,0.22408933109440907,wie deutsch+e
deutsch+e wetter+dienst,5.6686870499982,-0.8744297326293357,-0.05184098099590486,-1.0104175660532329,0.0,0.4039085705614463,deutsch+e wetter+dienst
DWD,7.643226325654473,-1.173292010522178,-0.14910203938260896,-1.3092798439460753,0.0,0.5914661423097555,DWD
wetter+dienst dwd,6.003364796786757,-0.9317923140541656,-0.0956222526424691,-1.067780147478063,0.0,0.4865265416932915,wetter+dienst dwd
Montag,3.3692126149780917,-0.3541512742087411,-0.03450634228631338,-0.49013910763263846,0.0,0.26377494032321164,Montag
dwd montag,2.674382117798455,-0.12319057221738511,-0.05455934968379903,-0.25917840564128247,0.0,0.23276897097873178,dwd montag
mitteilte,3.317162823801447,-0.33858204898107785,-0.043517404897011974,-0.4745698824049753,0.0,0.27839826901289594,mitteilte
montag mit+teil+te,2.6422189671858574,-0.11109128454522248,-0.0566878239181291,-0.2470791179691198,0.0,0.23291678095078186,montag mit+teil+te
bleibt,4.400740197757072,-0.621244956089557,-0.00873116296153846,-0.7572327895134543,0.0,0.273783183967043,bleibt
mit+teil+te bleib+t,2.0439435025553148,0.14564676611816071,-0.0935057704253341,0.009658932694263538,0.0,0.20224915277772448,mit+teil+te bleib+t
zunächst,2.0310935021455707,0.1519534784188748,-0.09428497703207103,0.015965644994977667,0.0,0.20080280191840275,zunächst
bleib+t zunächst,2.0310935021455707,0.1519534784188748,-0.09428497703207103,0.015965644994977667,0.0,0.20080280191840275,bleib+t zunächst
stark,2.989781983816098,-0.23467267218339194,-0.04698826748470301,-0.37066050560728936,0.0,0.25459233014025956,stark
zunächst stark,2.0203901111459652,0.15723718035239787,-0.09494037199903514,0.021249346928500508,0.0,0.19957879370900528,zunächst stark
bewölkt,3.839844615414851,-0.4849041035961058,-0.005968236240582723,-0.6208919370200032,0.0,0.23603009406761957,bewölkt
stark bewölk+t,2.9634973757152507,-0.22584231926066986,-0.04801732256000156,-0.36183015268456714,0.0,0.2539491686362586,stark bewölk+t
zeitwe…,2.001067990056238,0.16684676438563906,-0.09613832677591441,0.030858930961741766,0.0,0.197323433827959,zeitwe…
bewölk+t zeitwe…,2.001067990056238,0.16684676438563906,-0.09613832677591441,0.030858930961741766,0.0,0.197323433827959,bewölk+t zeitwe…
+1019,1.9923050705516023,0.17123550214535496,-0.09668797722693834,0.035247668721457695,0.0,0.19628063517808136,+1019
zeitwe… +1019,1.9923050705516023,0.17123550214535496,-0.09668797722693834,0.035247668721457695,0.0,0.19628063517808136,zeitwe… +1019
+1019 chars,1.9867548825880939,0.17402520203847788,-0.09703818309067055,0.03803736861458055,0.0,0.195613556368546,+1019 chars
Wetterprognose,2.990154098970102,-0.23479712674254855,-0.04857821210832905,-0.370784960166446,0.0,0.2580032706369866,Wetterprognose
Herbstwetter,3.17683970412421,-0.2953591014581152,-0.0420272958926579,-0.43134693488201264,0.0,0.2627699066520762,Herbstwetter
wetter+prognose herbst+wetter,2.402904350302832,-0.016150354227895673,-0.07246928573379392,-0.15213818765179302,0.0,0.2298599494126238,wetter+prognose herbst+wetter
Hessen,8.485116240606317,-1.2777858006843674,0.0255234153553832,-1.4137736341082647,0.0,0.30026303812313304,Hessen
herbst+wetter hessen,3.4695259087438526,-0.3834901614532966,-0.03264465933301211,-0.5194779948771939,0.0,0.2679017291495184,herbst+wetter hessen
Zum,4.397751739398547,-0.6205656445678115,-0.013486404135189086,-0.7565534779917088,0.0,0.2838660648081735,Zum
hessen zu,3.696506979831487,-0.44686051679124383,-0.02595128561502618,-0.5828483502151411,0.0,0.27026423364226765,hessen zu
Wochenstart,6.116120944531938,-0.9504002655255224,0.01517746063780737,-1.0863880989494195,0.0,0.2809595207770228,Wochenstart
zu woche+n+start,4.521045921721088,-0.6482155682373766,-0.010471542900978957,-0.7842034016612738,0.0,0.2831638010805179,zu woche+n+start
woche+n+start regen,6.591329994456057,-1.0252273508019385,0.02823093989808725,-1.1612151842258358,0.0,0.26279768476396537,woche+n+start regen
regen gewitter,16.864649964886905,-1.9646919157282812,0.02416682654748014,-2.1006797491521785,0.0,0.355049156911475,regen gewitter
thema wetter+prognose,2.304360684459701,0.02572451979314123,-0.077732057252642,-0.1102633136307561,0.0,0.22359152003211402,thema wetter+prognose
sie herbst+wetter,2.402904350302832,-0.016150354227895673,-0.07246928573379392,-0.15213818765179302,0.0,0.2298599494126238,sie herbst+wetter
startet,4.128567023028074,-0.5574025815267839,-0.029667227124738692,-0.6933904149506812,0.0,0.3041897466870424,startet
hessen start+et,2.7506093757658974,-0.15129468086928372,-0.0611819732620384,-0.287282514293181,0.0,0.2568110853601423,hessen start+et
Woche,4.772789953502224,-0.7024032323786263,0.010126041422534454,-0.8383910658025235,0.0,0.24880220552834584,Woche
start+et woche,2.6084924131547162,-0.09824463751815604,-0.05466737376658981,-0.23423247094205343,0.0,0.22375468986375763,start+et woche
wechselhaft,4.943887398087188,-0.7376241469791287,0.02915226491656846,-0.873611980403026,0.0,0.21159176113039865,wechselhaft
woche wechselhaft,2.587109808886434,-0.09001355127316014,-0.0457748563773382,-0.22600138469705722,0.0,0.20094806090261005,woche wechselhaft
windig,3.112008245367814,-0.27474045840332695,0.015881327426596367,-0.41072829182722415,0.0,0.12059918316108739,windig
wechselhaft windig,2.579686923969291,-0.08714024682252826,-0.02111931494178017,-0.22312808024642544,0.0,0.14207536745736923,wechselhaft windig
verdichtet,2.151848802998059,0.09420041644772183,-0.07979096113541428,-0.04178741697617552,0.0,0.1973668765920741,verdichtet
mit+teil+te verdicht+et,2.151848802998059,0.09420041644772183,-0.07979096113541428,-0.04178741697617552,0.0,0.1973668765920741,mit+teil+te verdicht+et
Bewölkung,2.106351390424718,0.11557054560204401,-0.08405166054478933,-0.02041728782185335,0.0,0.19649046036999843,Bewölkung
verdicht+et bewölkung,2.106351390424718,0.11557054560204401,-0.08405166054478933,-0.02041728782185335,0.0,0.19649046036999843,verdicht+et bewölkung
Tagesverlauf,4.107113603308285,-0.5521926980408203,-0.026756914828216315,-0.6881805314647176,0.0,0.2970171217370729,Tagesverlauf
bewölkung tag+es+verlauf,2.082181461440205,0.127111673782339,-0.08622636392069236,-0.008876159641558355,0.0,0.19563570615301587,bewölkung tag+es+verlauf
zeitweise,4.763216526831759,-0.7003953835151747,0.03462775633112947,-0.8363832169390719,0.0,0.19058611215747204,zeitweise
tag+es+verlauf zeitweise,2.0596207768641244,0.13800592049495655,-0.08820942748032137,0.0020180870710592874,0.0,0.1946083071545202,tag+es+verlauf zeitweise
kommt,2.045277053240362,0.14499453877354776,-0.08944939474637766,0.009006705349650514,0.0,0.19384386227307562,kommt
zeitweise komm+t,2.045277053240362,0.14499453877354776,-0.08944939474637766,0.009006705349650514,0.0,0.19384386227307562,zeitweise komm+t
komm+t regen,2.0296712152534506,0.15265398044214465,-0.09078200304106375,0.01666614701824723,0.0,0.19291662712957405,komm+t regen
Die,9.90112040568955,0.5996041451591357,-0.06672575505699978,-0.5221519010459744,0.0,0.17630469983666355,Die
Menschen,2.321635046766807,0.018256098461250394,-0.00452919464576619,-0.1177317349626468,0.0,0.051248367479254424,Menschen
der mensch+en,2.016674852169942,0.15907775515544742,-0.09187988525730459,0.0230899217315501,0.0,0.19207002417345143,der mensch+en
+877,2.0026843161672456,0.16603935869458125,-0.09305082095341025,0.03005152527068395,0.0,0.19108449172730763,+877
mensch+en +877,2.0026843161672456,0.16603935869458125,-0.09305082095341025,0.03005152527068395,0.0,0.19108449172730763,mensch+en +877
+877 chars,1.9976514217349852,0.16855559603937953,-0.09346948914388165,0.032567762615482145,0.0,0.19071139755013738,+877 chars
Debatte,3.7729967399743654,-0.4673417794919863,0.23789306884603742,-0.6033296129158837,0.0,-0.7516864797977547,Debatte
Ärger,1.913714813006824,0.21148151603891246,-0.0010732233688783676,0.07549368261501521,0.0,-0.07286318426685581,Ärger
debatte ärger,1.913714813006824,0.21148151603891246,-0.0010732233688783676,0.07549368261501521,0.0,-0.07286318426685581,debatte ärger
ums,1.9272508580909284,0.20443323585084927,0.0027666862851829545,0.068445402426952,0.0,-0.07991146445491906,ums
ärger um,1.9272508580909284,0.20443323585084927,0.0027666862851829545,0.068445402426952,0.0,-0.07991146445491906,ärger um
Stadtbild,1.9372273611131703,0.1992700419500888,0.005553226965858238,0.06328220852619143,0.0,-0.0850746583556797,Stadtbild
um stadt+bild,1.9372273611131703,0.1992700419500888,0.005553226965858238,0.06328220852619143,0.0,-0.0850746583556797,um stadt+bild
CDU-Landeschef,7.502611129194278,-1.1547233130620642,0.34113373827405136,-1.2907111464859615,0.0,-1.4390680133678326,CDU-Landeschef
stadt+bild cdu+-+land+es+chef,1.9697279362206497,0.18263236767765,0.014383745686464363,0.04664453425375278,0.0,-0.10171233262811834,stadt+bild cdu+-+land+es+chef
stellt,3.711598603017035,-0.45093487666476995,0.12473107280665127,-0.5869227100886673,0.0,-0.15518595453224382,stellt
cdu+-+land+es+chef stell+t,2.0324888970766057,0.15126669771712306,0.030435804096881063,0.015278864293225825,0.0,-0.13307800258864516,cdu+-+land+es+chef stell+t
Merz,3.3990363976340747,-0.36296418154355403,0.21352841136106332,-0.4989520149674514,0.0,-0.6473088818493223,Merz
stell+t merz,2.183797984847936,0.07946224162486835,0.06447709376598658,-0.056525591799029024,0.0,-0.20488245868089996,stell+t merz
merz cdu+-+land+es+chef,1.9697279362206497,0.18263236767765,0.014383745686464363,0.04664453425375278,0.0,-0.10171233262811834,merz cdu+-+land+es+chef
Hagel,52.49631153097378,-3.100215113127496,0.41355858855869626,-1.9438073701757317,0.0,-3.3845598134332646,Hagel
cdu+-+land+es+chef hagel,8.131878652459946,-1.235264175979887,0.3487831855337339,-1.3712520094037843,0.0,-1.5196088762856554,cdu+-+land+es+chef hagel
kritisiert,3.3784578147864512,-0.35689154010934154,0.21201153927927513,-0.4928793735332389,0.0,-0.64123624041511,kritisiert
hagel kritisier+t,3.3784578147864512,-0.35689154010934154,0.21201153927927513,-0.4928793735332389,0.0,-0.64123624041511,hagel kritisier+t
Überreaktion,2.699178515474416,-0.13241967573869998,0.14683185980098007,-0.2684075091625972,0.0,-0.4167643760444683,Überreaktion
kritisier+t über+reaktion,2.699178515474416,-0.13241967573869998,0.14683185980098007,-0.2684075091625972,0.0,-0.4167643760444683,kritisier+t über+reaktion
Äußerungen,2.4189125104592546,-0.022790265876634245,0.10724687516367082,-0.15877809930053166,0.0,-0.30713496618240266,Äußerungen
über+reaktion äußerung+en,2.4189125104592546,-0.022790265876634245,0.10724687516367082,-0.15877809930053166,0.0,-0.30713496618240266,über+reaktion äußerung+en
Kanzlers,2.3165553860635866,0.020446462486907204,0.08991484862449925,-0.11554137093699005,0.0,-0.26389823781886107,Kanzlers
äußerung+en kanzler+s,2.3165553860635866,0.020446462486907204,0.08991484862449925,-0.11554137093699005,0.0,-0.26389823781886107,äußerung+en kanzler+s
spreche,2.244446917869835,0.05206866835754815,0.07655209836813781,-0.08391916506634929,0.0,-0.2322760319482202,spreche
merz sprech+e,2.244446917869835,0.05206866835754815,0.07655209836813781,-0.08391916506634929,0.0,-0.2322760319482202,merz sprech+e
offen,2.199889911156153,0.07212047872045259,0.0677602544150218,-0.06386735470344466,0.0,-0.2122242215853157,offen
sprech+e offen,2.199889911156153,0.07212047872045259,0.0677602544150218,-0.06386735470344466,0.0,-0.2122242215853157,sprech+e offen
Lebenswirklichkeit,2.1550428444914127,0.09271719265648598,0.05846032079653527,-0.04327064076741138,0.0,-0.19162750764928235,Lebenswirklichkeit
offen leben+s+wirklichkeit,2.1550428444914127,0.09271719265648598,0.05846032079653527,-0.04327064076741138,0.0,-0.19162750764928235,offen leben+s+wirklichkeit
vieler,2.1395347994395575,0.09993937548599788,0.05513274583981657,-0.03604845793789933,0.0,-0.18440532481977057,vieler
leben+s+wirklichkeit viel+er,2.1395347994395575,0.09993937548599788,0.05513274583981657,-0.03604845793789933,0.0,-0.18440532481977057,leben+s+wirklichkeit viel+er
viel+er mensch+en,1.8856777173899557,0.2262405093933207,-0.009251121679101798,0.09025267596942332,0.0,-0.05810419091244775,viel+er mensch+en
sagt,2.7055141940293246,-0.13476418699866316,0.1476159857738087,-0.27075202042256047,0.0,-0.41910888730443147,sagt
mensch+en sag+t,1.903548036893756,0.2168082648389737,-0.0040031520157380275,0.08082043141507643,0.0,-0.0675364354667947,mensch+en sag+t
Kopiere,6.030768967535308,-0.9363467287972481,0.1805642372799323,-0.3054050192390146,0.0,-0.43986128073733777,Kopiere
aktuellen,5.867329277757039,-0.9088717546213103,0.1810792550597601,-0.2905322053533756,0.0,-0.45242069986238154,aktuellen
kopier+e aktuell+en,5.867329277757039,-0.9088717546213103,0.1810792550597601,-0.2905322053533756,0.0,-0.45242069986238154,kopier+e aktuell+en
Link,5.851542425681305,-0.9061774915514444,0.18622231521438956,-0.29774843384905364,0.0,-0.47770140290659213,Link
aktuell+en link,5.851542425681305,-0.9061774915514444,0.18622231521438956,-0.29774843384905364,0.0,-0.47770140290659213,aktuell+en link
Zur,5.889979715209523,-0.9127247562712081,0.19117572929324878,-0.31000575773347205,0.0,-0.4992335337221614,Zur
link zu,5.889979715209523,-0.9127247562712081,0.19117572929324878,-0.31000575773347205,0.0,-0.4992335337221614,link zu
Merkliste,5.933661570278019,-0.9201136904840688,0.19512057247885764,-0.32110877919404657,0.0,-0.5159798555966807,Merkliste
zu merk+liste,5.933661570278019,-0.9201136904840688,0.19512057247885764,-0.32110877919404657,0.0,-0.5159798555966807,zu merk+liste
hinzufügen,6.125908870025215,-0.9519993349163353,0.20779245944184693,-0.36197391862933925,0.0,-0.5693588392595522,hinzufügen
merk+liste hin+zu+füg+en,5.058161282653248,-0.7604752369358717,0.15223174998859604,-0.17044982064887587,0.0,-0.3778347412790887,merk+liste hin+zu+füg+en
hin+zu+füg+en cdu+-+land+es+chef,2.25717333349354,0.046414504381957586,0.07898581379693573,-0.08957332904193953,0.0,-0.23793019592381073,hin+zu+füg+en cdu+-+land+es+chef
Me…,1.8372707666858517,0.2522466059505467,-0.02412841891514235,0.11625877252664951,0.0,-0.03209809435522173,Me…
viel+er me…,1.8372707666858517,0.2522466059505467,-0.02412841891514235,0.11625877252664951,0.0,-0.03209809435522173,viel+er me…
+2545,1.8324373247198011,0.25488084531819294,-0.025669694760587173,0.1188930118942957,0.0,-0.029463854987575394,+2545
me… +2545,1.8324373247198011,0.25488084531819294,-0.025669694760587173,0.1188930118942957,0.0,-0.029463854987575394,me… +2545
+2545 char+s,1.8269719761052654,0.257867858920035,-0.02742518687692219,0.12188002549613769,0.0,-0.026476841385733457,+2545 char+s
Mitte,1.915863191239367,0.21035952376950975,-0.00045915821270513853,0.07437169034561221,0.0,-0.0739851765362588,Mitte
der mitte,1.915863191239367,0.21035952376950975,-0.00045915821270513853,0.07437169034561221,0.0,-0.0739851765362588,der mitte
stärken,1.9296678298461614,0.2031799182327337,0.0034451311530573686,0.06719208480883636,0.0,-0.08116478207303478,stärken
mitte stärk+en,1.9296678298461614,0.2031799182327337,0.0034451311530573686,0.06719208480883636,0.0,-0.08116478207303478,mitte stärk+en
Schreihälse,1.9731345245578151,0.18090438998697542,0.015288074200265723,0.04491655656307803,0.0,-0.10344031031879293,Schreihälse
stärk+en schrei+hals+e,1.9731345245578151,0.18090438998697542,0.015288074200265723,0.04491655656307803,0.0,-0.10344031031879293,stärk+en schrei+hals+e
nie,4.370733621569482,-0.6144030743580283,0.2673745143332997,-0.7503909077819256,0.0,-0.8987477746637966,nie
schrei+hals+e nie,2.022365547230896,0.15625990820978924,0.027930994140277738,0.020272074785891988,0.0,-0.1280847920959791,schrei+hals+e nie
Kommando,2.1208977602681935,0.10868832657944129,0.051054325563192386,-0.02729950684445603,0.0,-0.1756563737263272,Kommando
nie kommando,2.1208977602681935,0.10868832657944129,0.051054325563192386,-0.02729950684445603,0.0,-0.1756563737263272,nie kommando
bekommen,2.224744100554429,0.06088589943193489,0.0727173409772841,-0.07510193399196245,0.0,-0.22345880087383346,bekommen
kommando bekomm+en,2.224744100554429,0.06088589943193489,0.0727173409772841,-0.07510193399196245,0.0,-0.22345880087383346,kommando bekomm+en
Manuel,17.344112841062774,-1.9927253338445632,0.3959119423655233,-2.1287131672684607,0.0,-2.2770700341503316,Manuel
bekomm+en manuel,2.4639291078881245,-0.04122947665898141,0.11432669130334464,-0.1772173100828789,0.0,-0.32557417696474983,bekomm+en manuel
manuel hagel,25.165064685475404,-2.364928913229945,0.4084621721799626,-2.5009167466538424,0.0,-2.6492736135357133,manuel hagel
CDU-Landesvorsitzender,3.2989511428154312,-0.333076784992454,0.20595029279430305,-0.4690646184163513,0.0,-0.6174214852982224,CDU-Landesvorsitzender
hagel cdu+-+land+es+vorsitz+ender,3.2989511428154312,-0.333076784992454,0.20595029279430305,-0.4690646184163513,0.0,-0.6174214852982224,hagel cdu+-+land+es+vorsitz+ender
Baden-Württemberg,5.704868442353583,-0.8807921255383359,0.22126898223173186,-1.0167799589622333,0.0,-0.44301967568655026,Baden-Württemberg
cdu+-+land+es+vorsitz+ender baden-württemberg,2.541335632562381,-0.0721619849676485,0.12580699195240777,-0.20814981839154575,0.0,-0.3565066852734169,cdu+-+land+es+vorsitz+ender baden-württemberg
bekräftigt,2.3661295719817135,-0.0007277307587885165,0.0985340011387322,-0.13671556418268577,0.0,-0.28507243106455693,bekräftigt
baden-württemberg bekräftig+t,2.3661295719817135,-0.0007277307587885165,0.0985340011387322,-0.13671556418268577,0.0,-0.28507243106455693,baden-württemberg bekräftig+t
Brandmauer,3.389438912735633,-0.36013659777719964,0.21282354736336612,-0.49612443120109695,0.0,-0.6444812980829681,Brandmauer
bekräftig+t brand+mauer,2.277728005179731,0.03734934026420454,0.08284694574236078,-0.09863849315969288,0.0,-0.24699536004156394,bekräftig+t brand+mauer
AfD,3.6400765153038046,-0.4314769046664819,0.22987200927737936,-0.5674647380903791,0.0,-0.7158216049722502,AfD
brand+mauer afd,2.213762793510039,0.06583410823850352,0.07054390578400309,-0.07015372518539381,0.0,-0.21851059206726486,brand+mauer afd
afd sie,2.1949876526616006,0.07435137614889717,0.06676630618014989,-0.06163645727500022,0.0,-0.2099933241568713,afd sie
Gift,2.1703851977019823,0.08562313518810093,0.06169491913426993,-0.050364698235796486,0.0,-0.1987215651176675,Gift
sie gift,2.1703851977019823,0.08562313518810093,0.06169491913426993,-0.050364698235796486,0.0,-0.1987215651176675,sie gift
Wirtschaft,2.1360134426705617,0.10158658298585466,0.05436887244318772,-0.03440125043804258,0.0,-0.18275811731991376,Wirtschaft
gift wirtschaft,2.1360134426705617,0.10158658298585466,0.05436887244318772,-0.03440125043804258,0.0,-0.18275811731991376,gift wirtschaft
Land.,1.8762530352305253,0.23125107577372872,-0.012070480141994048,0.09526324234983134,0.0,-0.053093624532039675,Land.
wirtschaft land.,1.8762530352305253,0.23125107577372872,-0.012070480141994048,0.09526324234983134,0.0,-0.053093624532039675,wirtschaft land.
Zugleich,2.137384302216061,0.10094500470348543,0.054666615939881404,-0.03504282872041189,0.0,-0.18339969560228284,Zugleich
land. zugleich,1.8873355361841664,0.22536173225182635,-0.008758918996113634,0.08937389882792904,0.0,-0.058982968053942125,land. zugleich
verteidigt,2.1456279371614677,0.09709554331303204,0.05644721557295848,-0.038892290110865334,0.0,-0.1872491569927364,verteidigt
zugleich verteidig+t,2.1456279371614677,0.09709554331303204,0.05644721557295848,-0.038892290110865334,0.0,-0.1872491569927364,zugleich verteidig+t
Kanzler,2.1655187908360087,0.08786783844822778,0.06067503695887924,-0.048119994975669544,0.0,-0.19647686185754057,Kanzler
verteidig+t kanzler,2.1655187908360087,0.08786783844822778,0.06067503695887924,-0.048119994975669544,0.0,-0.19647686185754057,verteidig+t kanzler
kanzler merz,2.1818998494300104,0.08033180961128651,0.06408591480186066,-0.055656023812610915,0.0,-0.204012890694482,kanzler merz
Stadtbild-Debatte,1.999733316684256,0.16751396743781025,0.022215965235724736,0.03152613401391298,0.0,-0.11683073286795813,Stadtbild-Debatte
merz stadt+bild+-+debatte,1.999733316684256,0.16751396743781025,0.022215965235724736,0.03152613401391298,0.0,-0.11683073286795813,merz stadt+bild+-+debatte
Für,7.67682194081341,-1.1776778542776674,-0.008906178065072925,0.35615652331312425,0.0,-0.013693014019148067,Für
Landtagswahl,4.331750013238399,-0.6054438230158566,0.26572287083113383,-0.741431656439754,0.0,-0.889788523321625,Landtagswahl
für land+tag+s+wahl,2.1965687319757476,0.07363132191573687,0.06708746767922634,-0.06235651150816041,0.0,-0.21071337839003162,für land+tag+s+wahl
nennt,2.505730705459213,-0.05805259333802755,0.12063077354880673,-0.19404042676192487,0.0,-0.34239729364379584,nennt
land+tag+s+wahl nenn+t,2.505730705459213,-0.05805259333802755,0.12063077354880673,-0.19404042676192487,0.0,-0.34239729364379584,land+tag+s+wahl nenn+t
nenn+t hagel,3.0181566702340827,-0.24411847348890728,0.18162194495603287,-0.3801063069128046,0.0,-0.5284631737946757,nenn+t hagel
Deutschlandk…,2.3401271897358793,0.010322514968658762,0.0940679418028423,-0.12566531845523865,0.0,-0.2740221853371098,Deutschlandk…
hagel deutschlandk…,2.3401271897358793,0.010322514968658762,0.0940679418028423,-0.12566531845523865,0.0,-0.2740221853371098,hagel deutschlandk…
deutschlandk… manuel,2.4639291078881245,-0.04122947665898141,0.11432669130334464,-0.1772173100828789,0.0,-0.32557417696474983,deutschlandk… manuel
Land,2.1965687319757476,0.07363132191573687,0.06708746767922634,-0.06235651150816041,0.0,-0.21071337839003162,Land
wirtschaft land,2.1965687319757476,0.07363132191573687,0.06708746767922634,-0.06235651150816041,0.0,-0.21071337839003162,wirtschaft land
Stadtbild-Deb…,1.797642191260512,0.2740518849518639,-0.03708330627748276,0.1380640515279665,0.0,-0.010292815353904583,Stadtbild-Deb…
merz stadtbild-deb…,1.797642191260512,0.2740518849518639,-0.03708330627748276,0.1380640515279665,0.0,-0.010292815353904583,merz stadtbild-deb…
+139,1.788449399746445,0.279178810138846,-0.04019545880888073,0.14319097671494863,0.0,-0.005165890166922347,+139
stadtbild-deb… +139,1.788449399746445,0.279178810138846,-0.04019545880888073,0.14319097671494863,0.0,-0.005165890166922347,stadtbild-deb… +139
+139 char+s,1.7857990281809137,0.2806618475408304,-0.04110048964798118,0.14467401411693306,0.0,-0.003682852764938046,+139 char+s
Busfahrer,4.488655375737361,2.0668891839499204,-0.5292951049972754,0.8566516741887629,0.0,-0.9253700888779302,Busfahrer
hören,2.6949082456224525,1.829227757514827,-0.44031492622080975,0.7203470894470823,0.0,-0.41518106048682774,hören
bus+fahrer hör+en,2.6949082456224525,1.829227757514827,-0.44031492622080975,0.7203470894470823,0.0,-0.41518106048682774,bus+fahrer hör+en
selten,4.1193343854329765,2.0420465103326775,-0.5222394916118774,0.8432666782856612,0.0,-0.8395084962326383,selten
hör+en selten,2.764325967482126,1.8270506945049243,-0.42733754130695634,0.7138921505266748,0.0,-0.44061373505096735,hör+en selten
freundliche,2.9080789139764303,1.8059341497805466,-0.3875245666024366,0.687473706023354,0.0,-0.491309599015468,freundliche
selten freundlich+e,2.9080789139764303,1.8059341497805466,-0.3875245666024366,0.687473706023354,0.0,-0.491309599015468,selten freundlich+e
Worte,2.876493642429404,1.8753017498317868,-0.4584688180225886,0.7468018411368158,0.0,-0.4803889699996748,Worte
freundlich+e wort+e,2.876493642429404,1.8753017498317868,-0.4584688180225886,0.7468018411368158,0.0,-0.4803889699996748,freundlich+e wort+e
Busfahrerinnen,3.998911389533402,2.0114455610786455,-0.49292306459892515,0.8192888227874074,0.0,-0.8098390743196714,Busfahrerinnen
wort+e bus+fahrer+in+nen,2.8701412621649847,1.9114705568866066,-0.4981034849726198,0.7773901268413697,0.0,-0.4781781516834714,wort+e bus+fahrer+in+nen
bus+fahrer+in+nen bus+fahrer,3.776728578836339,1.9724753448205363,-0.46481399627823816,0.7915194458344562,0.0,-0.7526750824311813,bus+fahrer+in+nen bus+fahrer
bus+fahrer selten,2.764325967482126,1.8270506945049243,-0.42733754130695634,0.7138921505266748,0.0,-0.44061373505096735,bus+fahrer selten
Blitzableiter,5.031651502868806,2.2712235404994625,-0.8457153641962071,1.0321368075134583,0.0,-1.0395651636698489,Blitzableiter
selten blitz+ab+leiter,5.031651502868806,2.2712235404994625,-0.8457153641962071,1.0321368075134583,0.0,-1.0395651636698489,selten blitz+ab+leiter
Fahrgäste,3.2478283767720937,2.0665917541661334,-0.6446341416131665,0.8926547155070289,0.0,-0.6018034840962772,Fahrgäste
blitz+ab+leiter fahr+gast+e,3.2478283767720937,2.0665917541661334,-0.6446341416131665,0.8926547155070289,0.0,-0.6018034840962772,blitz+ab+leiter fahr+gast+e
vieles,2.8209496346075214,1.9601841849791488,-0.5632104394068334,0.8210957378140904,0.0,-0.46089048098001106,vieles
sie viele+s,2.8209496346075214,1.9601841849791488,-0.5632104394068334,0.8210957378140904,0.0,-0.46089048098001106,sie viele+s
verantwortlich,2.7571442705718963,1.9399005489009173,-0.549178004971275,0.8077284962499798,0.0,-0.43801236235472596,verantwortlich
viele+s verantwortlich,2.7571442705718963,1.9399005489009173,-0.549178004971275,0.8077284962499798,0.0,-0.43801236235472596,viele+s verantwortlich
gemacht,2.6513506504300417,1.9028263776543768,-0.5246466707588568,0.7835781668647727,0.0,-0.39888609241993533,gemacht
verantwortlich ge+mach+t,2.6513506504300417,1.9028263776543768,-0.5246466707588568,0.7835781668647727,0.0,-0.39888609241993533,verantwortlich ge+mach+t
öffentlichen,2.568012542172938,1.8700868186545307,-0.5041217115782499,0.7625830265478375,0.0,-0.3669491726961918,öffentlichen
ge+mach+t öffentlich+en,2.568012542172938,1.8700868186545307,-0.5041217115782499,0.7625830265478375,0.0,-0.3669491726961918,ge+mach+t öffentlich+en
Verkehr,2.51451671064398,1.8471511519954673,-0.49034488981039503,0.7480751714524911,0.0,-0.3458975251769337,Verkehr
öffentlich+en verkehr,2.51451671064398,1.8471511519954673,-0.49034488981039503,0.7480751714524911,0.0,-0.3458975251769337,öffentlich+en verkehr
unzureichend,2.444459202703349,1.8105518139282595,-0.46769691675886493,0.7246014148334067,0.0,-0.317640816330097,unzureichend
verkehr un+zureichend,2.444459202703349,1.8105518139282595,-0.46769691675886493,0.7246014148334067,0.0,-0.317640816330097,verkehr un+zureichend
funktioniert,2.4209698691894967,1.788970063903552,-0.4519218065609973,0.7096564196016427,0.0,-0.3079851351298185,funktioniert
un+zureichend funktionier+t,2.4209698691894967,1.788970063903552,-0.4519218065609973,0.7096564196016427,0.0,-0.3079851351298185,un+zureichend funktionier+t
Mit,4.578417833675257,1.1214776250599263,-0.10090009845573789,0.048808872440161,0.0,-0.12958988685295747,Mit
Kampagne,2.3904660871941656,1.751465751358619,-0.4242393374649751,0.683268653969509,0.0,-0.2953052653494429,Kampagne
mit kampagne,2.3904660871941656,1.751465751358619,-0.4242393374649751,0.683268653969509,0.0,-0.2953052653494429,mit kampagne
Wirtschaftskammer,2.378993175037993,1.7235950636307915,-0.40279746656874205,0.662952159853533,0.0,-0.2904942653368908,Wirtschaftskammer
kampagne wirtschaft+s+kammer,2.378993175037993,1.7235950636307915,-0.40279746656874205,0.662952159853533,0.0,-0.2904942653368908,kampagne wirtschaft+s+kammer
Druck,2.3851847567295756,1.685494069626126,-0.3709780745541561,0.6333513019270285,0.0,-0.2930934903306267,Druck
wirtschaft+s+kammer druck,2.3851847567295756,1.685494069626126,-0.3709780745541561,0.6333513019270285,0.0,-0.2930934903306267,wirtschaft+s+kammer druck
druck der,2.4120141647314943,1.6552219056608604,-0.3430907973845915,0.6077797133725503,0.0,-0.30427905431278324,druck der
der bus+fahrer+in+nen,3.003949695216991,1.787394145148234,-0.35926167441854484,0.666495344248256,0.0,-0.5237448906852555,der bus+fahrer+in+nen
halten,3.62403593382402,1.20470541705144,-0.15331593847158978,0.16830140609573688,0.0,-0.09330688445896321,halten
bus+fahrer halt+en,2.4051426016368826,1.6146845250775437,-0.31574908662280127,0.5782805141218407,0.0,-0.3014260984764992,bus+fahrer halt+en
Mobilität,2.344533881506736,1.6271038811588696,-0.335806609513926,0.5941319651138439,0.0,-0.27590351378482175,Mobilität
halt+en mobilität,2.344533881506736,1.6271038811588696,-0.335806609513926,0.5941319651138439,0.0,-0.27590351378482175,halt+en mobilität
Tirol,2.3014876932217736,1.6308959129580145,-0.34713946295395065,0.6018405783273124,0.0,-0.2573726398317548,Tirol
mobilität tirol,2.3014876932217736,1.6308959129580145,-0.34713946295395065,0.6018405783273124,0.0,-0.2573726398317548,mobilität tirol
Laufen,2.279643062799575,1.6306639014796274,-0.35152426902868106,0.6042375966673575,0.0,-0.2478357821638783,Laufen
tirol lauf+en,2.279643062799575,1.6306639014796274,-0.35152426902868106,0.6042375966673575,0.0,-0.2478357821638783,tirol lauf+en
unverzichtbar,2.247542831972422,1.6272745293516206,-0.35597835854357945,0.605644312140367,0.0,-0.23365444764602544,unverzichtbar
sie un+verzicht+bar,2.247542831972422,1.6272745293516206,-0.35597835854357945,0.605644312140367,0.0,-0.23365444764602544,sie un+verzicht+bar
Alltag,2.2287350614311014,1.6144692141148627,-0.35101166870142525,0.5987453346161109,0.0,-0.22525109036250401,Alltag
un+verzicht+bar alltag,2.2287350614311014,1.6144692141148627,-0.35101166870142525,0.5987453346161109,0.0,-0.22525109036250401,un+verzicht+bar alltag
Arbeit,2.235871624765906,1.5950504719290208,-0.33602303671208744,0.5839322277906691,0.0,-0.2284480436059526,Arbeit
alltag arbeit,2.235871624765906,1.5950504719290208,-0.33602303671208744,0.5839322277906691,0.0,-0.2284480436059526,alltag arbeit
arbeit selten,2.2472408422205863,1.5796702627175254,-0.3232868973370708,0.571518949020285,0.0,-0.23352007421487495,arbeit selten
geschätzt,2.2581737844447898,1.568977448959669,-0.3140038165424609,0.5625209176657741,0.0,-0.23837332950423745,geschätzt
selten ge+schätz+t,2.2581737844447898,1.568977448959669,-0.3140038165424609,0.5625209176657741,0.0,-0.23837332950423745,selten ge+schätz+t
sehen,5.234125555102107,0.6935021167772241,-0.20070290756023199,0.4104650564248106,0.0,0.13408057495148185,sehen
bus+fahrer seh+en,2.3020194493202526,1.5149151498190596,-0.2719266501463207,0.5187816636416825,0.0,-0.25760366200001866,bus+fahrer seh+en
+1759,2.23261224582099,1.5348421631036446,-0.2978270585656946,0.5419506801616628,0.0,-0.2269892134446008,+1759
seh+en +1759,2.23261224582099,1.5348421631036446,-0.2978270585656946,0.5419506801616628,0.0,-0.2269892134446008,seh+en +1759
+1759 chars,2.215704456289461,1.538284236896654,-0.3035360498497055,0.5466642396875983,0.0,-0.21938729474697186,+1759 chars
wetter gewitter,4.182508998451381,-0.5703835078802441,-0.04233845122509931,-0.7063713413041414,0.0,0.3325345780328645,wetter gewitter
Sturmböen,7.536400993990309,-1.1592169488645314,0.045090545854441305,-1.2952047822884285,0.0,0.24193044756024948,Sturmböen
gewitter sturmbö+en,4.503347084006665,-0.6442931192936169,0.008665730162420424,-0.7802809527175141,0.0,0.2400420010860593,gewitter sturmbö+en
Sachsen-Anhalt,4.4383320627022105,-0.6297508468630051,-0.005607350293864187,-0.7657386802869025,0.0,0.2687927209499908,Sachsen-Anhalt
sturmbö+en sachsen-anhalt,3.7369449554441396,-0.4577406233348903,-0.019621920852737017,-0.5937284567587877,0.0,0.25938412709862124,sturmbö+en sachsen-anhalt
möglich,5.953563646120427,-0.9234621749412656,0.013085457652737265,-1.059450008365163,0.0,0.28141675999550997,möglich
sachsen-anhalt möglich,3.3420200095280945,-0.34604761999765454,-0.03371361588366044,-0.4820354534215517,0.0,0.259793522286288,sachsen-anhalt möglich
möglich hier,2.418192849935851,-0.02249270753332999,-0.0699692488860125,-0.15848054095722722,0.0,0.22711133942038367,möglich hier
thema wetter,4.96289225900829,-0.741460890076783,-0.00834513201532801,-0.8774487235006804,0.0,0.29676188513524693,thema wetter
sie gewitter,4.182508998451381,-0.5703835078802441,-0.04233845122509931,-0.7063713413041414,0.0,0.3325345780328645,sie gewitter
heute,2.257973829283063,0.0460599220088696,-0.07936575578052908,-0.08992791141502783,0.0,0.21827803394569598,heute
sachsen-anhalt heute,2.257973829283063,0.0460599220088696,-0.07936575578052908,-0.08992791141502783,0.0,0.21827803394569598,sachsen-anhalt heute
ungemütlich,2.234232091166012,0.056630211792763764,-0.08079137590770541,-0.07935762163113362,0.0,0.21666263018134427,ungemütlich
heute un+gemütlich,2.234232091166012,0.056630211792763764,-0.08079137590770541,-0.07935762163113362,0.0,0.21666263018134427,heute un+gemütlich
Nach,2.200105782391544,0.07202235533552269,-0.08043904362374235,-0.06396547808837472,0.0,0.2090040021822873,Nach
Angaben,2.192106717631532,0.07566474449752247,-0.0792535056034307,-0.060323088926374745,0.0,0.20478714000907705,Angaben
nach angabe+n,2.192106717631532,0.07566474449752247,-0.0792535056034307,-0.060323088926374745,0.0,0.20478714000907705,nach angabe+n
Deutschen,3.110517175387258,-0.27426120925341685,-0.19238320307176535,-0.41024904267731416,0.0,0.5169800671458278,Deutschen
angabe+n deutsch+en,2.210524470756816,0.06729799299014563,-0.07578614523062654,-0.06868984043375183,0.0,0.20107629174311864,angabe+n deutsch+en
Wetterdienstes,4.586035194035691,-0.6624880611908593,-0.2501562124288891,0.5507670636279685,0.0,0.36492331995865185,Wetterdienstes
deutsch+en wetter+dienst+es,3.2214579069189133,-0.3093062257634554,-0.21432921157802348,-0.4452940591873527,0.0,0.5550584791700527,deutsch+en wetter+dienst+es
wetter+dienst+es dwd,3.559247323103818,-0.4090212989667641,-0.28372404489856845,-0.5450091323906615,0.0,0.6594816453651554,wetter+dienst+es dwd
Morgen,4.672864765327812,-0.6812445262672597,-0.003189063640319969,-0.817232359691157,0.0,0.2741228585797163,Morgen
dwd morgen,2.444517981261207,-0.03332016136373154,-0.04956605617315732,-0.16930799478762876,0.0,0.18665524649794243,dwd morgen
morgen bewölk+t,2.53966367902987,-0.07150386498363552,-0.03591866875639657,-0.20749169840753293,0.0,0.17099514683007247,morgen bewölk+t
regnerisch,2.686374306300742,-0.1276646454853555,-0.02317669164297329,-0.26365247890925286,0.0,0.1632969666904146,regnerisch
bewölk+t regnerisch,2.686374306300742,-0.1276646454853555,-0.02317669164297329,-0.26365247890925286,0.0,0.1632969666904146,bewölk+t regnerisch
Gewittern,12.956017670066963,-1.7010325677110933,-0.01230829828534955,-0.9176553775773933,0.0,0.34840047050725403,Gewittern
tag+es+verlauf gewitter+n,4.063375280720537,-0.5414861807157675,-0.060473796333091884,-0.6774740141396648,0.0,0.36143190519734086,tag+es+verlauf gewitter+n
kommen,4.858932770185361,-0.7202910217368153,-0.2148890931387877,0.9590307658969882,0.0,0.02669333341122693,kommen
gewitter+n komm+en,3.012817894855464,-0.2423480210635048,-0.07116573741456862,-0.37833585448740215,0.0,0.306441477449452,gewitter+n komm+en
Harz,2.688823366814142,-0.12857589036668066,-0.07608304126306309,-0.26456372379057796,0.0,0.2795298758627456,Harz
seien,2.602253427135512,-0.09584997495281998,-0.07772535769857765,-0.23183780837671736,0.0,0.27129154960346535,seien
harz sei,2.602253427135512,-0.09584997495281998,-0.07772535769857765,-0.23183780837671736,0.0,0.27129154960346535,harz sei
sogar,2.5220190479943283,-0.06453199279878677,-0.07942933451794185,-0.2005198262226842,0.0,0.26324414777779004,sogar
sei sogar,2.5220190479943283,-0.06453199279878677,-0.07942933451794185,-0.2005198262226842,0.0,0.26324414777779004,sei sogar
+433,2.423286175785093,-0.02459674545281102,-0.08182320199124432,-0.16058457887670838,0.0,0.2527929829711457,+433
sogar +433,2.423286175785093,-0.02459674545281102,-0.08182320199124432,-0.16058457887670838,0.0,0.2527929829711457,sogar +433
+433 char+s,2.3846320290317338,-0.008517029466689231,-0.08286577629490795,-0.14450486289058653,0.0,0.24853595081940139,+433 char+s
wetter sturmbö+en,2.994589820412811,-0.23627946995211366,-0.044415031498632386,-0.37226730337601116,0.0,0.24961512798215071,wetter sturmbö+en
sturmbö+en gewitter,6.6335914487152365,-1.0316185567228142,-0.002556902126720612,-1.1676063901467115,0.0,0.3302973251612704,sturmbö+en gewitter
gewitter hessen,4.5051908101503395,-0.644702447908555,-0.018586656688994913,-0.7806902813324524,0.0,0.29962367604580836,gewitter hessen
erwartet,4.017282071470127,-0.5300777748977152,-0.026060441294739747,-0.6660656083216124,0.0,0.2905710188585598,erwartet
hessen erwart+et,4.017282071470127,-0.5300777748977152,-0.026060441294739747,-0.6660656083216124,0.0,0.2905710188585598,hessen erwart+et
unbeständiges,3.6513591812129875,-0.4345716792441885,-0.03323285151159812,-0.5705595126680857,0.0,0.28255307118932316,unbeständiges
erwart+et un+beständig+es,3.6513591812129875,-0.4345716792441885,-0.03323285151159812,-0.5705595126680857,0.0,0.28255307118932316,erwart+et un+beständig+es
un+beständig+es wetter,3.5833349390744003,-0.41576611657015355,-0.03076969810034719,-0.5517539499940507,0.0,0.2725126958059645,un+beständig+es wetter
wetter hier,2.4155856138555887,-0.021413950468796406,-0.07419383715668298,-0.1574017838926938,0.0,0.2356390298172942,wetter hier
sie sturmbö+en,2.994589820412811,-0.23627946995211366,-0.044415031498632386,-0.37226730337601116,0.0,0.24961512798215071,sie sturmbö+en
stürmisch,2.2927417642074763,0.03077941910091867,-0.0799373703621237,-0.10520841432297874,0.0,0.22610879194019076,stürmisch
hessen stürmisch,2.2927417642074763,0.03077941910091867,-0.0799373703621237,-0.10520841432297874,0.0,0.22610879194019076,hessen stürmisch
Laut,2.758404486107305,-0.15412463038082574,-0.050746847708482645,-0.29011246380472316,0.0,0.23563088112659372,Laut
Deutschem,3.3286285135573714,-0.34203256391596454,-0.03487123711651061,-0.47802039733986185,0.0,0.2611297679534851,Deutschem
laut deutsch+em,3.3286285135573714,-0.34203256391596454,-0.03487123711651061,-0.47802039733986185,0.0,0.2611297679534851,laut deutsch+em
deutsch+em wetter+dienst,3.251716498735197,-0.31865521292558785,-0.03695781962799659,-0.45464304634948527,0.0,0.258849959944175,deutsch+em wetter+dienst
Freitagnachmittag,2.1569883217234325,0.09181484418587718,-0.07762719344216261,-0.04417298923802006,0.0,0.1937602754146966,Freitagnachmittag
dwd freitag+nachmittag,2.1569883217234325,0.09181484418587718,-0.07762719344216261,-0.04417298923802006,0.0,0.1937602754146966,dwd freitag+nachmittag
verbreitet,2.149646577024277,0.0952243516012588,-0.07086736990205773,-0.040763481822638455,0.0,0.17715838282731483,verbreitet
freitag+nachmittag verbreit+et,2.149646577024277,0.0952243516012588,-0.07086736990205773,-0.040763481822638455,0.0,0.17715838282731483,freitag+nachmittag verbreit+et
Windböen,2.1550686672900734,0.09270521022930728,-0.06450644013191696,-0.04328262319459003,0.0,0.16396707056845342,Windböen
verbreit+et windbö+en,2.1550686672900734,0.09270521022930728,-0.06450644013191696,-0.04328262319459003,0.0,0.16396707056845342,verbreit+et windbö+en
Kilometer,3.2720425825327846,-0.32488663542823326,-0.10229669869403978,0.3815744935463169,0.0,0.14012376908128427,Kilometer
windbö+en kilo+meter,2.191886135983175,0.07576537497567715,-0.04782874224291348,-0.06022245844822017,0.0,0.13317598052274235,windbö+en kilo+meter
kilo+meter pro,2.271949899257346,0.03988934821653497,-0.023092388412386217,-0.09609848520736228,0.0,0.08948819370164389,kilo+meter pro
pro stunde,2.3574122792357004,0.0029632718478398846,-0.0011168314605384674,-0.13302456157605752,0.0,0.049596548909903136,pro stunde
stunde möglich,2.277836551180164,0.03730168601669662,-0.018520613467217638,-0.09868614740720069,0.0,0.07894549604490379,stunde möglich
höheren,2.15408155990354,0.09316335503826291,-0.048772136200499104,-0.04282447838563446,0.0,0.1267948031070246,höheren
möglich hoch+er+en,2.15408155990354,0.09316335503826291,-0.048772136200499104,-0.04282447838563446,0.0,0.1267948031070246,möglich hoch+er+en
Lagen,2.1151982726632053,0.1113792434046793,-0.05816948270814194,-0.024608590019218137,0.0,0.14001112942269994,Lagen
hoch+er+en lieg+en,2.1151982726632053,0.1113792434046793,-0.05816948270814194,-0.024608590019218137,0.0,0.14001112942269994,hoch+er+en lieg+en
deutlich,2.0791559068381398,0.12856580012078622,-0.06649036206596681,-0.007422033303111112,0.0,0.15072160163154416,deutlich
lieg+en deutlich,2.0791559068381398,0.12856580012078622,-0.06649036206596681,-0.007422033303111112,0.0,0.15072160163154416,lieg+en deutlich
stärkere,2.057328603763067,0.13911945050272967,-0.07124938928486536,0.003131617078832144,0.0,0.15628741227625018,stärkere
deutlich stark+er+e,2.057328603763067,0.13911945050272967,-0.07124938928486536,0.003131617078832144,0.0,0.15628741227625018,deutlich stark+er+e
Exponiert,2.0377425364427686,0.14868520210954128,-0.07529646549580454,0.012697368685643995,0.0,0.16060743737718397,Exponiert
+1037,2.0155494212434584,0.15963597358745704,-0.07959976831075775,0.023648140163559612,0.0,0.16468535389827937,+1037
exponier+t +1037,2.0155494212434584,0.15963597358745704,-0.07959976831075775,0.023648140163559612,0.0,0.16468535389827937,exponier+t +1037
+1037 chars,2.00735272851158,0.16371099394314137,-0.08111019874919717,0.027723160519243915,0.0,0.16596810479077506,+1037 chars
Deutscher,2.1983307938850882,0.07282945511837886,-0.06617637950557548,-0.06315837830551851,0.0,0.17722984197148195,Deutscher
deutsch+er wetter+dienst,2.2440057722288214,0.052265237497469086,-0.058671281822680964,-0.08372259592642822,0.0,0.16976994190240344,deutsch+er wetter+dienst
wetter+dienst sturmbö+en,2.352226840954843,0.00516532607912688,-0.038354406742398005,-0.1308225073447705,0.0,0.14377981501646492,wetter+dienst sturmbö+en
sturmbö+en regen,2.4747126862401676,-0.04559650546540628,-0.018716988476067082,-0.1815843388893039,0.0,0.11837510340499167,sturmbö+en regen
Herbst,3.0503285230839983,-0.2547214998562095,-0.0030195285299692088,-0.3907093332801067,0.0,0.1611406359963997,Herbst
regen herbst,2.4011751244764996,-0.015430455271147706,-0.04371110931277903,-0.15141828869504517,0.0,0.16557157601430467,regen herbst
bringt,5.515430532615825,-0.8470219179602289,0.030014757391123435,-0.9830097513841263,0.0,0.2302196796349514,bringt
herbst bring+t,2.3878924630890115,-0.009883364859999598,-0.054527681954172354,-0.14587119828389675,0.0,0.18798363537897328,herbst bring+t
ungemütliches,2.3940571899078154,-0.012461698251735374,-0.06147549099224705,-0.1484495316756327,0.0,0.20455816783103764,ungemütliches
bring+t un+gemütlich+es,2.3940571899078154,-0.012461698251735374,-0.06147549099224705,-0.1484495316756327,0.0,0.20455816783103764,bring+t un+gemütlich+es
un+gemütlich+es wetter,2.2440057722288214,0.052265237497469086,-0.058671281822680964,-0.08372259592642822,0.0,0.16976994190240344,un+gemütlich+es wetter
Orkanartige,2.5109808809938268,-0.060145668596938845,-0.06695221060765943,-0.19613350202083618,0.0,0.23560325353558725,Orkanartige
wetter orkanartige,2.5109808809938268,-0.060145668596938845,-0.06695221060765943,-0.19613350202083618,0.0,0.23560325353558725,wetter orkanartige
Böen,3.7354985978893467,-0.4573535056370362,-0.022073026251809038,-0.5933413390609336,0.0,0.26459494026467884,Böen
orkanartige böen,2.6783838989876494,-0.12468579241651379,-0.058830205850447174,-0.26067362584041104,0.0,0.24245573213977148,orkanartige böen
kräftiger,3.325095468246686,-0.34097058850117656,-0.018206706354762577,-0.4769584219250741,0.0,0.2242344383614592,kräftiger
böen kräftig+er,2.8061695068903147,-0.17129259113447964,-0.05289438531334349,-0.30728042455837695,0.0,0.24620261871918495,böen kräftig+er
kräftig+er regen,2.4747126862401676,-0.04559650546540628,-0.018716988476067082,-0.1815843388893039,0.0,0.11837510340499167,kräftig+er regen
gewitter der,3.110182883620013,-0.2741537320356133,-0.05071011364718108,-0.4101415654595104,0.0,0.2746357664773435,gewitter der
der deutsch+e,2.1983307938850882,0.07282945511837886,-0.06617637950557548,-0.06315837830551851,0.0,0.17722984197148195,der deutsch+e
warnt,2.518144740583558,-0.06299461888144174,-0.06982295007470266,-0.19898245230533895,0.0,0.24276645371719058,warnt
wetter+dienst warn+t,2.518144740583558,-0.06299461888144174,-0.06982295007470266,-0.19898245230533895,0.0,0.24276645371719058,wetter+dienst warn+t
stürmischen,2.423535247843436,-0.024699522938009186,-0.07384172035853122,-0.16068735636190642,0.0,0.23621624709309327,stürmischen
warn+t stürmisch+en,2.423535247843436,-0.024699522938009186,-0.07384172035853122,-0.16068735636190642,0.0,0.23621624709309327,warn+t stürmisch+en
stürmisch+en tag+en,2.354827850067393,0.004060172411699478,-0.07364632838244455,-0.13192766101219783,0.0,0.22403558027337325,stürmisch+en tag+en
Wochenende,2.314071674784131,0.021519194747569744,-0.0661164448215379,-0.11446863867632757,0.0,0.20027152621660865,Wochenende
tag+en woche+n+ende,2.314071674784131,0.021519194747569744,-0.0661164448215379,-0.11446863867632757,0.0,0.20027152621660865,tag+en woche+n+ende
woche+n+ende bleib+t,2.3097128598960874,0.023404583716946363,-0.05724242558898018,-0.11258324970695083,0.0,0.17961222014809342,woche+n+ende bleib+t
bleib+t wechselhaft,2.3354030915251114,0.01234329102363886,-0.04273355526176412,-0.12364454240025863,0.0,0.15095777996097687,bleib+t wechselhaft
kühl,2.4004925140121496,-0.015146133022986839,-0.016753096651251166,-0.15113396644688407,0.0,0.09961993186499392,kühl
wechselhaft kühl,2.4004925140121496,-0.015146133022986839,-0.016753096651251166,-0.15113396644688407,0.0,0.09961993186499392,wechselhaft kühl
der herbst,2.2669815042943866,0.04207858462730367,-0.04559319564172139,-0.09390924879659374,0.0,0.14402401585612293,der herbst
herbst zeig+t,2.2200385635348137,0.06300323075415183,-0.05520239725489655,-0.07298460266974545,0.0,0.15674384343891873,herbst zeig+t
ungemütliche,2.185843530110668,0.07852598843103004,-0.0570199475511312,-0.057461844992867266,0.0,0.15354939970892856,ungemütliche
zeig+t un+gemütlich+e,2.185843530110668,0.07852598843103004,-0.0570199475511312,-0.057461844992867266,0.0,0.15354939970892856,zeig+t un+gemütlich+e
un+gemütlich+e seite,2.242861812814674,0.05277515200564301,-0.03615005328688471,-0.08321268141825439,0.0,0.1160247332493087,un+gemütlich+e seite
Donnerstag,7.4132796162900245,-1.1427451372348818,0.07970815158499837,0.016077548748097293,0.0,-0.12818592440983384,Donnerstag
seite donnerstag,2.4572984668519884,-0.038534764842555476,0.018015939542977696,-0.17452259826645283,0.0,0.01646976659326852,seite donnerstag
zieht,3.68036066354065,-0.4424829563263479,0.00941190496858563,-0.5784707897502451,0.0,0.18900799564301343,zieht
donnerstag zieh+t,2.2110795721095284,0.06704690702665933,-0.038047469101327544,-0.06894092639723783,0.0,0.11368018408872267,donnerstag zieh+t
zieh+t kräftig+er,2.1441423836367646,0.09778814616726203,-0.054161907655348306,-0.03819968725663536,0.0,0.13736731909819724,zieh+t kräftig+er
Sturm,4.13520970498515,-0.559010244368223,-0.05290130685354556,0.08194519049456987,0.0,0.17670319488707897,Sturm
kräftig+er sturm,2.104555960685693,0.11642329760921044,-0.0632755374695458,-0.019564535814686826,0.0,0.1494155666272142,kräftig+er sturm
Deutschland,4.838036378340656,-0.7159811340037036,0.16651532618116743,-0.8519689674276008,0.0,-0.23003105966069942,Deutschland
sturm deutschland,2.077292074097423,0.1294626393807469,-0.06884344299185136,-0.006525194043150446,0.0,0.15568850497396391,sturm deutschland
Dabei,2.65718251301551,-0.11673855835653114,0.0672134255542163,-0.2527263917804286,0.0,-0.09793727835744284,Dabei
dabei windig,2.148507031128821,0.09575460064586935,-0.04128122340560234,-0.04023323277802804,0.0,0.10716832360843767,dabei windig
nass,2.232486059342834,0.05741200811537759,-0.017044313028347295,-0.0785758253085198,0.0,0.06485657647333785,nass
windig nass,2.232486059342834,0.05741200811537759,-0.017044313028347295,-0.0785758253085198,0.0,0.06485657647333785,windig nass
spürbar,2.246712823424048,0.051059616853261415,-0.01183388717759094,-0.0849282165706359,0.0,0.05423781589234767,spürbar
nass spür+bar,2.246712823424048,0.051059616853261415,-0.01183388717759094,-0.0849282165706359,0.0,0.05423781589234767,nass spür+bar
kühler,3.3247729507307255,-0.340873588832644,0.016141986286523864,-0.4768614222565414,0.0,0.14211517604956383,kühler
spür+bar kühl+er,2.140397941148494,0.09953603189489292,-0.0388216545617693,-0.036451801529004305,0.0,0.099085873241064,spür+bar kühl+er
kühl+er deutsch+e,2.059045062192602,0.13828548416813083,-0.060215487739366996,0.0022976507442336236,0.0,0.13099944683577208,kühl+er deutsch+e
mitteilte…,1.9976281587459142,0.16856724127651634,-0.07541048292814093,0.0325794078526191,0.0,0.15049061591541157,mitteilte…
dwd mitteilte…,1.9976281587459142,0.16856724127651634,-0.07541048292814093,0.0325794078526191,0.0,0.15049061591541157,dwd mitteilte…
+2240,1.9809660921978127,0.17694314638708847,-0.07917303067731514,0.04095531296319118,0.0,0.1546364031596926,+2240
mitteilte… +2240,1.9809660921978127,0.17694314638708847,-0.07917303067731514,0.04095531296319118,0.0,0.1546364031596926,mitteilte… +2240
+2240 char+s,1.9737403580063444,0.18059739598726007,-0.08074249463046,0.04460956256336284,0.0,0.1562546376237128,+2240 char+s
orkanartige,3.1072562678357825,-0.27321231035730237,-0.0285603633877918,-0.40920014378119973,0.0,0.22673238527211395,orkanartige
gewitter orkan+artig+e,3.1072562678357825,-0.27321231035730237,-0.0285603633877918,-0.40920014378119973,0.0,0.22673238527211395,gewitter orkan+artig+e
orkan+artig+e böe+n,2.719482684117819,-0.1399138751078976,-0.05266541666191937,-0.2759017085317949,0.0,0.23472410552103196,orkan+artig+e böe+n
100,2.4901563868441783,-0.05181771701682757,-0.06583237797808218,-0.18780555044072483,0.0,0.22997075466590255,100
böe+n 100,2.4901563868441783,-0.05181771701682757,-0.06583237797808218,-0.18780555044072483,0.0,0.22997075466590255,böe+n 100
km/h,2.4519166066648284,-0.036342209714054455,-0.06802670241254391,-0.1723300431379519,0.0,0.22853403819508228,km/h
100 km/h,2.4519166066648284,-0.036342209714054455,-0.06802670241254391,-0.1723300431379519,0.0,0.22853403819508228,100 km/h
Sturmtief,2.847680310978075,-0.18597693944126986,-0.036904116033527265,-0.32196477286516734,0.0,0.21641017741403523,Sturmtief
km/h sturm+tief,2.4103647683031473,-0.019250294742668754,-0.07042141189212622,-0.15523812816656626,0.0,0.2267600088978506,km/h sturm+tief
Joshua,2.8245062107163026,-0.17780575920449584,-0.028103976806304047,-0.31379359262839335,0.0,0.19357856466902176,Joshua
sturm+tief joshua,2.8245062107163026,-0.17780575920449584,-0.028103976806304047,-0.31379359262839335,0.0,0.19357856466902176,sturm+tief joshua
wütet,2.8301629062128915,-0.17980647658213036,-0.018886286266272683,-0.3157943100060277,0.0,0.1727586992476708,wütet
joshua wüt+et,2.8301629062128915,-0.17980647658213036,-0.018886286266272683,-0.3157943100060277,0.0,0.1727586992476708,joshua wüt+et
wüt+et deutschland,2.8963040459582117,-0.20290765980873438,0.0032159168087415014,-0.3388954932326317,0.0,0.12705550528635887,wüt+et deutschland
sorgt,3.7773158404801093,-0.46848586483437127,0.04488288731182089,-0.6044736982582686,0.0,0.10605073848702443,sorgt
deutschland sorg+t,3.040380568052775,-0.2514548969932805,0.03837751195307684,-0.38744273041717786,0.0,0.05109921764705141,deutschland sorg+t
Sturmflutwarnungen,2.7929036098034077,-0.16655397756983212,1.399165032666655e-05,-0.30254181099372945,0.0,0.12130687241794177,Sturmflutwarnungen
sorg+t sturm+flut+warnung+en,2.7929036098034077,-0.16655397756983212,1.399165032666655e-05,-0.30254181099372945,0.0,0.12130687241794177,sorg+t sturm+flut+warnung+en
kühle,2.964725076176171,-0.2262565076580975,0.04127236626224687,-0.3622443410819948,0.0,0.032896922993535846,kühle
sturm+flut+warnung+en kühl+e,2.964725076176171,-0.2262565076580975,0.04127236626224687,-0.3622443410819948,0.0,0.032896922993535846,sturm+flut+warnung+en kühl+e
Temperaturen,2.7913776421722885,-0.16600745507204015,0.01325105550856523,-0.3019952884959374,0.0,0.08657628622501908,Temperaturen
kühl+e temperatur+en,2.7913776421722885,-0.16600745507204015,0.01325105550856523,-0.3019952884959374,0.0,0.08657628622501908,kühl+e temperatur+en
Wälder,2.8309210300340513,-0.18007431356678905,0.02597777245991354,-0.3160621469906864,0.0,0.05759910058630798,Wälder
Parks,2.912001440627292,-0.2083128276061336,0.043426475657331876,-0.34430066103003104,0.0,0.01928517470037288,Parks
wald+er park+s,2.912001440627292,-0.2083128276061336,0.043426475657331876,-0.34430066103003104,0.0,0.01928517470037288,wald+er park+s
sollten,4.752649538934975,-0.6981744627566825,0.21496737363611498,-0.8341622961805799,0.0,-0.47575912274792276,sollten
park+s soll+ten,2.74096641388239,-0.14778276656130962,0.01491181368285437,-0.28377059998520704,0.0,0.07463257344745013,park+s soll+ten
gemieden,2.6272809696472885,-0.10542166210199264,-0.005398326189042034,-0.2414094955258901,0.0,0.11039230317722333,gemieden
soll+ten ge+meid+en,2.6272809696472885,-0.10542166210199264,-0.005398326189042034,-0.2414094955258901,0.0,0.11039230317722333,soll+ten ge+meid+en
Äste,2.489481342092958,-0.05154659498261495,-0.030195236592867658,-0.1875344284065123,0.0,0.14911495342338915,Äste
ge+meid+en ast+e,2.489481342092958,-0.05154659498261495,-0.030195236592867658,-0.1875344284065123,0.0,0.14911495342338915,ge+meid+en ast+e
herunterfallen,2.467478821426548,-0.04266911183107991,-0.03401827723311165,-0.17865694525497722,0.0,0.15447054265712476,herunterfallen
ast+e herunter+fall+en,2.467478821426548,-0.04266911183107991,-0.03401827723311165,-0.17865694525497722,0.0,0.15447054265712476,ast+e herunter+fall+en
könnten,2.414827989803157,-0.02110026136438092,-0.042854386495263054,-0.1570880947882781,0.0,0.16602807426857738,könnten
herunter+fall+en könn+ten,2.414827989803157,-0.02110026136438092,-0.042854386495263054,-0.1570880947882781,0.0,0.16602807426857738,herunter+fall+en könn+ten
erklärt,2.3881364550066935,-0.009985538411323594,-0.047092296049241755,-0.14597337183522094,0.0,0.17105510743111196,erklärt
könn+ten erklär+t,2.3881364550066935,-0.009985538411323594,-0.047092296049241755,-0.14597337183522094,0.0,0.17105510743111196,könn+ten erklär+t
Meteorologe,2.374531172247004,-0.004272219392180737,-0.04856923273997177,-0.14026005281607803,0.0,0.1719773253303154,Meteorologe
erklär+t meteorologe,2.374531172247004,-0.004272219392180737,-0.04856923273997177,-0.14026005281607803,0.0,0.1719773253303154,erklär+t meteorologe
Karsten,2.3672027930075688,-0.001181204532227609,-0.04752546023746457,-0.137169037956125,0.0,0.16821245859115316,Karsten
meteorologe karsten,2.3672027930075688,-0.001181204532227609,-0.04752546023746457,-0.137169037956125,0.0,0.16821245859115316,meteorologe karsten
Brandt,2.0359198831413696,0.14958004966208324,-0.07246597230562699,0.013592216238185855,0.0,0.15368894744365982,Brandt
karsten brandt,2.0359198831413696,0.14958004966208324,-0.07246597230562699,0.013592216238185855,0.0,0.15368894744365982,karsten brandt
+66,1.914249034557414,0.21120240078321442,-0.08556987496377388,0.07521456735931711,0.0,0.15058952279949406,+66
karsten +66,1.914249034557414,0.21120240078321442,-0.08556987496377388,0.07521456735931711,0.0,0.15058952279949406,karsten +66
+66 chars,1.9113396228350863,0.21272342802571295,-0.08624721212309372,0.07673559460181574,0.0,0.15128441644602034,+66 chars
CDU-Chef,3.495465452683338,-0.3909387461028756,0.22036971916804238,-0.5269265795267728,0.0,-0.6752834464086439,CDU-Chef
cdu+-+chef baden-württemberg,1.9766307095445612,0.1791340640599242,0.016212101188365476,0.04314623063602683,0.0,-0.10521063624584423,cdu+-+chef baden-württemberg
gibt,6.359516988749357,-0.989424631853761,0.09759435585795882,-1.1254124652776583,0.0,0.07828143908270167,gibt
baden-württemberg geb+t,2.08842740625471,0.12411645189402747,0.04373321845249657,-0.01187138152986979,0.0,-0.16022824841174083,baden-württemberg geb+t
Christen,3.481655261090331,-0.3869800329904106,0.2194159938098976,-0.5229678664143079,0.0,-0.671324733296179,Christen
geb+t christ+en,2.2403617719499826,0.05389043928791458,0.0757637507093667,-0.08209739413598272,0.0,-0.23045426101785382,geb+t christ+en
christ+en manuel,4.100975210199321,-0.5506970041240555,0.2552389647098161,-0.6866848375479528,0.0,-0.8350417044298237,christ+en manuel
Politik,3.0631261548076876,-0.2589082162356314,0.18586057764695657,-0.39489604965952874,0.0,-0.5432529165413998,Politik
hagel politik,3.0631261548076876,-0.2589082162356314,0.18586057764695657,-0.39489604965952874,0.0,-0.5432529165413998,hagel politik
macht,2.7888380760861717,-0.16509725145638532,0.15754355039703788,-0.3010850848802825,0.0,-0.4494419517621538,macht
politik mach+t,2.7888380760861717,-0.16509725145638532,0.15754355039703788,-0.3010850848802825,0.0,-0.4494419517621538,politik mach+t
mach+t der,2.1208977602681935,0.10868832657944129,0.051054325563192386,-0.02729950684445603,0.0,-0.1756563737263272,mach+t der
Chef,2.220253798664253,0.06290628437672843,0.07183178284608381,-0.07308154904716879,0.0,-0.22143841592903993,Chef
der chef,2.220253798664253,0.06290628437672843,0.07183178284608381,-0.07308154904716879,0.0,-0.22143841592903993,der chef
CDU,6.463803590213658,-1.0056901381307186,0.32505763128193976,-1.141677971554616,0.0,-1.290034838436487,CDU
chef cdu,2.1998875651911396,0.07212154512211771,0.06775978005839242,-0.06386628830177953,0.0,-0.2122231551836506,chef cdu
cdu baden-württemberg,2.5793120457802368,-0.0869949170048981,0.1311423596146049,-0.22298275042879528,0.0,-0.3713396173106665,cdu baden-württemberg
nächsten,2.6342357622620165,-0.10806530917929301,0.13853930559741143,-0.24405314260319017,0.0,-0.3924100094850615,nächsten
baden-württemberg nächst+en,2.214560279993554,0.06547393284980699,0.07070263107155489,-0.07051390057409035,0.0,-0.2188707674559614,baden-württemberg nächst+en
Jahr,2.6558742187921105,-0.1162460756612084,0.14135508336109076,-0.2522339090851056,0.0,-0.40059077596697684,Jahr
nächst+en jahr,2.6558742187921105,-0.1162460756612084,0.14135508336109076,-0.2522339090851056,0.0,-0.40059077596697684,nächst+en jahr
Ministerpräsident,3.926486651726935,-0.5072172468432028,0.2464090712080877,-0.6432050802671001,0.0,-0.7915619471489713,Ministerpräsident
jahr minister+präsident,2.23438208268015,0.056563080683046475,0.07460346792069868,-0.07942475274085092,0.0,-0.22778161962272184,jahr minister+präsident
betont,2.4591361517219372,-0.039282332988215485,0.11358757226470674,-0.17527016641211277,0.0,-0.3236270332939837,betont
minister+präsident beton+t,2.4591361517219372,-0.039282332988215485,0.11358757226470674,-0.17527016641211277,0.0,-0.3236270332939837,minister+präsident beton+t
gebe,2.588720000231659,-0.0906357476963633,0.13243561310399984,-0.22662358112026057,0.0,-0.3749804480021316,gebe
beton+t geb+e,2.588720000231659,-0.0906357476963633,0.13243561310399984,-0.22662358112026057,0.0,-0.3749804480021316,beton+t geb+e
geb+e christ+en,2.8726211278699143,-0.19469710050355762,0.16685512991681478,-0.3306849339274548,0.0,-0.47904180080932596,geb+e christ+en
Politiker,2.224744100554429,0.06088589943193489,0.0727173409772841,-0.07510193399196245,0.0,-0.22345880087383346,Politiker
mach+t politiker,2.224744100554429,0.06088589943193489,0.0727173409772841,-0.07510193399196245,0.0,-0.22345880087383346,mach+t politiker
politiker manuel,2.4639291078881245,-0.04122947665898141,0.11432669130334464,-0.1772173100828789,0.0,-0.32557417696474983,politiker manuel
Christ,2.2403617719499826,0.05389043928791458,0.0757637507093667,-0.08209739413598272,0.0,-0.23045426101785382,Christ
hagel christ,2.2403617719499826,0.05389043928791458,0.0757637507093667,-0.08209739413598272,0.0,-0.23045426101785382,hagel christ
Gespräch,3.2619022519821126,-0.32178274063002854,0.20301172352495064,-0.45777057405392585,0.0,-0.606127440935797,Gespräch
katholi…,1.9839081777828425,0.17545907101688277,0.018122351120977327,0.039471237592985486,0.0,-0.10888562928888557,katholi…
gespräch katholi…,1.9839081777828425,0.17545907101688277,0.018122351120977327,0.039471237592985486,0.0,-0.10888562928888557,gespräch katholi…
Redaktion,1.953914148381888,0.1906931811387234,0.010133513245986487,0.05470534771482624,0.0,-0.09365151916704488,Redaktion
katholi… redaktion,1.953914148381888,0.1906931811387234,0.010133513245986487,0.05470534771482624,0.0,-0.09365151916704488,katholi… redaktion
redaktion freitag,1.9180527731828343,0.20921730667250443,0.000164882220167773,0.07322947324860712,0.0,-0.07512739363326403,redaktion freitag
24.,1.899728910785239,0.21881659999033448,-0.00511411853758972,0.08282876656643726,0.0,-0.06552810031543375,24.
freitag 24.,1.899728910785239,0.21881659999033448,-0.00511411853758972,0.08282876656643726,0.0,-0.06552810031543375,freitag 24.
24. oktober,1.8924717904247645,0.22264399721499528,-0.007240977788859853,0.08665616379109786,0.0,-0.06170070309077329,24. oktober
2025,1.8792993304962418,0.2296287866204068,-0.011155228134775236,0.0936409531965095,0.0,-0.05471591368536147,2025
oktober 2025,1.8792993304962418,0.2296287866204068,-0.011155228134775236,0.0936409531965095,0.0,-0.05471591368536147,oktober 2025
9:00,1.8704233376263335,0.23436300844613744,-0.013832667682446082,0.09837517502224026,0.0,-0.04998169185963097,9:00
2025 9:00,1.8704233376263335,0.23436300844613744,-0.013832667682446082,0.09837517502224026,0.0,-0.04998169185963097,2025 9:00
Uhr,1.863587607384016,0.23802434633683414,-0.015917004250850627,0.1020365129129367,0.0,-0.046320353968934184,Uhr
9:00 uhr,1.863587607384016,0.23802434633683414,-0.015917004250850627,0.1020365129129367,0.0,-0.046320353968934184,9:00 uhr
Hagel…,3.0181566702340827,-0.24411847348890728,0.18162194495603287,-0.3801063069128046,0.0,-0.5284631737946757,Hagel…
manuel hagel…,3.0181566702340827,-0.24411847348890728,0.18162194495603287,-0.3801063069128046,0.0,-0.5284631737946757,manuel hagel…
+3532,2.427361687608044,-0.026277144812543715,0.10859957658265836,-0.1622649782364411,0.0,-0.31062184511831203,+3532
hagel… +3532,2.427361687608044,-0.026277144812543715,0.10859957658265836,-0.1622649782364411,0.0,-0.31062184511831203,hagel… +3532
+3532 char+s,2.2753401074427195,0.038398258442840096,0.08240272717814526,-0.09758957498105718,0.0,-0.24594644186292836,+3532 char+s
Mann,1.8146850698500872,0.26461586002190185,-0.031421874991111265,0.12862802659800449,0.0,-0.01972884028386664,Mann
der mann,1.8146850698500872,0.26461586002190185,-0.031421874991111265,0.12862802659800449,0.0,-0.01972884028386664,der mann
kontrollierte,1.8252252913817504,0.2588243707011684,-0.02798909959549875,0.12283653727727101,0.0,-0.025520329604600052,kontrollierte
mann kontrollier+t+e,1.8252252913817504,0.2588243707011684,-0.02798909959549875,0.12283653727727101,0.0,-0.025520329604600052,mann kontrollier+t+e
Eskalation,1.838270181600336,0.25170278671241203,-0.023811034267937205,0.11571495328851474,0.0,-0.03264191359335637,Eskalation
kontrollier+t+e eskalation,1.838270181600336,0.25170278671241203,-0.023811034267937205,0.11571495328851474,0.0,-0.03264191359335637,kontrollier+t+e eskalation
gegenüber,1.8500669059211268,0.24530599365004055,-0.020098146349782003,0.10931816022614327,0.0,-0.03903870665572776,gegenüber
eskalation gegenüber,1.8500669059211268,0.24530599365004055,-0.020098146349782003,0.10931816022614327,0.0,-0.03903870665572776,eskalation gegenüber
Grünen,2.1550428444914127,0.09271719265648598,0.05846032079653527,-0.04327064076741138,0.0,-0.19162750764928235,Grünen
gegenüber grün+en,1.8676316817045688,0.23585664961853056,-0.014681525959485055,0.09986881619463336,0.0,-0.048488050687237744,gegenüber grün+en
Schon,1.8777647727819156,0.23044567861771023,-0.011615806381113186,0.09445784519381291,0.0,-0.05389902168805803,Schon
grün+en schon,1.8777647727819156,0.23044567861771023,-0.011615806381113186,0.09445784519381291,0.0,-0.05389902168805803,grün+en schon
schon cdu,1.9248824392293469,0.20566290210443686,0.0020997689817305668,0.0696750686805395,0.0,-0.0786817982013315,schon cdu
ausgerichtet,2.061152178746868,0.1372626609318894,0.03736172353860409,0.0012748275079920454,0.0,-0.14708203937387898,ausgerichtet
baden-württemberg aus+ge+richt+et,2.061152178746868,0.1372626609318894,0.03736172353860409,0.0012748275079920454,0.0,-0.14708203937387898,baden-württemberg aus+ge+richt+et
aus+ge+richt+et der,1.8116976895308488,0.2662634417545731,-0.03240424669749745,0.13027560833067559,0.0,-0.018081258551195398,aus+ge+richt+et der
Spitzenkandidat,3.650785996449099,-0.4344146884555586,0.2305423668199604,-0.5704025218794558,0.0,-0.718759388761327,Spitzenkandidat
der spitze+n+kandidat,2.8075951805299195,-0.1718005118435359,0.15968415021584284,-0.3077883452674332,0.0,-0.45614521214930437,der spitze+n+kandidat
spitze+n+kandidat hagel,3.0181566702340827,-0.24411847348890728,0.18162194495603287,-0.3801063069128046,0.0,-0.5284631737946757,spitze+n+kandidat hagel
hagel grün+en,1.8676316817045688,0.23585664961853056,-0.014681525959485055,0.09986881619463336,0.0,-0.048488050687237744,hagel grün+en
Kretschmann,2.160466089034122,0.09020381707035778,0.05961014065295474,-0.04578401635353967,0.0,-0.1941408832354107,Kretschmann
grün+en kretschmann,2.160466089034122,0.09020381707035778,0.05961014065295474,-0.04578401635353967,0.0,-0.1941408832354107,grün+en kretschmann
2026,2.061152178746868,0.1372626609318894,0.03736172353860409,0.0012748275079920454,0.0,-0.14708203937387898,2026
kretschmann 2026,2.061152178746868,0.1372626609318894,0.03736172353860409,0.0012748275079920454,0.0,-0.14708203937387898,kretschmann 2026
2026 minister+präsident,2.0128861815113126,0.1609581941131267,0.02555689839262962,0.0249703606892293,0.0,-0.12338650619264191,2026 minister+präsident
beerben,1.9480991019052791,0.19367371985476434,0.008548647352999632,0.05768588643086698,0.0,-0.090670980451004,beerben
minister+präsident beerb+en,1.9480991019052791,0.19367371985476434,0.008548647352999632,0.05768588643086698,0.0,-0.090670980451004,minister+präsident beerb+en
dezidiert,1.8978683470332842,0.21979646371705794,-0.005657417058737916,0.08380863029316074,0.0,-0.06454823658871035,dezidiert
geb+t dezidiert,1.8978683470332842,0.21979646371705794,-0.005657417058737916,0.08380863029316074,0.0,-0.06454823658871035,geb+t dezidiert
konservativ,1.8808572900410296,0.22880011920510218,-0.010688611329403165,0.0928122857812049,0.0,-0.055544581100666277,konservativ
dezidiert konservativ,1.8808572900410296,0.22880011920510218,-0.010688611329403165,0.0928122857812049,0.0,-0.055544581100666277,dezidiert konservativ
schwarz-grünen,1.8572019322663544,0.24145677986690503,-0.01788194670365191,0.10546894644300754,0.0,-0.04288792043886362,schwarz-grünen
der schwarz+-+grün+en,1.8572019322663544,0.24145677986690503,-0.01788194670365191,0.10546894644300754,0.0,-0.04288792043886362,der schwarz+-+grün+en
Koalitionspartner,1.8403034092633404,0.250597343083335,-0.02316671518262411,0.11460950965943775,0.0,-0.03374735722243344,Koalitionspartner
schwarz+-+grün+en koalition+s+partner,1.8403034092633404,0.250597343083335,-0.02316671518262411,0.11460950965943775,0.0,-0.03374735722243344,schwarz+-+grün+en koalition+s+partner
driften,1.8235140326092698,0.2597623707861286,-0.02854293223519932,0.1237745373622314,0.0,-0.024582329519639713,driften
koalition+s+partner drift+en,1.8235140326092698,0.2597623707861286,-0.02854293223519932,0.1237745373622314,0.0,-0.024582329519639713,koalition+s+partner drift+en
inhaltlich,1.8170003742080179,0.26334080208680516,-0.030663391524919675,0.12735296866290793,0.0,-0.021003898218963216,inhaltlich
drift+en inhaltlich,1.8170003742080179,0.26334080208680516,-0.030663391524919675,0.12735296866290793,0.0,-0.021003898218963216,drift+en inhaltlich
be…,1.8088179579485189,0.26785422741606957,-0.033355209575387575,0.13186639399217231,0.0,-0.016490472889698633,be…
inhaltlich be…,1.8088179579485189,0.26785422741606957,-0.033355209575387575,0.13186639399217231,0.0,-0.016490472889698633,inhaltlich be…
be… der,1.8622760934038178,0.23872835171099155,-0.01631915761966725,0.10274051828709425,0.0,-0.045616348594776895,be… der
WELT,1.803356642217019,0.27087806789852825,-0.03516952743652681,0.13489023447463097,0.0,-0.013466632407240092,WELT
der welt,1.803356642217019,0.27087806789852825,-0.03516952743652681,0.13489023447463097,0.0,-0.013466632407240092,der welt
ePaper,1.797642191260512,0.2740518849518639,-0.03708330627748276,0.1380640515279665,0.0,-0.010292815353904583,ePaper
welt epaper,1.797642191260512,0.2740518849518639,-0.03708330627748276,0.1380640515279665,0.0,-0.010292815353904583,welt epaper
epaper der,1.8622760934038178,0.23872835171099155,-0.01631915761966725,0.10274051828709425,0.0,-0.045616348594776895,epaper der
vollständige,1.7906420559882505,0.27795355141425865,-0.03944936672165494,0.14196571799036117,0.0,-0.006391148891509844,vollständige
der vollständig+e,1.7906420559882505,0.27795355141425865,-0.03944936672165494,0.14196571799036117,0.0,-0.006391148891509844,der vollständig+e
Ausgabe,1.7837473251511047,0.28181140720621217,-0.0418035030833855,0.14582357378231509,0.0,-0.002533293099556212,Ausgabe
vollständig+e ausgabe,1.7837473251511047,0.28181140720621217,-0.0418035030833855,0.14582357378231509,0.0,-0.002533293099556212,vollständig+e ausgabe
steht,1.77981482741652,0.2840184680978294,-0.0431568897248283,0.14803063467393213,0.0,-0.00032623220793885974,steht
ausgabe steh+t,1.77981482741652,0.2840184680978294,-0.0431568897248283,0.14803063467393213,0.0,-0.00032623220793885974,ausgabe steh+t
Ihnen,1.7770048830479082,0.28559850036369355,-0.04412874316285703,0.14961066693979633,0.0,0.0012538000579250847,Ihnen
steh+t ihnen,1.7770048830479082,0.28559850036369355,-0.04412874316285703,0.14961066693979633,0.0,0.0012538000579250847,steh+t ihnen
bereits,1.7743057041816221,0.2871186036155718,-0.045066079960528395,0.1511307701916745,0.0,0.002773903309803603,bereits
ihnen bereits,1.7743057041816221,0.2871186036155718,-0.045066079960528395,0.1511307701916745,0.0,0.002773903309803603,ihnen bereits
Vorabend,1.7696217487673804,0.2897619749620916,-0.046701553697962486,0.15377414153819435,0.0,0.0054172746563232715,Vorabend
bereits vorabend,1.7696217487673804,0.2897619749620916,-0.046701553697962486,0.15377414153819435,0.0,0.0054172746563232715,bereits vorabend
Verfügung,1.7644835020498286,0.292669783288873,-0.04850874520473296,0.15668194986497566,0.0,0.008325082983104533,Verfügung
vorabend verfügung,1.7644835020498286,0.292669783288873,-0.04850874520473296,0.15668194986497566,0.0,0.008325082983104533,vorabend verfügung
verfügung sie,1.7579866786882505,0.2963585757527876,-0.05081362370831936,0.16037074232889043,0.0,0.012013875447019252,verfügung sie
immer,2.2796321491423357,0.03651370559460222,0.08320036410129121,-0.09947412782929506,0.0,-0.2478309947111662,immer
sie immer,1.756629939831246,0.2971306308994276,-0.0512977807876676,0.16114279747553042,0.0,0.012785930593659197,sie immer
hochaktuell,1.7546492007997725,0.29825884609522635,-0.05200638145812151,0.16227101267132882,0.0,0.013914145789457912,hochaktuell
immer hochaktuell,1.7546492007997725,0.29825884609522635,-0.05200638145812151,0.16227101267132882,0.0,0.013914145789457912,immer hochaktuell
informiert,1.750871138168707,0.3004143401323629,-0.053363813693568005,0.1644265067084656,0.0,0.01606963982659432,informiert
hochaktuell informier+t,1.750871138168707,0.3004143401323629,-0.053363813693568005,0.1644265067084656,0.0,0.01606963982659432,hochaktuell informier+t
Weitere,1.7473174403460627,0.30244607682427754,-0.05464768516275351,0.16645824340038018,0.0,0.018101376518509064,Weitere
weit+er+e information+en,1.7450622713889454,0.3037375568217091,-0.05546599899549979,0.16774972339781172,0.0,0.019392856515940686,weit+er+e information+en
https,1.7413159630617407,0.30588666946365006,-0.05683156519231315,0.1698988360397527,0.0,0.021541969157881643,https
information+en http+s,1.7413159630617407,0.30588666946365006,-0.05683156519231315,0.1698988360397527,0.0,0.021541969157881643,information+en http+s
//epaper.welt.de,1.7397829247069296,0.30676744792088095,-0.057392608661855374,0.1707796144969836,0.0,0.02242274761511239,//epaper.welt.de
http+s //epaper.welt.d+e,1.7397829247069296,0.30676744792088095,-0.057392608661855374,0.1707796144969836,0.0,0.02242274761511239,http+s //epaper.welt.d+e
DWD-Prognose,3.0202993680406443,-0.24482815751505937,-0.04403029691373429,-0.38081599093895663,0.0,0.2515136537393279,DWD-Prognose
Stürmischer,3.193086155538866,-0.3004600985499257,-0.03671426622887403,-0.436447931973823,0.0,0.25294925531933166,Stürmischer
dwd-prognos+e stürmisch+er,2.4112684389577277,-0.0196251348129589,-0.06853517377165895,-0.15561296823685614,0.0,0.22287387700074912,dwd-prognos+e stürmisch+er
stürmisch+er woche+n+start,3.408276360124459,-0.36567889981604557,-0.02766727721905324,-0.501666733239943,0.0,0.2522880776341384,stürmisch+er woche+n+start
Hauch,5.014049188798226,-0.7517160125297176,-0.008877197919984418,-0.887703845953615,0.0,0.29976380623075377,Hauch
wind hauch,5.014049188798226,-0.7517160125297176,-0.008877197919984418,-0.887703845953615,0.0,0.29976380623075377,wind hauch
hauch gewitter,6.432469307275774,-1.0008306962054372,-0.019905471608963488,-1.1368185296293345,0.0,0.3610851856786476,hauch gewitter
thema dwd-prognos+e,2.320105207917435,0.018915264558802318,-0.07439215472888534,-0.11707256886509507,0.0,0.2193663132289167,thema dwd-prognos+e
sie stürmisch+er,2.4112684389577277,-0.0196251348129589,-0.06853517377165895,-0.15561296823685614,0.0,0.22287387700074912,sie stürmisch+er
mit regen,2.9420950382772353,-0.21859412817753807,-0.04921484445751693,-0.35458196160143557,0.0,0.25414960924353264,mit regen
regen sturm,2.8941416584039215,-0.20216077856151643,-0.03392269001446712,-0.33814861198541374,0.0,0.21533443129214816,regen sturm
einzelnen,3.220523564173441,-0.30901614645906217,-0.02947094718872563,-0.4450039798829594,0.0,0.23977335205389452,einzelnen
sturm einzeln+en,3.220523564173441,-0.30901614645906217,-0.02947094718872563,-0.4450039798829594,0.0,0.23977335205389452,sturm einzeln+en
einzeln+en gewitter+n,4.144850136663622,-0.5613388352767374,-0.04792336556788054,-0.6973266687006346,0.0,0.3415792506363712,einzeln+en gewitter+n
gewitter+n start+et,3.066208882485268,-0.2599141093443469,-0.059736236705992096,-0.3959019427682443,0.0,0.28887538916860966,gewitter+n start+et
start+et baden-württemberg,2.7943719850372326,-0.1670795916165016,-0.06528413603021986,-0.30306742504039885,0.0,0.270692858235284,start+et baden-württemberg
neue,3.6253160818478736,-0.4274136820487982,-0.19310006542396133,0.8378219759377251,0.0,0.05916458460827083,neue
baden-württemberg neu+e,2.4371584949492706,-0.030305011989002834,-0.0759163502994938,-0.16629284541290018,0.0,0.24280331558920085,baden-württemberg neu+e
neu+e woche,2.397571935027591,-0.013928734058765125,-0.07739880920831466,-0.14991656748266266,0.0,0.2393549771637499,neu+e woche
montag bleib+t,2.295490766051046,0.02958113538082459,-0.08155407025170995,-0.10640669804307273,0.0,0.23003218405093898,montag bleib+t
laut,2.250896106585998,0.04919939092727208,-0.08352869622495018,-0.08678844249662539,0.0,0.22573851010400486,laut
bleib+t laut,2.250896106585998,0.04919939092727208,-0.08352869622495018,-0.08678844249662539,0.0,0.22573851010400486,bleib+t laut
meist,2.602779044737096,-0.09605194011104379,-0.060863625770133586,-0.23203977353494107,0.0,0.23628643946892555,meist
wetter+dienst meist,2.1600708292490367,0.09038678497164575,-0.08787155464931,-0.0456010484522516,0.0,0.21649974684229567,wetter+dienst meist
meist stark,2.5806328029139474,-0.08750684385732903,-0.06198346497377667,-0.2234946772812263,0.0,0.2354731509090137,meist stark
bedeckt,2.105965341340161,0.1157538409761675,-0.0906741841003966,-0.020233992447729776,0.0,0.21063137191421535,bedeckt
bewölk+t bedeck+t,2.105965341340161,0.1157538409761675,-0.0906741841003966,-0.020233992447729776,0.0,0.21063137191421535,bewölk+t bedeck+t
vielerorts,2.0892497288627747,0.12372277732699488,-0.09157395400118999,-0.012265056096902528,0.0,0.20875581022119016,vielerorts
bedeck+t vielerorts,2.0892497288627747,0.12372277732699488,-0.09157395400118999,-0.012265056096902528,0.0,0.20875581022119016,bedeck+t vielerorts
regnet,2.0708246582541547,0.1325808838762755,-0.09258469697291441,-0.0034069495476218526,0.0,0.2066516453313879,regnet
vielerorts regn+et,2.0708246582541547,0.1325808838762755,-0.09258469697291441,-0.0034069495476218526,0.0,0.2066516453313879,vielerorts regn+et
Schwarzw…,2.051418309900633,0.14199638503441453,-0.09367104494950504,0.006008551610517235,0.0,0.2043917593993788,Schwarzw…
regn+et schwarzw…,2.051418309900633,0.14199638503441453,-0.09367104494950504,0.006008551610517235,0.0,0.2043917593993788,regn+et schwarzw…
+672,2.0366693199775456,0.1492120101632497,-0.09451180428598942,0.01322417673935224,0.0,0.20264292325536615,+672
schwarzw… +672,2.0366693199775456,0.1492120101632497,-0.09451180428598942,0.01322417673935224,0.0,0.20264292325536615,schwarzw… +672
+672 char+s,2.030404481782979,0.15229277213362152,-0.09487291816347543,0.01630493870972417,0.0,0.2018916176187304,+672 char+s
wind regen,4.375258815574162,-0.6154378784562499,-0.0764108006694928,-0.7514257118801471,0.0,0.4052902594287692,wind regen
hier seh+en,3.750041331475874,-0.461239064199386,-0.0851546924811887,-0.5972268976232835,0.0,0.38936135639662717,hier seh+en
seh+en sie,4.490917575585398,-0.6415292432450195,-0.15910219338769566,-0.7775170766689168,0.0,0.5413293516412965,seh+en sie
aktuelle,5.3016735541864275,-0.8074947382065605,-0.23503302031873108,-0.943482571630458,0.0,0.662385460458386,aktuelle
sie aktuell+e,4.6272386532839525,-0.6714324895515164,-0.22829022392576678,-0.8074203229754137,0.0,0.6366934159395132,sie aktuell+e
Wetterwarnungen,3.1492943632636647,-0.2866506186317586,-0.09531583239464664,-0.4226384520556559,0.0,0.36474127197105655,Wetterwarnungen
aktuell+e wetter+warnung+en,3.1492943632636647,-0.2866506186317586,-0.09531583239464664,-0.4226384520556559,0.0,0.36474127197105655,aktuell+e wetter+warnung+en
Ihren,2.865337654031038,-0.1921584005834116,-0.10082138770955977,-0.3281462340073089,0.0,0.3476759414473498,Ihren
wetter+warnung+en ihr+en,2.865337654031038,-0.1921584005834116,-0.10082138770955977,-0.3281462340073089,0.0,0.3476759414473498,wetter+warnung+en ihr+en
Wohnort,3.8590485797571548,-0.4898928737177841,-0.2119853913957519,-0.6258807071416813,0.0,0.5876174610614999,Wohnort
ihr+en wohn+ort,2.8067108727833268,-0.17148549241085495,-0.10201710627326305,-0.3074733258347523,0.0,0.343525904894172,ihr+en wohn+ort
Droht,2.758692241185762,-0.15422894433178258,-0.11022447559647723,-0.29021677775568,0.0,0.353113833073613,Droht
wohn+ort droh+t,2.758692241185762,-0.15422894433178258,-0.11022447559647723,-0.29021677775568,0.0,0.353113833073613,wohn+ort droh+t
Unwetter,2.7531639163539605,-0.15222296793196552,-0.13544815162943635,-0.28821080135586286,0.0,0.3965665305809913,Unwetter
droh+t unwetter,2.7531639163539605,-0.15222296793196552,-0.13544815162943635,-0.28821080135586286,0.0,0.3965665305809913,droh+t unwetter
unwetter geb+t,2.7657333016266,-0.1567780109085169,-0.16332186514502745,-0.29276584433241404,0.0,0.4432333675624685,unwetter geb+t
geb+t deutsch+e,2.796655676693181,-0.167896504685482,-0.1928227741714095,-0.30388433810937937,0.0,0.49079272760935627,geb+t deutsch+e
Warnung,5.0023644691302245,-0.7493828970320039,-0.5130470940565447,-0.8853707304559013,0.0,0.9070358279826463,Warnung
dwd warnung,3.7689407243758026,-0.46626618956333293,-0.5440002733598505,-0.6022540229872302,0.0,0.8956496923207519,dwd warnung
Gefahrenhinweisen,2.983053332767661,-0.23241958682669553,-0.3253287340615103,-0.36840742025059275,0.0,0.6704984990864129,Gefahrenhinweisen
warnung gefahr+en+hinweis+en,2.983053332767661,-0.23241958682669553,-0.3253287340615103,-0.36840742025059275,0.0,0.6704984990864129,warnung gefahr+en+hinweis+en
heraus,3.5071818279565234,-0.3942850195153498,-0.12382440056975891,0.14603477473359874,0.0,0.2877422340149099,heraus
gefahr+en+hinweis+en heraus,2.6953707344721956,-0.131007961262408,-0.24386890697965816,-0.2669957946863054,0.0,0.5510192922678516,gefahr+en+hinweis+en heraus
Sehen,2.6761043009437886,-0.12383432049371945,-0.2446652141139615,-0.2598221539176168,0.0,0.5501581556443066,Sehen
Warnungen,5.3825995331285466,-0.8226436446248948,-0.7552180324897548,-0.958631478048792,0.0,1.0523561765309202,Warnungen
aktuell+e warnung+en,3.673396194384135,-0.4405888302698902,-0.5882391442020931,-0.5765766636937876,0.0,0.9213270516141946,aktuell+e warnung+en
warnung+en wohn+ort,2.7393936709950792,-0.14720881050509155,-0.3094471935221046,-0.28319664392898886,0.0,0.6340864492688671,warnung+en wohn+ort
wohn+ort geb+t,2.6405664112826215,-0.11046564642489486,-0.2780618741413711,-0.2464534798487921,0.0,0.5884799072110254,wohn+ort geb+t
Karten,2.5553529091344034,-0.07766254157404008,-0.2516193088918326,-0.21365037499793732,0.0,0.5466159996744225,Karten
der karte+n,2.5553529091344034,-0.07766254157404008,-0.2516193088918326,-0.21365037499793732,0.0,0.5466159996744225,der karte+n
Artikel,2.458110942663459,-0.038865348015260065,-0.2228668112338009,-0.17485318143915746,0.0,0.4966267657826003,Artikel
karte+n artikel,2.458110942663459,-0.038865348015260065,-0.2228668112338009,-0.17485318143915746,0.0,0.4966267657826003,karte+n artikel
zeigen,2.4239691107968366,-0.024878527606168106,-0.21330633394358461,-0.16086636103006544,0.0,0.47873247536497576,zeigen
artikel zeig+en,2.4239691107968366,-0.024878527606168106,-0.21330633394358461,-0.16086636103006544,0.0,0.47873247536497576,artikel zeig+en
zeig+en aktuell+e,2.4067592914148705,-0.01775335278441638,-0.20991072098246297,-0.1537411862083136,0.0,0.47156523507879605,zeig+en aktuell+e
Unwetterwarnungen,2.4306586048610503,-0.027634453988165362,-0.224403141005032,-0.1636222874120628,0.0,0.4953345177476807,Unwetterwarnungen
aktuell+e unwetter+warnung+en,2.4306586048610503,-0.027634453988165362,-0.224403141005032,-0.1636222874120628,0.0,0.4953345177476807,aktuell+e unwetter+warnung+en
unwetter+warnung+en deutsch+en,2.526429451741388,-0.0662792245945767,-0.27353427965387717,-0.20226705801847408,0.0,0.5711628946927221,unwetter+warnung+en deutsch+en
der warnung+en,3.5783918570979454,-0.4143857001141565,-0.6367691508374621,-0.550373533538054,0.0,0.9475301817699282,der warnung+en
Abstufung,2.6140462942687552,-0.10037152772188067,-0.3313331573339351,-0.23635936114577805,0.0,0.6468003410687564,Abstufung
warnung+en abstufung,2.6140462942687552,-0.10037152772188067,-0.3313331573339351,-0.23635936114577805,0.0,0.6468003410687564,warnung+en abstufung
unterschiedlich,2.514678540918088,-0.061617181200982925,-0.29608244348036233,-0.19760501462488025,0.0,0.5970720510938552,unterschiedlich
abstufung unterschiedlich,2.514678540918088,-0.061617181200982925,-0.29608244348036233,-0.19760501462488025,0.0,0.5970720510938552,abstufung unterschiedlich
eingefärbt,2.414356076578327,-0.020904819144807085,-0.26071906399802536,-0.1568926525687044,0.0,0.5420476224602376,eingefärbt
unterschiedlich ein+ge+färb+t,2.414356076578327,-0.020904819144807085,-0.26071906399802536,-0.1568926525687044,0.0,0.5420476224602376,unterschiedlich ein+ge+färb+t
Eine,3.2253415421415506,-0.31051105173116733,-0.13784204925175875,-0.4464988851550646,0.0,0.4434857198842225,Eine
grüne,2.344619999457759,0.008404455821456342,-0.23677545652382456,-0.12758337760244115,0.0,0.5012048532009914,grüne
ein grün+e,2.344619999457759,0.008404455821456342,-0.23677545652382456,-0.12758337760244115,0.0,0.5012048532009914,ein grün+e
Einfärbung,2.325146674788889,0.0167446744689034,-0.2302566445741602,-0.11924315895499393,0.0,0.48948841188997405,Einfärbung
grün+e einfärbung,2.325146674788889,0.0167446744689034,-0.2302566445741602,-0.11924315895499393,0.0,0.48948841188997405,grün+e einfärbung
bedeutet,2.294154786629808,0.030163306462942643,-0.2200853584848009,-0.10582452696095479,0.0,0.4706257060462387,bedeutet
einfärbung bedeut+et,2.294154786629808,0.030163306462942643,-0.2200853584848009,-0.10582452696095479,0.0,0.4706257060462387,einfärbung bedeut+et
das…,2.2700639555400732,0.04071979210594129,-0.21238282473521888,-0.095268041317956,0.0,0.45582396002251774,das…
bedeut+et das…,2.2700639555400732,0.04071979210594129,-0.21238282473521888,-0.095268041317956,0.0,0.45582396002251774,bedeut+et das…
+1389,2.257079805845803,0.04645594098059934,-0.20831631695086453,-0.0895318924432982,0.0,0.4478124230857492,+1389
das… +1389,2.257079805845803,0.04645594098059934,-0.20831631695086453,-0.0895318924432982,0.0,0.4478124230857492,das… +1389
+1389 chars,2.2450199572587444,0.0518133866468418,-0.20459769937154493,-0.08417444677705563,0.0,0.4403582972155296,+1389 chars
Wieder,4.081538703975469,-0.5459462531973984,-0.08787584165809197,0.07137905474154682,0.0,0.25464527448507307,Wieder
formentera wieder,3.4570117133974976,-0.37987675179749564,-0.11296543424548808,0.23744855614144947,0.0,0.23194709910908828,formentera wieder
wieder gewitter,4.387216522782354,-0.6181671790635055,-0.09012212240836077,0.006371656270373495,0.0,0.2847509068496031,wieder gewitter
gewitter regen,3.3174401014208708,-0.3386656342755442,-0.09401368730603367,0.3000201655839153,0.0,0.16127906135387207,gewitter regen
regen für,3.162757123040893,-0.290916357027921,-0.09664656310351515,0.35465790498476435,0.0,0.13645221903196025,regen für
für donnerstag,4.218090560499721,-0.5788547543864283,-0.05893750139919672,0.5799679315965507,0.0,-0.061097752041513236,für donnerstag
30.,3.594423659058229,-0.41885586350265264,-0.1401170824053287,0.7210326503059251,0.0,0.029132565613558203,30.
donnerstag 30.,3.594423659058229,-0.41885586350265264,-0.1401170824053287,0.7210326503059251,0.0,0.029132565613558203,donnerstag 30.
30. oktober,3.504788115507909,-0.3936022691439423,-0.15105883778237572,0.741239778624216,0.0,0.03675103440021807,30. oktober
gilt,3.441645530992131,-0.3754219115949479,-0.14857367493787718,0.7500478298324673,0.0,0.02160846031798057,gilt
oktober gelt,3.441645530992131,-0.3754219115949479,-0.14857367493787718,0.7500478298324673,0.0,0.02160846031798057,oktober gelt
gelt ibiza,3.6054236410008578,-0.42191148122422745,-0.1309080880477046,0.6447302032265545,0.0,0.06321695352515364,gelt ibiza
Wetter-Warnstufe,3.2049105437449206,-0.3041563810659632,-0.16680384334296633,0.8118623816517494,0.0,0.005090396125946881,Wetter-Warnstufe
formentera wetter+-+warn+stufe,3.2049105437449206,-0.3041563810659632,-0.16680384334296633,0.8118623816517494,0.0,0.005090396125946881,formentera wetter+-+warn+stufe
GELB,4.237673973504893,-0.5834867301090824,-0.11988994506177815,0.5729210128426819,0.0,0.10099501611196761,GELB
wetter+-+warn+stufe gelb,3.099376189646997,-0.2706730646465752,-0.19946164591980337,0.885734678305189,0.0,0.011806910418609089,wetter+-+warn+stufe gelb
spanischen,3.067236248136949,-0.26024911377967164,-0.21341353981839073,0.9202832120287143,0.0,0.01001328869298788,spanischen
gelb spanisch+en,3.067236248136949,-0.26024911377967164,-0.21341353981839073,0.9202832120287143,0.0,0.01001328869298788,gelb spanisch+en
spanisch+en wetter+dienst+es,3.0415491883864862,-0.25183918960924045,-0.22940048295142026,0.9614159352095872,0.0,0.004913381376891556,spanisch+en wetter+dienst+es
AEMET,4.221337433014504,-0.5796242076426141,-0.15556808699243388,0.6856114503439092,0.0,0.10741366573678113,AEMET
wetter+dienst+es aemet,3.025731905179992,-0.24662521689363262,-0.2511403990860485,1.018610441092891,0.0,-0.006250952627349184,wetter+dienst+es aemet
Bis,3.0420411107629466,-0.25200091068292985,-0.2563291143283155,1.0412514291080406,0.0,-0.018598486694167558,Bis
Liter,3.078671499501895,-0.26397037515571886,-0.26310817594329783,1.0748153387651609,0.0,-0.039899098442256725,Liter
bis liter,3.078671499501895,-0.26397037515571886,-0.26310817594329783,1.0748153387651609,0.0,-0.039899098442256725,bis liter
liter pro,3.1073309413919716,-0.2732363420600298,-0.26765217995576873,1.0967976601877585,0.0,-0.0544456935356446,liter pro
sollen,3.2307027599606166,-0.3121718888631791,-0.2834749765972241,1.1704325821100865,0.0,-0.1072239004466344,sollen
quadrat+meter soll+en,3.2307027599606166,-0.3121718888631791,-0.2834749765972241,1.1704325821100865,0.0,-0.1072239004466344,quadrat+meter soll+en
Himmel,3.3707283643089596,-0.3546010554044754,-0.2975970705450256,1.2328059996878746,0.0,-0.15784452083877898,Himmel
soll+en himmel,3.3707283643089596,-0.3546010554044754,-0.2975970705450256,1.2328059996878746,0.0,-0.15784452083877898,soll+en himmel
himmel komm+en,3.512492852824013,-0.3957982024255006,-0.3095546696047615,1.283523585208303,0.0,-0.20398180633814444,himmel komm+en
Blitz,5.172752498206102,-0.7828771475032834,-0.3621844630925132,1.4989330476388898,0.0,-0.4660688112643838,Blitz
komm+en blitz,3.4671166624603553,-0.3827955180849398,-0.34087359935783074,1.404561752792599,0.0,-0.3577503850522132,komm+en blitz
Donner,3.044640306361306,-0.2528549707456231,-0.21367602990435705,1.12273145408219,0.0,-0.23350285110666522,Donner
blitz donner,3.044640306361306,-0.2528549707456231,-0.21367602990435705,1.12273145408219,0.0,-0.23350285110666522,blitz donner
angesagt,2.7509965880879954,-0.15143544424829763,-0.24359642242694074,1.0989621633712825,0.0,-0.13587266211078322,angesagt
donner an+ge+sag+t,2.7509965880879954,-0.15143544424829763,-0.24359642242694074,1.0989621633712825,0.0,-0.13587266211078322,donner an+ge+sag+t
Also,2.5834214871263295,-0.08858688071474129,-0.24439240376381613,1.0456804614449484,0.0,-0.0781817815549627,Also
also seh+en,2.474473775481627,-0.04549995999856087,-0.23888550262344876,0.9945153531375301,0.0,-0.040922054926027296,also seh+en
Wasserabf…,2.4678284529631824,-0.04281079765438566,-0.19807947270813556,0.9045428021484465,0.0,-0.04588756708823491,Wasserabf…
seh+en wasserabf…,2.4678284529631824,-0.04281079765438566,-0.19807947270813556,0.9045428021484465,0.0,-0.04588756708823491,seh+en wasserabf…
wasserabf… für,2.56028796997527,-0.07959194298763561,-0.14821129534847186,0.8222664016434976,0.0,-0.08728786506445962,wasserabf… für
Blitz…,3.357061811486331,-0.35053833309490995,-0.34966745903378865,1.4368189377826286,0.0,-0.41340012896232853,Blitz…
komm+en blitz…,3.357061811486331,-0.35053833309490995,-0.34966745903378865,1.4368189377826286,0.0,-0.41340012896232853,komm+en blitz…
+241,2.7742410731599962,-0.15984942519532233,-0.30477882612096174,1.2644233102260645,0.0,-0.22430259091024177,+241
blitz… +241,2.7742410731599962,-0.15984942519532233,-0.30477882612096174,1.2644233102260645,0.0,-0.22430259091024177,blitz… +241
+241 chars,2.638967001654707,-0.10985975588429353,-0.29045108308879325,1.205251791639886,0.0,-0.1752893480682594,+241 chars
Bekenntnis,3.3728497519559486,-0.35523021330266896,0.21159454974394803,-0.4912180467265663,0.0,-0.6395749136084374,Bekenntnis
CDU-Kandidat,3.8726833740589823,-0.493419847626732,0.24350891892317253,-0.6294076810506294,0.0,-0.7777645479325004,CDU-Kandidat
bekenntnis cdu+-+kandidat,3.123254910408866,-0.2783479010907467,0.19131087630485918,-0.414335734514644,0.0,-0.5626926013965151,bekenntnis cdu+-+kandidat
cdu+-+kandidat hagel,5.866759032487746,-0.9087745599770115,0.3130747367067542,-1.044762393400909,0.0,-1.19311926028278,cdu+-+kandidat hagel
verspricht,4.474104897974357,-0.6377785114714699,0.2716023140102933,-0.7737663448953673,0.0,-0.9221232117772383,verspricht
hagel versprech+t,4.474104897974357,-0.6377785114714699,0.2716023140102933,-0.7737663448953673,0.0,-0.9221232117772383,hagel versprech+t
Werde,3.6837531057716935,-0.44340430072087933,0.23257871068254393,-0.5793921341447765,0.0,-0.7277490010266476,Werde
versprech+t werd+e,3.6837531057716935,-0.44340430072087933,0.23257871068254393,-0.5793921341447765,0.0,-0.7277490010266476,versprech+t werd+e
werd+e nie,3.5023071439393627,-0.39289413786261707,0.22083908300741825,-0.5288819712865143,0.0,-0.6772388381683854,werd+e nie
Kunst,3.298978062293007,-0.3330849449701497,0.20595240084213387,-0.4690727783940471,0.0,-0.6174296452759181,Kunst
nie kunst,3.298978062293007,-0.3330849449701497,0.20595240084213387,-0.4690727783940471,0.0,-0.6174296452759181,nie kunst
sparen,3.231071789031362,-0.3122861079738425,0.20050819915757137,-0.4482739413977399,0.0,-0.5966308082796109,sparen
kunst spar+en,3.231071789031362,-0.3122861079738425,0.20050819915757137,-0.4482739413977399,0.0,-0.5966308082796109,kunst spar+en
spar+en der,2.1216352300559658,0.10834067115902055,0.05121738969331726,-0.027647162264876804,0.0,-0.17600402914674793,spar+en der
CDU-Spitzenkandidat,4.129462326896575,-0.5576194138566463,0.25660271695185793,-0.6936072472805438,0.0,-0.8419641141624148,CDU-Spitzenkandidat
der cdu+-+spitze+n+kandidat,2.409631553755174,-0.01894605610652166,0.10574793828180333,-0.15493388953041884,0.0,-0.30329075641228986,der cdu+-+spitze+n+kandidat
cdu+-+spitze+n+kandidat stell+t,2.420383583970504,-0.023398235931723643,0.1074832028749669,-0.15938606935562083,0.0,-0.30774293623749194,cdu+-+spitze+n+kandidat stell+t
klar,2.446504731756814,-0.034132568388377346,0.11162316171034725,-0.17012040181227464,0.0,-0.31847726869414583,klar
stell+t klar,2.446504731756814,-0.034132568388377346,0.11162316171034725,-0.17012040181227464,0.0,-0.31847726869414583,stell+t klar
Theater,2.4865338485888566,-0.0503619145763547,0.11776694853295794,-0.18634974800025195,0.0,-0.33470661488212305,Theater
klar theater,2.4865338485888566,-0.0503619145763547,0.11776694853295794,-0.18634974800025195,0.0,-0.33470661488212305,klar theater
Museen,2.617251588782391,-0.10159695781070457,0.1362908812818168,-0.23758479123460188,0.0,-0.3859416581164729,Museen
theater muse+en,2.617251588782391,-0.10159695781070457,0.1362908812818168,-0.23758479123460188,0.0,-0.3859416581164729,theater muse+en
Musikschulen,2.6976009732962476,-0.13183505217704344,0.146635948894585,-0.26782288560094075,0.0,-0.41617975248281186,Musikschulen
muse+en musik+schule+n,2.6976009732962476,-0.13183505217704344,0.146635948894585,-0.26782288560094075,0.0,-0.41617975248281186,muse+en musik+schule+n
bleiben,2.4252408606394105,-0.02540304598306746,0.1082610928141352,-0.16139087940696473,0.0,-0.3097477462888358,bleiben
musik+schule+n bleib+en,2.4252408606394105,-0.02540304598306746,0.1082610928141352,-0.16139087940696473,0.0,-0.3097477462888358,musik+schule+n bleib+en
Zukunft,2.3330240316539355,0.013362503711059784,0.09282708485765581,-0.12262532971283749,0.0,-0.2709821965947087,Zukunft
bleib+en zukunft,2.3330240316539355,0.013362503711059784,0.09282708485765581,-0.12262532971283749,0.0,-0.2709821965947087,bleib+en zukunft
unangetastet,2.288497820798265,0.032632168578204314,0.08483650331681673,-0.10335566484569311,0.0,-0.2517125317275641,unangetastet
zukunft un+an+ge+tast+et,2.288497820798265,0.032632168578204314,0.08483650331681673,-0.10335566484569311,0.0,-0.2517125317275641,zukunft un+an+ge+tast+et
ganz,4.569040955739592,-0.6587755289219357,0.03042555566421188,-0.7947633623458329,0.0,0.19182489167407757,ganz
un+an+ge+tast+et ganz,2.2316826018913103,0.057771966495613544,0.07407718721033607,-0.07821586692828379,0.0,-0.2265727338101549,un+an+ge+tast+et ganz
gleich,2.215757586176737,0.06493342706737802,0.07094067148660564,-0.0710544063565193,0.0,-0.21941127323839038,gleich
ganz gleich,2.215757586176737,0.06493342706737802,0.07094067148660564,-0.0710544063565193,0.0,-0.21941127323839038,ganz gleich
Sparzwänge,2.1761671527182997,0.08296265489906313,0.0628994085172335,-0.05302517852483408,0.0,-0.20138204540670512,Sparzwänge
gleich spar+zwang+e,2.1761671527182997,0.08296265489906313,0.0628994085172335,-0.05302517852483408,0.0,-0.20138204540670512,gleich spar+zwang+e
herrschen,1.8975700264884758,0.2199536632371471,-0.005744655495658918,0.0839658298132499,0.0,-0.06439103706862127,herrschen
spar+zwang+e herrsch+en,1.8975700264884758,0.2199536632371471,-0.005744655495658918,0.0839658298132499,0.0,-0.06439103706862127,spar+zwang+e herrsch+en
mögen,3.1358592092801163,-0.28237540903129354,-0.1611993456734073,0.9985273167789738,0.0,-0.21111354869214743,mögen
herrsch+en mög+en,1.8868334407813863,0.2256278016349444,-0.008907873121491399,0.08963996821104714,0.0,-0.058716898670824115,herrsch+en mög+en
Versprechen,1.8701786967383132,0.23449381139503264,-0.013906925516957876,0.09850597797113542,0.0,-0.049850888910735656,Versprechen
versprechen halt+en,1.8622840617538874,0.23872407289699069,-0.01631671206216962,0.10273623947309322,0.0,-0.04562062740877786,versprechen halt+en
merk+liste hinzu+füg+en,2.793677303903225,-0.16683096061785904,0.15809900464386226,-0.3028187940417563,0.0,-0.45117566092362754,merk+liste hinzu+füg+en
hinzu+füg+en der,2.6004446072844045,-0.09515463576072364,0.13403191692450253,-0.23114246918462106,0.0,-0.3794993360664919,hinzu+füg+en der
herrsch…,1.8252711082620514,0.2587992689751084,-0.02797428988289876,0.12281143555121103,0.0,-0.02554543133065992,herrsch…
spar+zwang+e herrsch…,1.8252711082620514,0.2587992689751084,-0.02797428988289876,0.12281143555121103,0.0,-0.02554543133065992,spar+zwang+e herrsch…
+1124,1.818124993619727,0.262722050691025,-0.030295875201054888,0.1267342172671278,0.0,-0.021622649614743375,+1124
herrsch… +1124,1.818124993619727,0.262722050691025,-0.030295875201054888,0.1267342172671278,0.0,-0.021622649614743375,herrsch… +1124
+1124 char+s,1.8142468319269518,0.26485738449087903,-0.03156572257703652,0.12886955106698178,0.0,-0.01948731581488945,+1124 char+s
spar+en hier,2.070396780526234,0.13278752712671185,0.039544640190989515,-0.0032003062971854494,0.0,-0.1515571731790565,spar+en hier
thema bekenntnis,2.194266583807468,0.07467993713979536,0.06661964892528635,-0.06130789628410202,0.0,-0.20966476316597293,thema bekenntnis
sie cdu+-+kandidat,2.400721556006838,-0.015241543055333519,0.10429586890228784,-0.15122937647923088,0.0,-0.29958624336110184,sie cdu+-+kandidat
cdu+-+land+es+chef spitze+n+kandidat,2.488911959795993,-0.051317853593608444,0.11812456518556871,-0.18730568701750555,0.0,-0.33566255389937666,cdu+-+land+es+chef spitze+n+kandidat
spitze+n+kandidat manuel,2.6561655843514376,-0.11635577572762999,0.14139263166793817,-0.2523436091515273,0.0,-0.40070047603339837,spitze+n+kandidat manuel
versprochen,2.5144955113621763,-0.06154439407765424,0.12192110184377734,-0.19753222750155158,0.0,-0.3458890943834227,versprochen
hagel versprech+en,2.5144955113621763,-0.06154439407765424,0.12192110184377734,-0.19753222750155158,0.0,-0.3458890943834227,hagel versprech+en
Falle,2.2493898808848485,0.049868782055562895,0.0775013332069215,-0.08611905136833434,0.0,-0.23447591825020564,Falle
versprech+en fall+e,2.2493898808848485,0.049868782055562895,0.0775013332069215,-0.08611905136833434,0.0,-0.23447591825020564,versprech+en fall+e
künftigen,2.16508366684139,0.08806879154901917,0.06058357129348864,-0.047919041874878096,0.0,-0.19627590875674916,künftigen
fall+e künftig+en,2.16508366684139,0.08806879154901917,0.06058357129348864,-0.047919041874878096,0.0,-0.19627590875674916,fall+e künftig+en
Regierungsbeteiligung,2.1317813484819212,0.10356985340204738,0.053446705622545256,-0.032417980021850056,0.0,-0.18077484690372114,Regierungsbeteiligung
künftig+en regierung+s+beteiligung,2.1317813484819212,0.10356985340204738,0.053446705622545256,-0.032417980021850056,0.0,-0.18077484690372114,künftig+en regierung+s+beteiligung
regierung+s+beteiligung nie,2.114524671623302,0.11169775175828565,0.04963929842799797,-0.024290081665611748,0.0,-0.17264694854748291,regierung+s+beteiligung nie
Kunst-,2.1298880359735524,0.10445838437999544,0.05303269275495806,-0.03152944904390189,0.0,-0.17988631592577287,Kunst-
nie kunst+-,2.1298880359735524,0.10445838437999544,0.05303269275495806,-0.03152944904390189,0.0,-0.17988631592577287,nie kunst+-
Kultur-,2.1782686212990026,0.08199744661357612,0.06333524179118398,-0.0539903868103212,0.0,-0.20234725369219228,Kultur-
kunst+- kultur+-,2.1782686212990026,0.08199744661357612,0.06333524179118398,-0.0539903868103212,0.0,-0.20234725369219228,kunst+- kultur+-
Medienbereich,2.2222409487860393,0.062011674313111505,0.07222421828722277,-0.07397615911078571,0.0,-0.22233302599265684,Medienbereich
kultur+- medienbereich,2.2222409487860393,0.062011674313111505,0.07222421828722277,-0.07397615911078571,0.0,-0.22233302599265684,kultur+- medienbereich
kürzen,2.050851310107769,0.1422728172775365,0.03490050236806199,0.00628498385363907,0.0,-0.14207188302823193,kürzen
medienbereich kürz+en,2.050851310107769,0.1422728172775365,0.03490050236806199,0.00628498385363907,0.0,-0.14207188302823193,medienbereich kürz+en
wolle,2.0061860525624553,0.1642923641730675,0.023861880799132658,0.028304530749170064,0.0,-0.12005233613270097,wolle
Partei,1.963677198828975,0.18570896007363222,0.012767718256994959,0.049721126649734756,0.0,-0.09863574023213639,Partei
woll+e partei,1.963677198828975,0.18570896007363222,0.012767718256994959,0.049721126649734756,0.0,-0.09863574023213639,woll+e partei
Beken…,1.9422173744437148,0.19669750055683827,0.006933371245791604,0.060709667132940834,0.0,-0.08764719974892998,Beken…
partei beken…,1.9422173744437148,0.19669750055683827,0.006933371245791604,0.060709667132940834,0.0,-0.08764719974892998,partei beken…
+918,1.92905658914681,0.20349672795433757,0.003273759720076581,0.06750889453044026,0.0,-0.08084797235143093,+918
beken… +918,1.92905658914681,0.20349672795433757,0.003273759720076581,0.06750889453044026,0.0,-0.08084797235143093,beken… +918
+918 char+s,1.9216322498055531,0.20735284245827268,0.0011811521400067167,0.07136500903437532,0.0,-0.07699185784749557,+918 char+s
Leben,2.303541105414689,0.026080247450121673,-0.17941231670448313,0.6287992459878577,0.0,0.1209577783881696,Leben
Tornadojägers,2.3331620182820965,0.01330336049356927,-0.17891847545427736,0.6276174475732103,0.0,0.1227732878372077,Tornadojägers
leben tornado+jäger+s,2.3331620182820965,0.01330336049356927,-0.17891847545427736,0.6276174475732103,0.0,0.1227732878372077,leben tornado+jäger+s
tornado+jäger+s der,2.376419886903736,-0.005067308515480833,-0.17799214577132885,0.6247925998154731,0.0,0.1255877464856268,tornado+jäger+s der
beste,2.862649363181124,-0.19121974934722122,-0.04666032054492105,0.4430036098029979,0.0,-0.054238102500456395,beste
der gut+e,2.389400901371152,-0.010514868189266363,-0.17767074836996996,0.6237084909609529,0.0,0.12646677865749856,der gut+e
gut+e sturm,2.4102462825303483,-0.019201136753537025,-0.17711615280020257,0.6217542981092559,0.0,0.12790883212553622,gut+e sturm
Lebens,2.462284214695073,-0.040561664225182835,-0.1755445950208413,0.6158142840031601,0.0,0.13165644771164364,Lebens
sturm leben+s,2.462284214695073,-0.040561664225182835,-0.1755445950208413,0.6158142840031601,0.0,0.13165644771164364,sturm leben+s
Jonas,3.3771768653346976,-0.3565123160903536,-0.16896738314397142,0.8003151475927155,0.0,0.026872032161938217,Jonas
leben+s jona+s,2.4952379121096593,-0.05385628276330955,-0.17442860026798013,0.611342763647514,0.0,0.1341246437047944,leben+s jona+s
Piontek,3.3433354482522395,-0.3464411484343781,-0.17816229110886267,0.8015123319449619,0.0,0.046048607790944045,Piontek
jona+s piontek,3.3433354482522395,-0.3464411484343781,-0.17816229110886267,0.8015123319449619,0.0,0.046048607790944045,jona+s piontek
fährt,2.575877266349394,-0.08566236460725025,-0.17138461821225648,0.5984260668130824,0.0,0.14040863083838548,fährt
piontek fahr+t,2.575877266349394,-0.08566236460725025,-0.17138461821225648,0.5984260668130824,0.0,0.14040863083838548,piontek fahr+t
Tausende,2.618712661066335,-0.10215504883354115,-0.1696269941912877,0.59059462536144,0.0,0.14385525480697836,Tausende
fahr+t tausend+e,2.618712661066335,-0.10215504883354115,-0.1696269941912877,0.59059462536144,0.0,0.14385525480697836,fahr+t tausend+e
tausend+e kilo+meter,2.696761847567796,-0.1315239400909323,-0.16625350696779703,0.5749371888836179,0.0,0.15026453159179806,tausend+e kilo+meter
Suche,2.9866552145643137,-0.23362630645301383,-0.15309136579528584,0.5069448937367765,0.0,0.17447945977641233,Suche
kilo+meter suche,2.9866552145643137,-0.23362630645301383,-0.15309136579528584,0.5069448937367765,0.0,0.17447945977641233,kilo+meter suche
Tornados,3.3417978991650634,-0.3459811578749135,-0.13819553354841532,0.4159623284054292,0.0,0.2028083406380433,Tornados
suche tornado+s,3.3417978991650634,-0.3459811578749135,-0.13819553354841532,0.4159623284054292,0.0,0.2028083406380433,suche tornado+s
tornado+s gewitter+n,4.444269000527071,-0.6310876036680599,-0.10656438047643757,0.15228958646564006,0.0,0.27183048224504847,tornado+s gewitter+n
ausbrechenden,3.362239976173621,-0.3520796139827192,-0.11731917469101277,0.4652748456516137,0.0,0.13381498395154548,ausbrechenden
gewitter+n aus+brech+end+en,3.362239976173621,-0.3520796139827192,-0.11731917469101277,0.4652748456516137,0.0,0.13381498395154548,gewitter+n aus+brech+end+en
Vulkanen,2.9727816444559627,-0.22897029767244237,-0.1632956373343752,0.6283686048295629,0.0,0.12405309531405444,Vulkanen
aus+brech+end+en vulkan+en,2.9727816444559627,-0.22897029767244237,-0.1632956373343752,0.6283686048295629,0.0,0.12405309531405444,aus+brech+end+en vulkan+en
Allen,2.8470541714665325,-0.18575703822691292,-0.18332528734058035,0.7050567991734319,0.0,0.10999188390561344,Allen
Naturgewalten,2.7965045518893987,-0.16784246553850868,-0.19393413587357583,0.7455967729862749,0.0,0.10109638898853154,Naturgewalten
all+en natur+gewalt+en,2.7965045518893987,-0.16784246553850868,-0.19393413587357583,0.7455967729862749,0.0,0.10109638898853154,all+en natur+gewalt+en
Trotz,2.718291118901062,-0.13947562030768249,-0.22249833647428807,0.8581658981806505,0.0,0.06902153734875366,Trotz
natur+gewalt+en trotz,2.718291118901062,-0.13947562030768249,-0.22249833647428807,0.8581658981806505,0.0,0.06902153734875366,natur+gewalt+en trotz
Sucht,2.8816810221997398,-0.19784601468282115,-0.2647909452649634,1.083056711127446,0.0,-0.0559011175384447,Sucht
für such+t,2.8816810221997398,-0.19784601468282115,-0.2647909452649634,1.083056711127446,0.0,-0.0559011175384447,für such+t
Als,3.036622569923513,-0.2502181036189889,-0.28442375439856105,1.1740546318023979,0.0,-0.11956304861788138,Als
als blitz,3.597410719827249,-0.41968654474012757,-0.330844909268891,1.367670726137411,0.0,-0.30078882144872626,als blitz
500,2.884392549812782,-0.19878652568361005,-0.27576934604431363,1.1351052987591967,0.0,-0.09562006553925771,500
blitz 500,2.884392549812782,-0.19878652568361005,-0.27576934604431363,1.1351052987591967,0.0,-0.09562006553925771,blitz 500
Meter,2.7997074078096937,-0.16898711706102643,-0.26739483318124396,1.096248540925497,0.0,-0.07062967497307596,Meter
500 meter,2.7997074078096937,-0.16898711706102643,-0.26739483318124396,1.096248540925497,0.0,-0.07062967497307596,500 meter
entfernt,2.7073448320949955,-0.13544059040271705,-0.25788429184207046,1.0507571759712309,0.0,-0.04394040925121768,entfernt
meter entfern+t,2.7073448320949955,-0.13544059040271705,-0.25788429184207046,1.0507571759712309,0.0,-0.04394040925121768,meter entfern+t
einschlägt,2.610598896393809,-0.09905185978292932,-0.24761139231582666,0.9998947366258999,0.0,-0.01711782855687342,einschlägt
entfern+t ein+schlag+t,2.610598896393809,-0.09905185978292932,-0.24761139231582666,0.9998947366258999,0.0,-0.01711782855687342,entfern+t ein+schlag+t
fegt,2.5640882213200884,-0.08107514870854049,-0.2221398493458901,0.9338667053071383,0.0,-0.010733640176934086,fegt
ein+schlag+t feg+t,2.5640882213200884,-0.08107514870854049,-0.2221398493458901,0.9338667053071383,0.0,-0.010733640176934086,ein+schlag+t feg+t
Druckwelle,2.565810144457296,-0.08174647709717478,-0.19810074361948096,0.884514519333368,0.0,-0.019351102732210548,Druckwelle
feg+t druck+welle,2.565810144457296,-0.08174647709717478,-0.19810074361948096,0.884514519333368,0.0,-0.019351102732210548,feg+t druck+welle
Donners,2.778532253351064,-0.1613950244096242,-0.10713655822376962,0.740463320221509,0.0,-0.1110411221486037,Donners
druck+welle donner+s,2.778532253351064,-0.1613950244096242,-0.10713655822376962,0.740463320221509,0.0,-0.1110411221486037,druck+welle donner+s
donner+s jona+s,2.551367473250656,-0.07610168200294154,-0.16096212325964618,0.7973781223220264,0.0,-0.03163706883830237,donner+s jona+s
fast,2.426769579878988,-0.026033184482933867,-0.18376995936855492,0.8048142424375963,0.0,0.0088892834199635,fast
piontek fast,2.426769579878988,-0.026033184482933867,-0.18376995936855492,0.8048142424375963,0.0,0.0088892834199635,piontek fast
Füßen,2.3646051683354963,-8.326270777412445e-05,-0.190614422650217,0.7972289715374936,0.0,0.026738478919480595,Füßen
fast fuß+en,2.3646051683354963,-8.326270777412445e-05,-0.190614422650217,0.7972289715374936,0.0,0.026738478919480595,fast fuß+en
Danach,2.3391746012718495,0.010729664804140558,-0.19243407578588842,0.7918670965110465,0.0,0.03345633843872241,Danach
erst,2.292552801116732,0.03086184045385863,-0.19439803736997427,0.7789625728995174,0.0,0.04484675933458199,erst
danach erst,2.292552801116732,0.03086184045385863,-0.19439803736997427,0.7789625728995174,0.0,0.04484675933458199,danach erst
mal,2.280267636176247,0.036234977083913725,-0.19464568354233452,0.7749642957747167,0.0,0.04764870004648216,mal
erst mal,2.280267636176247,0.036234977083913725,-0.19464568354233452,0.7749642957747167,0.0,0.04764870004648216,erst mal
Lebensentscheidungen,2.2580375829304073,0.04603168751540653,-0.19483798004727715,0.7671667074784727,0.0,0.05251052622497885,Lebensentscheidungen
mal leben+s+entscheidung+en,2.2580375829304073,0.04603168751540653,-0.19483798004727715,0.7671667074784727,0.0,0.05251052622497885,mal leben+s+entscheidung+en
überdacht,2.2189165659748378,0.06350875403660691,-0.19446502977361235,0.7518823086461655,0.0,0.06043198460275762,überdacht
leben+s+entscheidung+en überdenk+t,2.2189165659748378,0.06350875403660691,-0.19446502977361235,0.7518823086461655,0.0,0.06043198460275762,leben+s+entscheidung+en überdenk+t
lauwarme…,2.1855622167799647,0.07865469454864067,-0.19354018966275727,0.7375123064094355,0.0,0.06657486677043442,lauwarme…
+10859,2.1710087353271237,0.08533588291887705,-0.19298804045462076,0.7309101449315623,0.0,0.06908759900184766,+10859
lauwarme… +10859,2.1710087353271237,0.08533588291887705,-0.19298804045462076,0.7309101449315623,0.0,0.06908759900184766,lauwarme… +10859
+10859 char+s,2.1623477814263885,0.08933323019453909,-0.19262100867735737,0.7268939157916772,0.0,0.0705363719153726,+10859 char+s
Kaltfront,7.851053599698738,-1.2001199418611235,0.03055186528940025,-1.3361077752850208,0.0,0.28038710430193486,Kaltfront
wetter kaltfront,2.4725244195802345,-0.044711863490163935,-0.06640608034290604,-0.18069969691406115,0.0,0.2283964640880398,wetter kaltfront
kaltfront bring+t,3.5277259749870895,-0.40012566618994394,-0.0261944612149843,-0.5361134996138416,0.0,0.2585635661048943,kaltfront bring+t
Wolken,6.891329472091808,-1.0697362257249476,0.12981011957379926,-1.205724059148845,0.0,-0.007411506241502561,Wolken
bring+t wolke+n,3.7467911479303835,-0.46037198233299764,-0.018107423578581684,-0.596359815756895,0.0,0.25675276810051395,bring+t wolke+n
Schauer,7.952545175589096,-1.2129642278535935,0.03805947268195146,-1.3489520612774908,0.0,0.2649090198468943,Schauer
wolke+n schauer,4.133716741766156,-0.5586491422965498,-0.003430126489641043,-0.694636975720447,0.0,0.2482099910508453,wolke+n schauer
kurze,8.376680424988487,-1.2649239078947856,0.017058818545885375,-1.400911741318683,0.0,0.3171345839157582,kurze
schauer kurz+e,5.127959002279581,-0.7741799272620388,0.0034834260569626685,-0.910167760685936,0.0,0.27729989149843265,schauer kurz+e
kurz+e gewitter,8.528861139794156,-1.2829280428073009,-0.009629782060635571,-1.418915876231198,0.0,0.3734906822073494,kurz+e gewitter
sie kaltfront,2.4725244195802345,-0.044711863490163935,-0.06640608034290604,-0.18069969691406115,0.0,0.2283964640880398,sie kaltfront
Rückseitig,3.0349292680080016,-0.2496603213568546,-0.057679423971473735,-0.3856481547807519,0.0,0.2815754816225816,Rückseitig
rückseitig kaltfront,2.6106605469134605,-0.09907547497398582,-0.06871194843587891,-0.2350633083978831,0.0,0.2539479180125111,rückseitig kaltfront
kaltfront stell+t,2.488138672619506,-0.05100711245801587,-0.07296668308815844,-0.18699494588191312,0.0,0.24474180967451029,kaltfront stell+t
Sonntag,4.376555232788871,-0.6157341409721184,0.006427507219972015,-0.7517219743960158,0.0,0.23891413195651814,Sonntag
stell+t sonntag,2.366486452152067,-0.0008785480527374716,-0.07777763574283075,-0.13686638147663494,0.0,0.23483233375359047,stell+t sonntag
sonntag hessen,2.3032067553564546,0.026225404106802977,-0.08053299706397431,-0.10976242931709446,0.0,0.22930842984057834,sonntag hessen
wechselhaftes,3.5505018475480745,-0.40656116155356836,-0.0027754769396980323,-0.5425489949774657,0.0,0.2078001676296738,wechselhaftes
hessen wechselhaft+es,2.316761561915569,0.020357465401478727,-0.0818148360732815,-0.1156303680224186,0.0,0.23448043350689718,hessen wechselhaft+es
Schauerwetter,2.9339261725417636,-0.21581371922224027,-0.04902937678162063,-0.3518015526461376,0.0,0.2528522234022476,Schauerwetter
wechselhaft+es schauer+wetter,2.9339261725417636,-0.21581371922224027,-0.04902937678162063,-0.3518015526461376,0.0,0.2528522234022476,wechselhaft+es schauer+wetter
tag+es+verlauf kurz+e,3.191831852794718,-0.3000672030550592,-0.07858371185185081,-0.43605503647895655,0.0,0.3373749162322397,tag+es+verlauf kurz+e
gewitter möglich,3.010116040741032,-0.24145083230979747,-0.08160666900351139,-0.3774386657336946,0.0,0.3264330384484581,gewitter möglich
möglich deutsch+e,2.563001775893447,-0.08065134282898961,-0.0880559335376428,-0.21663917625288695,0.0,0.28649018172729573,möglich deutsch+e
dwd mit+teil+te,2.31060783297214,0.02301717637155286,-0.09252033621543665,-0.11297065705234459,0.0,0.2554452156816283,dwd mit+teil+te
mei…,2.2114514204658233,0.06687874614421657,-0.09468426522428325,-0.06910908727968076,0.0,0.24124011910533177,mei…
bleib+t mei…,2.2114514204658233,0.06687874614421657,-0.09468426522428325,-0.06910908727968076,0.0,0.24124011910533177,bleib+t mei…
+1249,2.190981001431445,0.07617840805937294,-0.09517799106197142,-0.05980942536452439,0.0,0.23816574975906554,+1249
mei… +1249,2.190981001431445,0.07617840805937294,-0.09517799106197142,-0.05980942536452439,0.0,0.23816574975906554,mei… +1249
+1249 char+s,2.1724548887056567,0.08466998419972148,-0.09564159237276809,-0.0513178492241759,0.0,0.23534266844748147,+1249 char+s
kaltfront schauer,4.451819405114018,-0.6327850702523923,-0.005927580672214142,-0.7687729036762896,0.0,0.2701330156607161,kaltfront schauer
schauer gewitter,8.895021866520088,-1.3249639819591157,0.013203988841572058,-1.460951815383013,0.0,0.33145474305553446,schauer gewitter
Rheinland-Pfalz,9.592592503195153,-1.4004633889266902,0.05524794843196475,-1.5364512223505875,0.0,0.2452983260476665,Rheinland-Pfalz
gewitter rheinland-pfalz,5.585044391265254,-0.8595645833422285,-0.002285761709618618,-0.9955524167661259,0.0,0.3043817873339879,gewitter rheinland-pfalz
Saarland,8.84430929893606,-1.3192464376772308,0.09336317608115195,-1.4552342711011281,0.0,0.13902632264698203,Saarland
rheinland-pfalz saarland,8.84430929893606,-1.3192464376772308,0.09336317608115195,-1.4552342711011281,0.0,0.13902632264698203,rheinland-pfalz saarland
saarland sonntag,3.1357353127454335,-0.282335898653426,-0.017148106497591555,-0.41832373207732326,0.0,0.20378349894473882,saarland sonntag
sonntag zeig+t,3.0136862861981544,-0.24263621180314807,-0.03249189658406474,-0.3786240452270455,0.0,0.22566884355999314,sonntag zeig+t
wetter rheinland-pfalz,3.7288986072248473,-0.45558511303865157,-0.017980893398297844,-0.5915729464625488,0.0,0.2552566323031734,wetter rheinland-pfalz
saarland wechselhaft,3.391341192065216,-0.36069767757925403,-0.014959899608477982,-0.49668551100315134,0.0,0.2226745674259666,saarland wechselhaft
Neben,3.6159675759445493,-0.4248316782111394,-0.01533585097799868,-0.5608195116350367,0.0,0.24138647700431395,Neben
Schauern,3.8447055314115626,-0.48616921776731054,-0.0035858286314170156,-0.6221570511912079,0.0,0.23095553266620095,Schauern
neben schau+ern,3.8447055314115626,-0.48616921776731054,-0.0035858286314170156,-0.6221570511912079,0.0,0.23095553266620095,neben schau+ern
vereinzelten,4.503347084006665,-0.6442931192936169,0.008665730162420424,-0.7802809527175141,0.0,0.2400420010860593,vereinzelten
schau+ern vereinzel+t+en,4.503347084006665,-0.6442931192936169,0.008665730162420424,-0.7802809527175141,0.0,0.2400420010860593,schau+ern vereinzel+t+en
vereinzel+t+en gewitter+n,6.402537087485522,-0.9961665342825278,-0.02260755399513301,-1.1321543677064252,0.0,0.3657493476015569,vereinzel+t+en gewitter+n
gewitter+n kurz+e,3.813948857988199,-0.47813730061673493,-0.03801149066149108,-0.6141251340406323,0.0,0.30315795915722354,gewitter+n kurz+e
Auflockerungen,2.630060516801254,-0.10647905866643943,-0.07065522098652068,-0.24246689209033676,0.0,0.260662465889846,Auflockerungen
kurz+e auflockerung+en,2.630060516801254,-0.10647905866643943,-0.07065522098652068,-0.24246689209033676,0.0,0.260662465889846,kurz+e auflockerung+en
auflockerung+en möglich,2.451611253557549,-0.036217665460864364,-0.07612551724175437,-0.17220549888476178,0.0,0.2455708062218659,auflockerung+en möglich
ruhiger,2.2533468623777004,0.048111192066582834,-0.08383751470483555,-0.08787664135731449,0.0,0.22686352353562173,ruhiger
woche+n+start ruhig+er,2.2533468623777004,0.048111192066582834,-0.08383751470483555,-0.08787664135731449,0.0,0.22686352353562173,woche+n+start ruhig+er
hin+zu+füg+en sonntag,2.1910969313795006,0.07612549711170843,-0.07360913904510968,-0.05986233631218897,0.0,0.19225308621607795,hin+zu+füg+en sonntag
Aufloc…,2.630060516801254,-0.10647905866643943,-0.07065522098652068,-0.24246689209033676,0.0,0.260662465889846,Aufloc…
kurz+e aufloc…,2.630060516801254,-0.10647905866643943,-0.07065522098652068,-0.24246689209033676,0.0,0.260662465889846,kurz+e aufloc…
+1772,2.511195845244914,-0.06023127460522432,-0.07415921283896429,-0.19621910802912162,0.0,0.2507707877962546,+1772
aufloc… +1772,2.511195845244914,-0.06023127460522432,-0.07415921283896429,-0.19621910802912162,0.0,0.2507707877962546,aufloc… +1772
+1772 chars,2.451611253557549,-0.036217665460864364,-0.07612551724175437,-0.17220549888476178,0.0,0.2455708062218659,+1772 chars
saarland hier,2.5225348969219574,-0.0647365099612791,-0.05167787930339034,-0.2007243433851766,0.0,0.20420234456576106,saarland hier
thema kaltfront,2.736899502764417,-0.14629791390990146,-0.056088408559821244,-0.28228574733379885,0.0,0.24432207294382083,thema kaltfront
sie schauer,3.0807046617592713,-0.26463055965427534,-0.04060269250152081,-0.4006183930781727,0.0,0.25038083765075175,sie schauer
ein kaltfront,2.446566489015168,-0.034157811126760376,-0.05911814824200301,-0.17014564455065764,0.0,0.2083412006869478,ein kaltfront
kaltfront sorg+t,2.387605402260565,-0.009763142492872082,-0.06061221736446203,-0.14575097591676936,0.0,0.20151956053036577,kaltfront sorg+t
sorg+t rheinland-pfalz,2.3866413742550066,-0.009359297420010486,-0.05050283124582972,-0.14534713084390785,0.0,0.17862162904809334,sorg+t rheinland-pfalz
sonntag wechselhaft+es,2.20872329968695,0.0681131412973519,-0.06422010731381807,-0.06787469212654554,0.0,0.17502103316403803,sonntag wechselhaft+es
dwd bleib+t,2.0555074424364,0.1400050493572601,-0.0850038149254891,0.004017215933362805,0.0,0.18663832641932346,dwd bleib+t
bleib+t meist,2.0410389088438365,0.1470688501853408,-0.08661678791095262,0.01108101676144337,0.0,0.18664802311627612,bleib+t meist
Norden,2.00695030042261,0.163911491059287,-0.09024249558033123,0.027923657635389596,0.0,0.18606729257004492,Norden
bewölk+t norden,2.00695030042261,0.163911491059287,-0.09024249558033123,0.027923657635389596,0.0,0.18606729257004492,bewölk+t norden
lockert,1.9995943058658436,0.167583484532476,-0.09099597382705704,0.03159565110857869,0.0,0.1858371464127396,lockert
norden locker+t,1.9995943058658436,0.167583484532476,-0.09099597382705704,0.03159565110857869,0.0,0.1858371464127396,norden locker+t
Bewölkun…,1.9878494858933715,0.17347440340220044,-0.09217987951657813,0.03748656997830311,0.0,0.18539663866984302,Bewölkun…
locker+t bewölkun…,1.9878494858933715,0.17347440340220044,-0.09217987951657813,0.03748656997830311,0.0,0.18539663866984302,locker+t bewölkun…
+1300,1.9779285778088047,0.17847767318724564,-0.09316267746565028,0.0424898397633484,0.0,0.18495651189681786,+1300
bewölkun… +1300,1.9779285778088047,0.17847767318724564,-0.09316267746565028,0.0424898397633484,0.0,0.18495651189681786,bewölkun… +1300
+1300 char+s,1.9728199100168626,0.18106385180886708,-0.09366293731744052,0.045076018384969774,0.0,0.18470618817625406,+1300 char+s
Was,1.9522847110607,0.19152746401797854,0.009690622152629702,0.05553963059408115,0.0,-0.09281723628778987,Was
Chemikalien,2.332214513218033,0.013709546391188815,0.09268509142501229,-0.12227828703270838,0.0,-0.2706351539145795,Chemikalien
was chemikalie+n,1.9590739153853332,0.1880559280165982,0.011529824697394097,0.052068094592701036,0.0,-0.09628877228916997,was chemikalie+n
chemikalie+n wolke+n,1.988232354844275,0.17328181735019105,0.019249061565018127,0.037293983926293586,0.0,-0.1110628829555774,chemikalie+n wolke+n
auslösen,2.0043192027048304,0.1652233441237906,0.023387066278094615,0.029235510699893184,0.0,-0.11912135618197783,auslösen
wolke+n aus+lös+en,2.0043192027048304,0.1652233441237906,0.023387066278094615,0.029235510699893184,0.0,-0.11912135618197783,wolke+n aus+lös+en
Weltweit,2.028060336986298,0.15344796019710832,0.02934389836081203,0.017460126773210974,0.0,-0.13089674010866,Weltweit
aus+lös+en weltweit,2.028060336986298,0.15344796019710832,0.02934389836081203,0.017460126773210974,0.0,-0.13089674010866,aus+lös+en weltweit
weltweit wolke+n,1.988232354844275,0.17328181735019105,0.019249061565018127,0.037293983926293586,0.0,-0.1110628829555774,weltweit wolke+n
wolke+n chemikalie+n,1.9590739153853332,0.1880559280165982,0.011529824697394097,0.052068094592701036,0.0,-0.09628877228916997,wolke+n chemikalie+n
geimpft,2.2196791174204753,0.06316515371455332,0.0717181312825034,-0.07282267970934399,0.0,-0.22117954659121492,geimpft
chemikalie+n ge+impf+t,2.2196791174204753,0.06316515371455332,0.0717181312825034,-0.07282267970934399,0.0,-0.22117954659121492,chemikalie+n ge+impf+t
ge+impf+t regen,2.3659054208390096,-0.0006329930219748371,0.09849600554720783,-0.13662082644587203,0.0,-0.2849776933277432,ge+impf+t regen
erzeugen,2.5588289566106126,-0.07902191756134112,0.12828787120273857,-0.2150097509852385,0.0,-0.3633666178671096,erzeugen
regen erzeug+en,2.5588289566106126,-0.07902191756134112,0.12828787120273857,-0.2150097509852385,0.0,-0.3633666178671096,regen erzeug+en
erzeug+en hagel,3.339044419783649,-0.34515686674338647,0.209047500652073,-0.48114470016728395,0.0,-0.629501567049155,erzeug+en hagel
verhindern,2.6242557791488452,-0.10426954569196609,0.1372222600749869,-0.24025737911586348,0.0,-0.3886142459977346,verhindern
hagel verhinder+n,2.6242557791488452,-0.10426954569196609,0.1372222600749869,-0.24025737911586348,0.0,-0.3886142459977346,hagel verhinder+n
Substanzen,2.2368861556423982,0.05544300776835113,0.07509027036323858,-0.08054482565554613,0.0,-0.22890169253741716,Substanzen
wie substanz+en,2.2368861556423982,0.05544300776835113,0.07509027036323858,-0.08054482565554613,0.0,-0.22890169253741716,wie substanz+en
substanz+en wolke+n,2.1177869863105094,0.11015612836332876,0.05036494950021681,-0.025831705060568498,0.0,-0.17418857194243947,substanz+en wolke+n
genau,2.0862764956154547,0.1251469014205754,0.043238272048683433,-0.010840932003321964,0.0,-0.15919779888519286,genau
wolke+n genau,2.0862764956154547,0.1251469014205754,0.043238272048683433,-0.010840932003321964,0.0,-0.15919779888519286,wolke+n genau
wirken,2.0632451543705446,0.13624773650327993,0.03785806685969044,0.000259903079382533,0.0,-0.1480969638024886,wirken
genau wirk+en,2.0632451543705446,0.13624773650327993,0.03785806685969044,0.000259903079382533,0.0,-0.1480969638024886,genau wirk+en
bisher,2.025222825740384,0.15484806554160405,0.028641141192844305,0.018860232117706606,0.0,-0.12949663476416445,bisher
wirk+en bisher,2.025222825740384,0.15484806554160405,0.028641141192844305,0.018860232117706606,0.0,-0.12949663476416445,wirk+en bisher
bekannt,1.9926411681283551,0.17106681852584346,0.020391493378124823,0.03507898510194606,0.0,-0.11327788177992494,bekannt
bisher bekenn+t,1.9926411681283551,0.17106681852584346,0.020391493378124823,0.03507898510194606,0.0,-0.11327788177992494,bisher bekenn+t
Mechanismus,1.9680570521319098,0.18348100933480602,0.013938740656893236,0.047493175910908715,0.0,-0.10086369097096244,Mechanismus
der mechanismus,1.9680570521319098,0.18348100933480602,0.013938740656893236,0.047493175910908715,0.0,-0.10086369097096244,der mechanismus
komplexer,1.956390963185632,0.18942636688034073,0.010804939550454307,0.0534385334564435,0.0,-0.09491833342542777,komplexer
mechanismus komplex+er,1.956390963185632,0.18942636688034073,0.010804939550454307,0.0534385334564435,0.0,-0.09491833342542777,mechanismus komplex+er
gedacht,1.9513780057294705,0.19199200484197715,0.009443768642445957,0.05600417141807969,0.0,-0.0923526954637914,gedacht
komplex+er ge+denk+t,1.9513780057294705,0.19199200484197715,0.009443768642445957,0.05600417141807969,0.0,-0.0923526954637914,komplex+er ge+denk+t
Studie,1.9548096725145387,0.1902349629635062,0.010376524460335665,0.054247129539609064,0.0,-0.0941097373422622,Studie
ge+denk+t studie,1.9548096725145387,0.1902349629635062,0.010376524460335665,0.054247129539609064,0.0,-0.0941097373422622,ge+denk+t studie
Wien,1.9681349534550232,0.18344142726004303,0.013959509242719728,0.047453593836145565,0.0,-0.10090327304572548,Wien
studie wien,1.9681349534550232,0.18344142726004303,0.013959509242719728,0.047453593836145565,0.0,-0.10090327304572548,studie wien
wien zeig+t,1.9765955544811995,0.17915184956523794,0.016202830363063338,0.04316401614134053,0.0,-0.10519285074053061,wien zeig+t
Wolkenbildung,2.0284036363127873,0.15327869981192124,0.02942875543580293,0.017290866388023976,0.0,-0.1310660004938471,Wolkenbildung
für wolke+n+bildung,2.0284036363127873,0.15327869981192124,0.02942875543580293,0.017290866388023976,0.0,-0.1310660004938471,für wolke+n+bildung
weiterer,2.0821069003476884,0.12714748354671981,0.04227519139027146,-0.008840349877177536,0.0,-0.15719721675904863,weiterer
wolke+n+bildung weit+er+er,2.0821069003476884,0.12714748354671981,0.04227519139027146,-0.008840349877177536,0.0,-0.15719721675904863,wolke+n+bildung weit+er+er
Folge,2.0013155248997965,0.16672307067015704,0.02262077640701208,0.030735237246259775,0.0,-0.11762162963561126,Folge
weit+er+er folge,2.0013155248997965,0.16672307067015704,0.02262077640701208,0.030735237246259775,0.0,-0.11762162963561126,weit+er+er folge
folge niederschlag+e,1.9714647135397352,0.18175102155435696,0.014845291223322085,0.04576318813045976,0.0,-0.1025936787514114,folge niederschlag+e
braucht,1.9278871115825758,0.20410315505870683,0.0029454925061509593,0.06811532163480959,0.0,-0.08024154524706151,braucht
niederschlag+e brauch+t,1.9278871115825758,0.20410315505870683,0.0029454925061509593,0.06811532163480959,0.0,-0.08024154524706151,niederschlag+e brauch+t
winzige,1.9056018217904498,0.21572992181131512,-0.0034080643452128606,0.07974208838741781,0.0,-0.06861477849445335,winzige
brauch+t winzig+e,1.9056018217904498,0.21572992181131512,-0.0034080643452128606,0.07974208838741781,0.0,-0.06861477849445335,brauch+t winzig+e
Teilchen,1.8928433181258333,0.2224476977304833,-0.007131586998549065,0.08645986430658593,0.0,-0.061897002575285125,Teilchen
winzig+e teil+chen,1.8928433181258333,0.2224476977304833,-0.007131586998549065,0.08645986430658593,0.0,-0.061897002575285125,winzig+e teil+chen
denen,1.876005795732461,0.23138285746020612,-0.012144929894273803,0.09539502403630873,0.0,-0.05296184284556223,denen
teil+chen der,1.876005795732461,0.23138285746020612,-0.012144929894273803,0.09539502403630873,0.0,-0.05296184284556223,teil+chen der
Wasser,1.8694038095534344,0.23490823583661966,-0.014142298026635533,0.09892040241272239,0.0,-0.04943646446914873,Wasser
der wasser,1.8694038095534344,0.23490823583661966,-0.014142298026635533,0.09892040241272239,0.0,-0.04943646446914873,der wasser
kondensiert,1.8686597375152623,0.2353063414539427,-0.014368546345501082,0.09931850803004556,0.0,-0.0490383588518257,kondensiert
wasser kondensiert,1.8686597375152623,0.2353063414539427,-0.014368546345501082,0.09931850803004556,0.0,-0.0490383588518257,wasser kondensiert
natürliche,1.892716472930011,0.2225147130216798,-0.007168928501211363,0.08652687959778248,0.0,-0.06182998728408854,natürliche
sie natürlich+e,1.892716472930011,0.2225147130216798,-0.007168928501211363,0.08652687959778248,0.0,-0.06182998728408854,sie natürlich+e
Prozesse,1.9113824366657879,0.21270102836911373,-0.0017418717198705396,0.07671319494521656,0.0,-0.07164367193665457,Prozesse
natürlich+e prozeß+e,1.9113824366657879,0.21270102836911373,-0.0017418717198705396,0.07671319494521656,0.0,-0.07164367193665457,natürlich+e prozeß+e
etwa,1.93971717813495,0.1979856194679664,0.006242989464893618,0.06199778604406911,0.0,-0.08635908083780207,etwa
prozeß+e etwa,1.93971717813495,0.1979856194679664,0.006242989464893618,0.06199778604406911,0.0,-0.08635908083780207,prozeß+e etwa
Staub,1.9871376561569796,0.1738325578910394,0.018964409568760686,0.03784472446714196,0.0,-0.11051214241472904,Staub
etwa staub,1.9871376561569796,0.1738325578910394,0.018964409568760686,0.03784472446714196,0.0,-0.11051214241472904,etwa staub
Sand,2.0675969402467222,0.134140762967899,0.038886080039954155,-0.001847070455998386,0.0,-0.15020393733786958,Sand
staub sand,2.0675969402467222,0.134140762967899,0.038886080039954155,-0.001847070455998386,0.0,-0.15020393733786958,staub sand
Salz,2.0854441654435627,0.12554593589606441,0.04304640455438127,-0.010441897527832911,0.0,-0.158798764409704,Salz
sand salz,2.0854441654435627,0.12554593589606441,0.04304640455438127,-0.010441897527832911,0.0,-0.158798764409704,sand salz
mens…,1.9347173084890463,0.20056657544419887,0.0048555777002948575,0.06457874202030149,0.0,-0.08377812486156963,mens…
salz mens…,1.9347173084890463,0.20056657544419887,0.0048555777002948575,0.06457874202030149,0.0,-0.08377812486156963,salz mens…
+3263,1.9089037594847658,0.21399866807544451,-0.002454744934376899,0.07801083465154725,0.0,-0.07034603223032385,+3263
mens… +3263,1.9089037594847658,0.21399866807544451,-0.002454744934376899,0.07801083465154725,0.0,-0.07034603223032385,mens… +3263
+3263 chars,1.8925537973306008,0.22260066492888614,-0.007216827355485142,0.08661283150498904,0.0,-0.061744035376882195,+3263 chars
donnerstag wechselhaft+es,2.2771306938893607,0.03761161461046097,-0.03943517164518487,-0.09837621881343647,0.0,0.13135222729522764,donnerstag wechselhaft+es
morgigen,3.0810376595552165,-0.26473864525049307,0.009120350991490436,-0.4007264786743904,0.0,0.13442072831241444,morgigen
wetter morgig+en,2.350060692271968,0.006086643127815311,-0.03560462448846912,-0.12990119029608208,0.0,0.1367416981289227,wetter morgig+en
morgig+en donnerstag,3.446267520487854,-0.3767639698221375,0.07162251171274639,-0.5127518032460349,0.0,-0.0008680053165019684,morgig+en donnerstag
November,3.118611757659859,-0.2768601558849147,-0.009242138927894808,-0.41284798930881195,0.0,0.18353333487009826,November
donnerstag november,3.118611757659859,-0.2768601558849147,-0.009242138927894808,-0.41284798930881195,0.0,0.18353333487009826,donnerstag november
november zieh+t,3.107914139181918,-0.2734240089288652,-0.02524401441114273,-0.4094118423527625,0.0,0.21937638845066984,november zieh+t
Kaltluftfront,3.2057311879593455,-0.304412406672526,-0.026165615707153575,-0.44040024009642326,0.0,0.2310797071253346,Kaltluftfront
zieh+t kaltluftfront,3.2057311879593455,-0.304412406672526,-0.026165615707153575,-0.44040024009642326,0.0,0.2310797071253346,zieh+t kaltluftfront
kaltluftfront ibiza,3.698414966111989,-0.4473765428796296,0.009533747569774768,-0.5833643763035269,0.0,0.19006557640766933,kaltluftfront ibiza
formentera regen,4.648470263454529,-0.6760103924246503,-0.0010150711616232775,-0.8119982258485477,0.0,0.2683157315297133,formentera regen
bringen,4.741258613717817,-0.6957748333311693,-0.007862320680891662,-0.008839591702887587,0.0,0.11108430001622575,bringen
gewitter bring+en,3.9663795137677713,-0.5173259198927731,-0.026969086876589436,-0.6533137533166704,0.0,0.2895332134546219,gewitter bring+en
geht,3.4900974711910058,-0.3894018670832671,0.03820586120952513,-0.5253897005071644,0.0,0.09991672077994523,geht
aemet geh+t,2.967930996002307,-0.22733727826040168,-0.05159257077443295,-0.36332511168429893,0.0,0.2619813096028106,aemet geh+t
maximal,2.8920452888942787,-0.20143616678506884,-0.05414316404514653,-0.337424000208966,0.0,0.25895732396994425,maximal
geh+t maximal,2.8920452888942787,-0.20143616678506884,-0.05414316404514653,-0.337424000208966,0.0,0.25895732396994425,geh+t maximal
maximal liter+n,2.202254601260382,0.0710461430983476,-0.08130891489385256,-0.06494169032554988,0.0,0.21131488439535853,maximal liter+n
Trotzdem,2.169303935111039,0.08612144858347387,-0.0727403445241599,-0.04986638484042339,0.0,0.18566259386268502,Trotzdem
zwei,2.19165614698299,0.07587030792056512,-0.06547975239130929,-0.060117525503332235,0.0,0.17422775000851548,zwei
trotzdem zwei,2.19165614698299,0.07587030792056512,-0.06547975239130929,-0.060117525503332235,0.0,0.17422775000851548,trotzdem zwei
Warnstufen…,2.212678755164147,0.06632390951821941,-0.06195814327871301,-0.06966392390567792,0.0,0.1707242963713224,Warnstufen…
zwei warnstufen…,2.212678755164147,0.06632390951821941,-0.06195814327871301,-0.06966392390567792,0.0,0.1707242963713224,zwei warnstufen…
warnstufen… morgig+en,2.350060692271968,0.006086643127815311,-0.03560462448846912,-0.12990119029608208,0.0,0.1367416981289227,warnstufen… morgig+en
+419,2.1866009308932783,0.07817954570456863,-0.08538821469634948,-0.05780828771932868,0.0,0.21679403464190666,+419
maximal +419,2.1866009308932783,0.07817954570456863,-0.08538821469634948,-0.05780828771932868,0.0,0.21679403464190666,maximal +419
+419 chars,2.172204592677784,0.08478520428968332,-0.08616481714398805,-0.051202629134213924,0.0,0.21544025929079072,+419 chars
Überschwemmungen,3.390689730227331,-0.3605055634920866,-0.03204041768256123,-0.49649339691598393,0.0,0.26027981208396256,Überschwemmungen
wieder überschwemmung+en,2.3163039941719807,0.020554988073902238,-0.08475580961985,-0.11543284534999503,0.0,0.24053039593557604,wieder überschwemmung+en
überschwemmung+en ibiza,2.4690249099229593,-0.043295501936751316,-0.0805100837955729,-0.1792833353606487,0.0,0.25738398591654277,überschwemmung+en ibiza
ibiza wie,2.280887439238115,0.035963202476194625,-0.08590111947164336,-0.10002463094770264,0.0,0.2364142511463091,ibiza wie
vorhergesagt,3.528473151325894,-0.40033744489069273,-0.04965574664947648,-0.53632527831459,0.0,0.3075294448544537,vorhergesagt
wie vorhergesagt,3.528473151325894,-0.40033744489069273,-0.04965574664947648,-0.53632527831459,0.0,0.3075294448544537,wie vorhergesagt
schwere,4.510096499141361,-0.645790752541988,-0.04202860085701311,-0.7817785859658855,0.0,0.34713585899447896,schwere
vorhergesagt schwer+e,4.510096499141361,-0.645790752541988,-0.04202860085701311,-0.7817785859658855,0.0,0.34713585899447896,vorhergesagt schwer+e
schwer+e gewitter,6.281114120222166,-0.9770195749748207,-0.0339117789636558,-1.113007408398718,0.0,0.3848963069092641,schwer+e gewitter
frühen,4.241728878971541,-0.5844431431599278,-0.03381689625430704,-0.720430976583825,0.0,0.31847494275318056,frühen
gewitter früh+en,4.241728878971541,-0.5844431431599278,-0.03381689625430704,-0.720430976583825,0.0,0.31847494275318056,gewitter früh+en
früh+en morgen,3.9186592200355586,-0.5052217621405091,-0.02784567587538736,-0.6412095955644063,0.0,0.28854008854020413,früh+en morgen
morgen ibiza,3.524766329094485,-0.39928634699929805,-0.03438821162167343,-0.5352741804231953,0.0,0.2758281715682541,morgen ibiza
überzogen,3.6852566858668636,-0.44381238271793194,-0.004675755844722482,-0.5798002161418292,0.0,0.22240577249752153,überzogen
ibiza überzieh+en,3.6852566858668636,-0.44381238271793194,-0.004675755844722482,-0.5798002161418292,0.0,0.22240577249752153,ibiza überzieh+en
Schaden,3.3354321964610425,-0.34407446766313954,-0.005434260177007241,-0.48006230108703696,0.0,0.1957598743676218,Schaden
überzieh+en schaden,3.3354321964610425,-0.34407446766313954,-0.005434260177007241,-0.48006230108703696,0.0,0.1957598743676218,überzieh+en schaden
verursacht,3.1751559871761006,-0.294828963507975,-0.019231498946803885,-0.43081679693187225,0.0,0.21251381389742066,verursacht
schaden verursach+t,3.1751559871761006,-0.294828963507975,-0.019231498946803885,-0.43081679693187225,0.0,0.21251381389742066,schaden verursach+t
starke,2.9720459756922875,-0.22872279890058997,-0.03459510616612065,-0.3647106323244873,0.0,0.22576916177589038,starke
der stark+e,2.9720459756922875,-0.22872279890058997,-0.03459510616612065,-0.3647106323244873,0.0,0.22576916177589038,der stark+e
stark+e regen,2.9076797612799132,-0.20682763280186814,-0.03904561957568729,-0.3428154662257655,0.0,0.22829132159322754,stark+e regen
kurzer,2.810538216446119,-0.17284820365768463,-0.04546777311783377,-0.30883603708158197,0.0,0.2307313416349807,kurzer
regen kurz+er,2.810538216446119,-0.17284820365768463,-0.04546777311783377,-0.30883603708158197,0.0,0.2307313416349807,regen kurz+er
Zeit,2.7669596278388267,-0.1572213126597411,-0.04825373989388634,-0.29320914608363846,0.0,0.2313235979089468,Zeit
kurz+er zeit,2.7669596278388267,-0.1572213126597411,-0.04825373989388634,-0.29320914608363846,0.0,0.2313235979089468,kurz+er zeit
zeit überschwemmung+en,2.7126302674482563,-0.13739094513004332,-0.047486989366086356,-0.2733787785539407,0.0,0.22255255786753295,zeit überschwemmung+en
geführt,2.6970892008043155,-0.131645320245477,-0.04323883980260488,-0.2676331536693743,0.0,0.21105536914251585,geführt
überschwemmung+en ge+führ+t,2.6970892008043155,-0.131645320245477,-0.04323883980260488,-0.2676331536693743,0.0,0.21105536914251585,überschwemmung+en ge+führ+t
Bäume,2.719889890714887,-0.14006360068459847,-0.03889058520983402,-0.2760514341084959,0.0,0.20441782367151826,Bäume
ge+führ+t baum+e,2.719889890714887,-0.14006360068459847,-0.03889058520983402,-0.2760514341084959,0.0,0.20441782367151826,ge+führ+t baum+e
wurden,2.744414245137468,-0.14903986499201147,-0.03436491724169991,-0.28502769841590864,0.0,0.1974677799422633,wurden
baum+e werd+en,2.744414245137468,-0.14903986499201147,-0.03436491724169991,-0.28502769841590864,0.0,0.1974677799422633,baum+e werd+en
entwurzelt,2.3268333226173428,0.016019543276035084,-0.04035675535443085,-0.11996829014786226,0.0,0.14362803956879713,entwurzelt
werd+en entwurzel+t,2.3268333226173428,0.016019543276035084,-0.04035675535443085,-0.11996829014786226,0.0,0.14362803956879713,werd+en entwurzel+t
Flughafenstraße,2.4058373003230606,-0.01737019534102182,-0.03368523988733288,-0.153358028764919,0.0,0.14266222304755852,Flughafenstraße
entwurzel+t flug+hafen+straße,2.4058373003230606,-0.01737019534102182,-0.03368523988733288,-0.153358028764919,0.0,0.14266222304755852,entwurzel+t flug+hafen+straße
flug+hafen+straße zeitweise,2.369829398802177,-0.0022901714792263428,-0.06292864246648645,-0.13827800490312378,0.0,0.20347433895327183,flug+hafen+straße zeitweise
gesperrt,2.397875851329004,-0.014055486059979673,-0.06903009176782016,-0.15004331948387706,0.0,0.22165539574634827,gesperrt
zeitweise ge+sperr+t,2.397875851329004,-0.014055486059979673,-0.06903009176782016,-0.15004331948387706,0.0,0.22165539574634827,zeitweise ge+sperr+t
Flugha…,2.4745618409592964,-0.045535548943359115,-0.0743101995825827,-0.18152338236725632,0.0,0.24542606323241103,Flugha…
der flugha…,2.4745618409592964,-0.045535548943359115,-0.0743101995825827,-0.18152338236725632,0.0,0.24542606323241103,der flugha…
flugha… wie,2.545430150366565,-0.07377185609725066,-0.07614809164833897,-0.2097596895211481,0.0,0.25998176564062075,flugha… wie
entwurzel…,2.06854915807511,0.13368032572870342,-0.0883027261378331,-0.002307507695193918,0.0,0.19692990697236876,entwurzel…
werd+en entwurzel…,2.06854915807511,0.13368032572870342,-0.0883027261378331,-0.002307507695193918,0.0,0.19692990697236876,werd+en entwurzel…
+506,2.050635746718208,0.14237793202580842,-0.08975987123783305,0.006390098601911043,0.0,0.19580884511792498,+506
entwurzel… +506,2.050635746718208,0.14237793202580842,-0.08975987123783305,0.006390098601911043,0.0,0.19580884511792498,entwurzel… +506
+506 chars,2.0437358495510978,0.14574836557668408,-0.09031730211123115,0.009760532152786796,0.0,0.195347211061793,+506 chars
Asbestgefahr,2.1965687319757476,0.07363132191573687,0.06708746767922634,-0.06235651150816041,0.0,-0.21071337839003162,Asbestgefahr
Hagelschäden,3.0181566702340827,-0.24411847348890728,0.18162194495603287,-0.3801063069128046,0.0,-0.5284631737946757,Hagelschäden
asbest+gefahr hagel+schaden,3.0181566702340827,-0.24411847348890728,0.18162194495603287,-0.3801063069128046,0.0,-0.5284631737946757,asbest+gefahr hagel+schaden
größer,2.295055799109243,0.02977064089478946,0.08603692596917058,-0.1062171925291078,0.0,-0.2545740594109788,größer
hagel+schaden groß+er,2.295055799109243,0.02977064089478946,0.08603692596917058,-0.1062171925291078,0.0,-0.2545740594109788,hagel+schaden groß+er
vermutet,2.139639409159897,0.0998904830056918,0.055155391032032056,-0.03609735041820555,0.0,-0.18445421730007652,vermutet
groß+er vermut+et,2.139639409159897,0.0998904830056918,0.055155391032032056,-0.03609735041820555,0.0,-0.18445421730007652,groß+er vermut+et
vermut+et der,2.067560744179433,0.1341582694670714,0.038877551714836985,-0.0018295639568259912,0.0,-0.15018643083869707,vermut+et der
Zuge,2.0273422122340143,0.15380211727575774,0.029166275313665137,0.01781428385186033,0.0,-0.13054258303001054,Zuge
der zug+e,2.0273422122340143,0.15380211727575774,0.029166275313665137,0.01781428385186033,0.0,-0.13054258303001054,der zug+e
Klimawandels,2.022365547230896,0.15625990820978924,0.027930994140277738,0.020272074785891988,0.0,-0.1280847920959791,Klimawandels
zug+e klima+wandel+s,2.022365547230896,0.15625990820978924,0.027930994140277738,0.020272074785891988,0.0,-0.1280847920959791,zug+e klima+wandel+s
klima+wandel+s immer,2.1039136261272153,0.11672855563720151,0.047259781925228055,-0.01925927778669569,0.0,-0.16761614466856672,klima+wandel+s immer
häufiger,2.160466089034122,0.09020381707035778,0.05961014065295474,-0.04578401635353967,0.0,-0.1941408832354107,häufiger
immer häufig+er,2.160466089034122,0.09020381707035778,0.05961014065295474,-0.04578401635353967,0.0,-0.1941408832354107,immer häufig+er
auftretenden,2.295055799109243,0.02977064089478946,0.08603692596917058,-0.1062171925291078,0.0,-0.2545740594109788,auftretenden
häufig+er auf+tret+end+en,2.295055799109243,0.02977064089478946,0.08603692596917058,-0.1062171925291078,0.0,-0.2545740594109788,häufig+er auf+tret+end+en
Hagelunwetter,3.0181566702340827,-0.24411847348890728,0.18162194495603287,-0.3801063069128046,0.0,-0.5284631737946757,Hagelunwetter
auf+tret+end+en hagel+unwetter,3.0181566702340827,-0.24411847348890728,0.18162194495603287,-0.3801063069128046,0.0,-0.5284631737946757,auf+tret+end+en hagel+unwetter
bergen,2.2753401074427195,0.038398258442840096,0.08240272717814526,-0.09758957498105718,0.0,-0.24594644186292836,bergen
hagel+unwetter berg+en,2.2753401074427195,0.038398258442840096,0.08240272717814526,-0.09758957498105718,0.0,-0.24594644186292836,hagel+unwetter berg+en
Gefahr,2.08842740625471,0.12411645189402747,0.04373321845249657,-0.01187138152986979,0.0,-0.16022824841174083,Gefahr
berg+en gefahr,2.08842740625471,0.12411645189402747,0.04373321845249657,-0.01187138152986979,0.0,-0.16022824841174083,berg+en gefahr
steigender,2.0433329609342956,0.14594551841985307,0.03308457270260287,0.009957684995955863,0.0,-0.13839918188591524,steigender
gefahr steig+end+er,2.0433329609342956,0.14594551841985307,0.03308457270260287,0.009957684995955863,0.0,-0.13839918188591524,gefahr steig+end+er
Asbest-Freisetzung,1.9915956567927033,0.1715916424284338,0.020121151115402778,0.035603809004536496,0.0,-0.11275305787733454,Asbest-Freisetzung
steig+end+er asbest+-+freisetzung,1.9915956567927033,0.1715916424284338,0.020121151115402778,0.035603809004536496,0.0,-0.11275305787733454,steig+end+er asbest+-+freisetzung
Darauf,1.9296678298461614,0.2031799182327337,0.0034451311530573686,0.06719208480883636,0.0,-0.08116478207303478,Darauf
machte,2.4478646700483657,-0.03468828382990014,0.11183581637554216,-0.17067611725379733,0.0,-0.3190329841356686,machte
darauf mach+te,1.913714813006824,0.21148151603891246,-0.0010732233688783676,0.07549368261501521,0.0,-0.07286318426685581,darauf mach+te
Elementarschaden,1.8924717904247645,0.22264399721499528,-0.007240977788859853,0.08665616379109786,0.0,-0.06170070309077329,Elementarschaden
mach+te elementarschad+en,1.8924717904247645,0.22264399721499528,-0.007240977788859853,0.08665616379109786,0.0,-0.06170070309077329,mach+te elementarschad+en
Präventionszentrum,1.8690176484816676,0.23511482627992572,-0.01425968828439357,0.0991269928560285,0.0,-0.04922987402584256,Präventionszentrum
elementarschad+en prävention+s+zentrum,1.8690176484816676,0.23511482627992572,-0.01425968828439357,0.0991269928560285,0.0,-0.04922987402584256,elementarschad+en prävention+s+zentrum
EPZ,1.90162182361265,0.21782068400355692,-0.004562766719748747,0.0818328505796595,0.0,-0.06652401630221143,EPZ
prävention+s+zentrum epz,1.90162182361265,0.21782068400355692,-0.004562766719748747,0.0818328505796595,0.0,-0.06652401630221143,prävention+s+zentrum epz
Plattform,1.9248824392293469,0.20566290210443686,0.0020997689817305668,0.0696750686805395,0.0,-0.0786817982013315,Plattform
epz plattform,1.9248824392293469,0.20566290210443686,0.0020997689817305668,0.0696750686805395,0.0,-0.0786817982013315,epz plattform
österreichischen,1.9631686663273553,0.1859679631116555,0.012631326429306904,0.049980129687758175,0.0,-0.09837673719411288,österreichischen
plattform österreichisch+en,1.9631686663273553,0.1859679631116555,0.012631326429306904,0.049980129687758175,0.0,-0.09837673719411288,plattform österreichisch+en
Brandverhütungsstellen,2.0324888970766057,0.15126669771712306,0.030435804096881063,0.015278864293225825,0.0,-0.13307800258864516,Brandverhütungsstellen
österreichisch+en brand+verhütung+s+stelle+n,2.0324888970766057,0.15126669771712306,0.030435804096881063,0.015278864293225825,0.0,-0.13307800258864516,österreichisch+en brand+verhütung+s+stelle+n
Pres…,2.505730705459213,-0.05805259333802755,0.12063077354880673,-0.19404042676192487,0.0,-0.34239729364379584,Pres…
brand+verhütung+s+stelle+n pres…,2.505730705459213,-0.05805259333802755,0.12063077354880673,-0.19404042676192487,0.0,-0.34239729364379584,brand+verhütung+s+stelle+n pres…
Hagelkörner,3.0181566702340827,-0.24411847348890728,0.18162194495603287,-0.3801063069128046,0.0,-0.5284631737946757,Hagelkörner
pres… hagel+korn+er,3.0181566702340827,-0.24411847348890728,0.18162194495603287,-0.3801063069128046,0.0,-0.5284631737946757,pres… hagel+korn+er
Durchmesser,2.719684932061114,-0.1399882423484977,0.14935438845658983,-0.2759760757723952,0.0,-0.4243329426542663,Durchmesser
hagel+korn+er durchmesser,2.160466089034122,0.09020381707035778,0.05961014065295474,-0.04578401635353967,0.0,-0.1941408832354107,hagel+korn+er durchmesser
vier,2.0378155512402407,0.1486493715332575,0.03174129097027053,0.01266153810936005,0.0,-0.1356953287725108,vier
durchmesser vier,2.0378155512402407,0.1486493715332575,0.03174129097027053,0.01266153810936005,0.0,-0.1356953287725108,durchmesser vier
fünf,1.9956054907280132,0.16958028903100988,0.021156054848411522,0.03359245560711266,0.0,-0.11476441127475846,fünf
vier fünf,1.9956054907280132,0.16958028903100988,0.021156054848411522,0.03359245560711266,0.0,-0.11476441127475846,vier fünf
Zentimetern,2.3661295719817135,-0.0007277307587885165,0.0985340011387322,-0.13671556418268577,0.0,-0.28507243106455693,Zentimetern
fünf zentimeter+n,1.9766307095445612,0.1791340640599242,0.016212101188365476,0.04314623063602683,0.0,-0.10521063624584423,fünf zentimeter+n
Seltenheit,1.913714813006824,0.21148151603891246,-0.0010732233688783676,0.07549368261501521,0.0,-0.07286318426685581,Seltenheit
zentimeter+n seltenheit,1.913714813006824,0.21148151603891246,-0.0010732233688783676,0.07549368261501521,0.0,-0.07286318426685581,zentimeter+n seltenheit
mehr,2.268955858052786,0.041208046202555845,0.08120950262169295,-0.09477978722134163,0.0,-0.24313665410321267,mehr
seltenheit mehr,1.8924717904247645,0.22264399721499528,-0.007240977788859853,0.08665616379109786,0.0,-0.06170070309077329,seltenheit mehr
Gegenden,1.8662649791439485,0.23658870127704879,-0.015098288568852715,0.10060086785315156,0.0,-0.04775599902871952,Gegenden
mehr gegend+en,1.8662649791439485,0.23658870127704879,-0.015098288568852715,0.10060086785315156,0.0,-0.04775599902871952,mehr gegend+en
treten,1.8547628142680403,0.24277097249313698,-0.01863708757900424,0.10678313906923967,0.0,-0.04157372781263127,treten
gegend+en tret+en,1.8547628142680403,0.24277097249313698,-0.01863708757900424,0.10678313906923967,0.0,-0.04157372781263127,gegend+en tret+en
tret+en durchmesser,2.160466089034122,0.09020381707035778,0.05961014065295474,-0.04578401635353967,0.0,-0.1941408832354107,tret+en durchmesser
sieben,1.8243653090907184,0.2592956467433841,-0.02826725648037621,0.12330781331948658,0.0,-0.02504905356238441,sieben
durchmesser sieben,1.8243653090907184,0.2592956467433841,-0.02826725648037621,0.12330781331948658,0.0,-0.02504905356238441,durchmesser sieben
sieben zentimeter+n,1.9766307095445612,0.1791340640599242,0.016212101188365476,0.04314623063602683,0.0,-0.10521063624584423,sieben zentimeter+n
EPZ-Bereichsleiter,1.804018715692082,0.2705110013103258,-0.034948817336018484,0.13452316788642846,0.0,-0.013833698995442576,EPZ-Bereichsleiter
zentimeter+n epz-bereichsleiter,1.804018715692082,0.2705110013103258,-0.034948817336018484,0.13452316788642846,0.0,-0.013833698995442576,zentimeter+n epz-bereichsleiter
Michael,1.7923309310474764,0.2770108286025514,-0.038876318168135096,0.1410229951786539,0.0,-0.007333871703217245,Michael
epz-bereichsleiter michael,1.7923309310474764,0.2770108286025514,-0.038876318168135096,0.1410229951786539,0.0,-0.007333871703217245,epz-bereichsleiter michael
Stu…,1.7879114520300037,0.2794796453972519,-0.0403788703143109,0.14349181197335445,0.0,-0.00486505490851646,Stu…
michael stu…,1.7879114520300037,0.2794796453972519,-0.0403788703143109,0.14349181197335445,0.0,-0.00486505490851646,michael stu…
+1762,1.784765769835846,0.281240612208249,-0.041454270501515365,0.14525277878435175,0.0,-0.003104088097519553,+1762
stu… +1762,1.784765769835846,0.281240612208249,-0.041454270501515365,0.14525277878435175,0.0,-0.003104088097519553,stu… +1762
+1762 chars,1.7817534830860646,0.28292981518315885,-0.042488717190385,0.14694198175926154,0.0,-0.0014148851226095612,+1762 chars
CSU,2.2343926952972124,0.05655833100664108,0.07460553386165615,-0.0794295024172564,0.0,-0.2277863692991275,CSU
cdu csu,2.2343926952972124,0.05655833100664108,0.07460553386165615,-0.0794295024172564,0.0,-0.2277863692991275,cdu csu
csu baden-württemberg,2.1690209285494557,0.08625191671155512,0.06140956749288001,-0.049735916712342135,0.0,-0.19809278359421326,csu baden-württemberg
Bayern,2.6958763722800176,-0.13119553857032676,0.1464214687848834,-0.26718337199422415,0.0,-0.4155402388760952,Bayern
baden-württemberg bayern,2.290462539641399,0.03177401790248314,0.08519701312144971,-0.10421381552141434,0.0,-0.25257068240328523,baden-württemberg bayern
Südschiene,2.199529066113659,0.07228452085654728,0.06768727662460576,-0.06370331256735004,0.0,-0.2120601794492212,Südschiene
bayern süd+schiene,2.199529066113659,0.07228452085654728,0.06768727662460576,-0.06370331256735004,0.0,-0.2120601794492212,bayern süd+schiene
reloaded,2.2162210831893736,0.064724266758223,0.07103273661356305,-0.0712635666656743,0.0,-0.21962043354754532,reloaded
süd+schiene reloaded,2.2162210831893736,0.064724266758223,0.07103273661356305,-0.0712635666656743,0.0,-0.21962043354754532,süd+schiene reloaded
reloaded der,2.310643714405992,0.02300164749004318,0.08885723405610962,-0.11298618593385433,0.0,-0.26134305281572534,reloaded der
Parteichefs,3.1122781096778662,-0.27482717173713833,0.19033379765543404,-0.41081500516103553,0.0,-0.5591718720429066,Parteichefs
der partei+chef+s,3.1122781096778662,-0.27482717173713833,0.19033379765543404,-0.41081500516103553,0.0,-0.5591718720429066,der partei+chef+s
Söder,8.775721622267405,-1.3114612046774576,0.35542674560116216,-1.447449038101355,0.0,-1.5958059049832258,Söder
partei+chef+s söder,3.6807851124039628,-0.44259827773872107,0.2323970435243059,-0.5785861111626183,0.0,-0.7269429780444895,partei+chef+s söder
söder hagel,6.506900422584675,-1.0123354198245864,0.32583255097610153,-1.1483232532484837,0.0,-1.2966801201303548,söder hagel
betonen,3.8539208795699764,-0.48856324290058334,0.24247649500052934,-0.6245510763244806,0.0,-0.7729079432063517,betonen
hagel beton+en,3.8539208795699764,-0.48856324290058334,0.24247649500052934,-0.6245510763244806,0.0,-0.7729079432063517,hagel beton+en
Bedeutung,3.1744093128160125,-0.29459377437982126,0.1957630586363625,-0.4305816078037186,0.0,-0.5789384746855897,Bedeutung
beton+en bedeutung,3.1744093128160125,-0.29459377437982126,0.1957630586363625,-0.4305816078037186,0.0,-0.5789384746855897,beton+en bedeutung
Nachbarländer,2.849151131348778,-0.18649330381619458,0.16431052688483963,-0.3224811372400919,0.0,-0.4708380041219631,Nachbarländer
bedeutung nachbar+land+er,2.849151131348778,-0.18649330381619458,0.16431052688483963,-0.3224811372400919,0.0,-0.4708380041219631,bedeutung nachbar+land+er
Ohne,2.6572786550755736,-0.11677473965771445,0.14153598441676904,-0.2527625730816116,0.0,-0.4011194399634827,Ohne
Süden,2.5773134516651592,-0.08621976115301713,0.1308661926542715,-0.2222075945769145,0.0,-0.3705644614587857,Süden
ohne süden,2.5773134516651592,-0.08621976115301713,0.1308661926542715,-0.2222075945769145,0.0,-0.3705644614587857,ohne süden
wäre,2.5330358473973047,-0.06889072562083808,0.1246157567120919,-0.20487855904473531,0.0,-0.35323542592660634,wäre
süden sei,2.5330358473973047,-0.06889072562083808,0.1246157567120919,-0.20487855904473531,0.0,-0.35323542592660634,süden sei
sei deutschland,2.5003654122570755,-0.05590908864684237,0.11983561883912643,-0.19189692207073977,0.0,-0.3402537889526109,sei deutschland
pleite,2.433999856688201,-0.02900813823711083,0.1096544799059062,-0.164995971661008,0.0,-0.3133528385428792,pleite
deutschland pleite,2.433999856688201,-0.02900813823711083,0.1096544799059062,-0.164995971661008,0.0,-0.3133528385428792,deutschland pleite
pleite sag+t,2.3970317471023534,-0.01370340243040271,0.10369075483888406,-0.14969123585430016,0.0,-0.29804810273617127,pleite sag+t
Bayer,2.3607133881148608,0.001563940990389639,0.09761348503615326,-0.13442389243350775,0.0,-0.28278075931537894,Bayer
sag+t bayer,2.3607133881148608,0.001563940990389639,0.09761348503615326,-0.13442389243350775,0.0,-0.28278075931537894,sag+t bayer
Blick,3.3210953557617966,-0.339766857499821,0.2076713640166291,-0.4757546909237184,0.0,-0.6241115578055894,Blick
mit blick,2.322305478261738,0.01796736457416672,0.09093732641125865,-0.11802046884973047,0.0,-0.2663773357316016,mit blick
blick land+tag+s+wahl,1.9331583979214568,0.20137265649246863,0.004421132997622683,0.0653848230685712,0.0,-0.0829720438132999,blick land+tag+s+wahl
Südwesten,1.9506427993154272,0.19236883851841102,0.009243392992369433,0.05638100509451359,0.0,-0.09197586178735734,Südwesten
land+tag+s+wahl süd+westen,1.9506427993154272,0.19236883851841102,0.009243392992369433,0.05638100509451359,0.0,-0.09197586178735734,land+tag+s+wahl süd+westen
Wunsch,1.9949021670175524,0.16993278739866907,0.020974911237511537,0.0339449539747718,0.0,-0.11441191290709926,Wunsch
süd+westen wunsch,1.9949021670175524,0.16993278739866907,0.020974911237511537,0.0339449539747718,0.0,-0.11441191290709926,süd+westen wunsch
di…,1.9382333917958627,0.19875086202830267,0.005832201732450541,0.06276302860440533,0.0,-0.08559383827746582,di…
blick di…,1.9382333917958627,0.19875086202830267,0.005832201732450541,0.06276302860440533,0.0,-0.08559383827746582,blick di…
+2304,1.931073646077814,0.20245165590149358,0.0038387520620011654,0.0664638224775963,0.0,-0.08189304440427467,+2304
di… +2304,1.931073646077814,0.20245165590149358,0.0038387520620011654,0.0664638224775963,0.0,-0.08189304440427467,di… +2304
+2304 chars,1.9230144215403808,0.2066338313695947,0.0015722846920081762,0.0706459979456974,0.0,-0.07771086893617371,+2304 chars
Treffen,3.0318417854987905,-0.2486424874058024,0.18292706956911228,-0.3846303208296997,0.0,-0.5329871877115706,Treffen
treffen söder,3.309743646963482,-0.33634294089333605,0.20679234442953706,-0.4723307743172334,0.0,-0.6206876411991045,treffen söder
söder cdu+-+land+es+chef,2.9568288472584814,-0.22358956121126414,0.1756028495712327,-0.3595773946351616,0.0,-0.5079342615170326,söder cdu+-+land+es+chef
Syrer,4.762566121501527,-0.7002588266871944,0.28234868718184947,-0.8362466601110917,0.0,-0.9846035269929627,Syrer
hagel syrer,4.152201013822072,-0.563110760976226,0.2576765378198357,-0.6990985944001233,0.0,-0.8474554612819943,hagel syrer
syrer soll+ten,3.6862278199099174,-0.4440758667008151,0.23272993601252384,-0.5800637001247125,0.0,-0.7284205670065835,syrer soll+ten
Heimat,4.637064987065157,-0.6735538227563839,0.27785161547307297,-0.8095416561802813,0.0,-0.9578985230621523,Heimat
soll+ten heimat,3.3450218895204498,-0.34694544006198785,0.20950209288393445,-0.4829332734858853,0.0,-0.6312901403677561,soll+ten heimat
wiederaufbauen,3.1567233040777927,-0.28900676307752,0.19424232049548795,-0.42499459650141724,0.0,-0.5733514633832885,wiederaufbauen
heimat wiederaufbau+en,3.1567233040777927,-0.28900676307752,0.19424232049548795,-0.42499459650141724,0.0,-0.5733514633832885,heimat wiederaufbau+en
wiederaufbau+en hier,2.0128861815113126,0.1609581941131267,0.02555689839262962,0.0249703606892293,0.0,-0.12338650619264191,wiederaufbau+en hier
thema treffen,2.061152178746868,0.1372626609318894,0.03736172353860409,0.0012748275079920454,0.0,-0.14708203937387898,thema treffen
sie cdu+-+land+es+chef,2.25717333349354,0.046414504381957586,0.07898581379693573,-0.08957332904193953,0.0,-0.23793019592381073,sie cdu+-+land+es+chef
Rückführung,3.0430149888307843,-0.25232099912918665,0.18398268636855653,-0.38830883255308424,0.0,-0.5366656994349551,Rückführung
debatte rückführung,2.3287151276088025,0.015211129352707263,0.09206991373779735,-0.12077670407119004,0.0,-0.269133570953061,debatte rückführung
Syrern,2.2690417308393416,0.04117020008876503,0.08122560638460499,-0.09481763333513225,0.0,-0.2431745002170034,Syrern
rückführung syrer+n,2.2690417308393416,0.04117020008876503,0.08122560638460499,-0.09481763333513225,0.0,-0.2431745002170034,rückführung syrer+n
syrer+n deutschland,2.2935906160346633,0.030409253240050504,0.08576944792567737,-0.10557858018384667,0.0,-0.25393544706571786,syrer+n deutschland
deutschland heimat,2.587276544293439,-0.0900779977198232,0.13223790924187073,-0.2260658311437205,0.0,-0.37442269802559164,deutschland heimat
baden-württembergische,3.756504720126864,-0.46296113189971927,0.23693210031538672,-0.5989489653236166,0.0,-0.7473058322054876,baden-württembergische
heimat baden-württembergisch+e,2.4936913625484953,-0.05323629016547489,0.11884083669884078,-0.1892241235893724,0.0,-0.33758099047124346,heimat baden-württembergisch+e
baden-württembergisch+e cdu+-+land+es+chef,3.922563314558766,-0.5062175494245934,0.24620056192290068,-0.6422053828484908,0.0,-0.7905622497303618,baden-württembergisch+e cdu+-+land+es+chef
cdu+-+land+es+chef manuel,4.9578394904063,-0.740442261780703,0.28885725829795217,-0.8764300952046004,0.0,-1.0247869620864714,cdu+-+land+es+chef manuel
deutsche,2.2753401074427195,0.038398258442840096,0.08240272717814526,-0.09758957498105718,0.0,-0.24594644186292836,deutsche
hagel deutsch+e,2.2753401074427195,0.038398258442840096,0.08240272717814526,-0.09758957498105718,0.0,-0.24594644186292836,hagel deutsch+e
Nachkriegszeit,2.149768388818602,0.09516768724328194,0.057335202875904524,-0.040820146180615434,0.0,-0.18917701306248638,Nachkriegszeit
deutsch+e nachkriegszeit,2.149768388818602,0.09516768724328194,0.057335202875904524,-0.040820146180615434,0.0,-0.18917701306248638,deutsch+e nachkriegszeit
verwiesen,2.0378155512402407,0.1486493715332575,0.03174129097027053,0.01266153810936005,0.0,-0.1356953287725108,verwiesen
nachkriegszeit verweis+en,2.0378155512402407,0.1486493715332575,0.03174129097027053,0.01266153810936005,0.0,-0.1356953287725108,nachkriegszeit verweis+en
Wer,2.5393339544278053,-0.07137402652875785,0.1255205411813387,-0.20736185995265524,0.0,-0.3557187268345262,Wer
dieses…,1.9398562822569716,0.19791390842885276,0.006281459719473985,0.0619260750049555,0.0,-0.08643079187691566,dieses…
wer dieses…,1.9398562822569716,0.19791390842885276,0.006281459719473985,0.0619260750049555,0.0,-0.08643079187691566,wer dieses…
+998,1.9180527731828343,0.20921730667250443,0.000164882220167773,0.07322947324860712,0.0,-0.07512739363326403,+998
dieses… +998,1.9180527731828343,0.20921730667250443,0.000164882220167773,0.07322947324860712,0.0,-0.07512739363326403,dieses… +998
+998 char+s,1.9075043710311328,0.21473202177792738,-0.0028582556660583093,0.07874418835403013,0.0,-0.06961267852784105,+998 char+s
Nagold,2.074564058719588,0.130776758022218,0.04052075014676443,-0.005211075401679201,0.0,-0.15356794228355036,Nagold
wiederaufbau+en nagold,2.074564058719588,0.130776758022218,0.04052075014676443,-0.005211075401679201,0.0,-0.15356794228355036,wiederaufbau+en nagold
nagold debatte,2.0180020326426584,0.1584198682621594,0.02684162740974588,0.02243203483826201,0.0,-0.125924832043609,nagold debatte
hagel kopier+e,2.370273394113549,-0.0024775072109889766,0.09923486206237164,-0.1384653406348864,0.0,-0.2868222075167575,hagel kopier+e
Trümmerfrauen,2.178824907710654,0.08174209913894868,0.06345044012604947,-0.05424573428494854,0.0,-0.20260260116681963,Trümmerfrauen
hin+zu+füg+en trümmer+frau+en,2.178824907710654,0.08174209913894868,0.06345044012604947,-0.05424573428494854,0.0,-0.20260260116681963,hin+zu+füg+en trümmer+frau+en
Vorbild,2.9581517709741734,-0.2240368741690355,0.17573571397446713,-0.3600247075929327,0.0,-0.5083815744748038,Vorbild
trümmer+frau+en vorbild,2.3595954628419946,0.002037607154645255,0.09742285425245936,-0.13395022626925202,0.0,-0.28230709315112307,trümmer+frau+en vorbild
Syrien,3.7660494381370597,-0.4654987601922826,0.2374893970514964,-0.6014865936161798,0.0,-0.7498434604980511,Syrien
vorbild syrien,2.6496804598600407,-0.11391125409365087,0.1405546041684837,-0.24989908751754816,0.0,-0.398255954399419,vorbild syrien
hagel söder,2.6997723595866994,-0.1326396607426093,0.14690553852772734,-0.26862749416650666,0.0,-0.4169843610483776,hagel söder
sprechen,2.495704492422426,-0.05404325359018255,0.11914156298205192,-0.19003108701407992,0.0,-0.33838795389595094,sprechen
söder sprech+en,2.495704492422426,-0.05404325359018255,0.11914156298205192,-0.19003108701407992,0.0,-0.33838795389595094,söder sprech+en
sprech+en rückführung,2.3304525954966024,0.0144653017407397,0.09237563171964112,-0.1215225316831575,0.0,-0.2698793985650286,sprech+en rückführung
Verantwortung,2.343210458293468,0.009005817675078222,0.09460374306387043,-0.12698201574881918,0.0,-0.27533888263069,Verantwortung
rückführung verantwortung,2.343210458293468,0.009005817675078222,0.09460374306387043,-0.12698201574881918,0.0,-0.27533888263069,rückführung verantwortung
spielen,2.115048780636206,0.11144992108623206,0.049756064785332135,-0.024537912337665342,0.0,-0.1728947792195363,spielen
dabei spiel+en,2.115048780636206,0.11144992108623206,0.049756064785332135,-0.024537912337665342,0.0,-0.1728947792195363,dabei spiel+en
christliche,2.0562110379580005,0.13966281020259855,0.03618495329089769,0.0036749767787012,0.0,-0.14468189010316973,christliche
spiel+en christlich+e,2.0562110379580005,0.13966281020259855,0.03618495329089769,0.0036749767787012,0.0,-0.14468189010316973,spiel+en christlich+e
Werte,2.017493643455052,0.15867182699590665,0.02671432234503094,0.022683993572009318,0.0,-0.12567287330986185,Werte
christlich+e wert+e,2.017493643455052,0.15867182699590665,0.02671432234503094,0.022683993572009318,0.0,-0.12567287330986185,christlich+e wert+e
Roll…,1.9896493971518379,0.17256935657038408,0.019616946627695,0.03658152314648662,0.0,-0.1117753437353844,Roll…
wert+e roll…,1.9896493971518379,0.17256935657038408,0.019616946627695,0.03658152314648662,0.0,-0.1117753437353844,wert+e roll…
+1161,1.9745869031517944,0.1801685839347488,0.015672432778541932,0.044180750510851324,0.0,-0.1041761163710196,+1161
roll… +1161,1.9745869031517944,0.1801685839347488,0.015672432778541932,0.044180750510851324,0.0,-0.1041761163710196,roll… +1161
+1161 chars,1.9629611915727003,0.18607365230806897,0.012575654665116667,0.05008581888417155,0.0,-0.09827104799769942,+1161 chars
deutsch+e vorbild,2.2101847264145755,0.0674516987996689,0.06983003488610466,-0.06853613462422825,0.0,-0.21689300150609944,deutsch+e vorbild
vorbild manuel,2.4639291078881245,-0.04122947665898141,0.11432669130334464,-0.1772173100828789,0.0,-0.32557417696474983,vorbild manuel
fordert,2.505730705459213,-0.05805259333802755,0.12063077354880673,-0.19404042676192487,0.0,-0.34239729364379584,fordert
hagel forder+t,2.505730705459213,-0.05805259333802755,0.12063077354880673,-0.19404042676192487,0.0,-0.34239729364379584,hagel forder+t
forder+t syrer,2.2753401074427195,0.038398258442840096,0.08240272717814526,-0.09758957498105718,0.0,-0.24594644186292836,forder+t syrer
Wiederaufbau,3.008935741903832,-0.24105864467129534,0.18073489550998764,-0.3770464780951926,0.0,-0.5254033449770638,Wiederaufbau
syrer wiederaufbau,2.139639409159897,0.0998904830056918,0.055155391032032056,-0.03609735041820555,0.0,-0.18445421730007652,syrer wiederaufbau
wiederaufbau heimat,2.0128861815113126,0.1609581941131267,0.02555689839262962,0.0249703606892293,0.0,-0.12338650619264191,wiederaufbau heimat
heimat der,1.9876982786610702,0.17355047203038923,0.01911023624771376,0.03756263860649183,0.0,-0.11079422827537921,heimat der
der baden-württembergisch+e,2.4189125104592546,-0.022790265876634245,0.10724687516367082,-0.15877809930053166,0.0,-0.30713496618240266,der baden-württembergisch+e
verweist,3.3784578147864512,-0.35689154010934154,0.21201153927927513,-0.4928793735332389,0.0,-0.64123624041511,verweist
hagel verweis+t,3.3784578147864512,-0.35689154010934154,0.21201153927927513,-0.4928793735332389,0.0,-0.64123624041511,hagel verweis+t
verweis+t debatte,2.719684932061114,-0.1399882423484977,0.14935438845658983,-0.2759760757723952,0.0,-0.4243329426542663,verweis+t debatte
Rückführungen,2.541335632562381,-0.0721619849676485,0.12580699195240777,-0.20814981839154575,0.0,-0.3565066852734169,Rückführungen
debatte rückführung+en,2.541335632562381,-0.0721619849676485,0.12580699195240777,-0.20814981839154575,0.0,-0.3565066852734169,debatte rückführung+en
rückführung+en syrien,2.246387964364449,0.051204220357838164,0.07692545793469699,-0.08478361306605935,0.0,-0.23314047994793038,rückführung+en syrien
syrien wiederaufbau,2.4814109921518424,-0.04829954938631548,0.11699381568931051,-0.18428738281021279,0.0,-0.3326442496920838,syrien wiederaufbau
Deutschlands,2.224744100554429,0.06088589943193489,0.0727173409772841,-0.07510193399196245,0.0,-0.22345880087383346,Deutschlands
wiederaufbau deutschland+s,2.224744100554429,0.06088589943193489,0.0727173409772841,-0.07510193399196245,0.0,-0.22345880087383346,wiederaufbau deutschland+s
1945,2.1660452895102202,0.08762473980439445,0.06078564981774527,-0.048363093619502674,0.0,-0.19671996050137389,1945
deutschland+s 1945,2.1660452895102202,0.08762473980439445,0.06078564981774527,-0.048363093619502674,0.0,-0.19671996050137389,deutschland+s 1945
wer syrien,2.126555538950134,0.10602424453797755,0.05230176265188816,-0.02996358888591974,0.0,-0.17832045576779082,wer syrien
aufbauen,2.096970190902316,0.12003426074607633,0.04568658238161967,-0.015953572677821024,0.0,-0.16431043955969205,aufbauen
syrien auf+bau+en,2.096970190902316,0.12003426074607633,0.04568658238161967,-0.015953572677821024,0.0,-0.16431043955969205,syrien auf+bau+en
eigenen,1.8622760934038178,0.23872835171099155,-0.01631915761966725,0.10274051828709425,0.0,-0.045616348594776895,eigenen
auf+bau+en eigen+en,1.8622760934038178,0.23872835171099155,-0.01631915761966725,0.10274051828709425,0.0,-0.045616348594776895,auf+bau+en eigen+en
Staatsbürger,1.873295793425709,0.23282846150898628,-0.012962629578548181,0.09684062808508893,0.0,-0.051516238796782035,Staatsbürger
eigen+en staat+s+bürger,1.873295793425709,0.23282846150898628,-0.012962629578548181,0.09684062808508893,0.0,-0.051516238796782035,eigen+en staat+s+bürger
fragte,1.9095366019677213,0.21366720159759225,-0.002272513709726411,0.07767936817369485,0.0,-0.07067749870817608,fragte
staat+s+bürger frag+te,1.9095366019677213,0.21366720159759225,-0.002272513709726411,0.07767936817369485,0.0,-0.07067749870817608,staat+s+bürger frag+te
Auftri…,1.960009075717837,0.18757869374910485,0.011781898534715493,0.05159086032520756,0.0,-0.09676600655666356,Auftri…
frag+te auftri…,1.960009075717837,0.18757869374910485,0.011781898534715493,0.05159086032520756,0.0,-0.09676600655666356,frag+te auftri…
auftri… der,1.9876982786610702,0.17355047203038923,0.01911023624771376,0.03756263860649183,0.0,-0.11079422827537921,auftri… der
wenns,1.8287553292676828,0.2568922099424652,-0.026850874157659663,0.12090437651856788,0.0,-0.027452490363303134,wenns
auf+bau+en wenn+s,1.8287553292676828,0.2568922099424652,-0.026850874157659663,0.12090437651856788,0.0,-0.027452490363303134,auf+bau+en wenn+s
+1234,1.8154495296596516,0.26419468565499643,-0.03117116375711465,0.12820685223109898,0.0,-0.020150014650771916,+1234
wenn+s +1234,1.8154495296596516,0.26419468565499643,-0.03117116375711465,0.12820685223109898,0.0,-0.020150014650771916,wenn+s +1234
+1234 chars,1.810967920943307,0.2666663321540088,-0.032644863853583075,0.13067849873011142,0.0,-0.01767836815175953,+1234 chars
Unvereinbarkeit,3.5366895034853814,-0.40266332364676066,0.2231670798168591,-0.5386511570706579,0.0,-0.6870080239525291,Unvereinbarkeit
unvereinbarkeit hagel,4.398896788089206,-0.6208259820573789,0.26854784916271285,-0.7568138154812761,0.0,-0.9051706823631471,unvereinbarkeit hagel
schwört,4.330104359891102,-0.6050638458663442,0.2656524335465302,-0.7410516792902414,0.0,-0.8894085461721125,schwört
hagel schwör+t,4.330104359891102,-0.6050638458663442,0.2656524335465302,-0.7410516792902414,0.0,-0.8894085461721125,hagel schwör+t
schwör+t cdu,3.6973858049380186,-0.44709823327868886,0.23340898439895505,-0.5830860667025861,0.0,-0.7314429335844573,schwör+t cdu
Kampf,3.4128576968482527,-0.3670221771580261,0.21453565515988762,-0.5030100105819234,0.0,-0.6513668774637945,Kampf
cdu kampf,3.4128576968482527,-0.3670221771580261,0.21453565515988762,-0.5030100105819234,0.0,-0.6513668774637945,cdu kampf
kampf afd,3.0610024807994565,-0.2582146729677751,0.18566360926753125,-0.39420250639167254,0.0,-0.5425593732735436,kampf afd
Immer,2.3571368005174085,0.003080135078636887,0.09700283401253156,-0.1329076983452606,0.0,-0.2812645652271316,Immer
afd immer,2.0039850609942613,0.16539006884794358,0.023301963525281508,0.029402235424046123,0.0,-0.11895463145782492,afd immer
debattiert,2.373060424075665,-0.0036526428390809317,0.0997045916535081,-0.1396404762629782,0.0,-0.28799734314484937,debattiert
immer debattier+t,2.373060424075665,-0.0036526428390809317,0.0997045916535081,-0.1396404762629782,0.0,-0.28799734314484937,immer debattier+t
Union,3.276359065054592,-0.3262049672530895,0.20416731673260385,-0.4621928006769868,0.0,-0.6105496675588581,Union
debattier+t union,2.505730705459213,-0.05805259333802755,0.12063077354880673,-0.19404042676192487,0.0,-0.34239729364379584,debattier+t union
union brand+mauer,2.741380290420346,-0.14793375173647832,0.15197533752754866,-0.28392158516037574,0.0,-0.43227845204224674,union brand+mauer
cdu+-+chef hagel,4.349988364461101,-0.6096453728113926,0.26649961163036284,-0.74563320623529,0.0,-0.8939900731171609,cdu+-+chef hagel
hagel land+tag+s+wahl,3.0631261548076876,-0.2589082162356314,0.18586057764695657,-0.39489604965952874,0.0,-0.5432529165413998,hagel land+tag+s+wahl
land+tag+s+wahl blick,2.6271111536851817,-0.10535702438246969,0.13760027956413362,-0.24134485780636702,0.0,-0.3897017246882381,land+tag+s+wahl blick
pocht,2.5290100925167054,-0.06730016094516597,0.12403462529194609,-0.2032879943690634,0.0,-0.3516448612509346,pocht
blick poch+t,2.5290100925167054,-0.06730016094516597,0.12403462529194609,-0.2032879943690634,0.0,-0.3516448612509346,blick poch+t
scharfe,2.387493920346148,-0.009716449468536642,0.10211620798556933,-0.14570428289243378,0.0,-0.29406114977430486,scharfe
poch+t scharf+e,2.387493920346148,-0.009716449468536642,0.10211620798556933,-0.14570428289243378,0.0,-0.29406114977430486,poch+t scharf+e
Abgrenzung,2.3340217594310446,0.012934940821398518,0.09300192790631386,-0.12305289260249869,0.0,-0.2714097594843698,Abgrenzung
scharf+e abgrenzung,2.3340217594310446,0.012934940821398518,0.09300192790631386,-0.12305289260249869,0.0,-0.2714097594843698,scharf+e abgrenzung
Wählern,2.2706613971370206,0.04045664401659799,0.08152906651047348,-0.09553118940729943,0.0,-0.2438880562891705,Wählern
radikaler,1.9095366019677213,0.21366720159759225,-0.002272513709726411,0.07767936817369485,0.0,-0.07067749870817608,radikaler
wähler+n radikal+er,1.9095366019677213,0.21366720159759225,-0.002272513709726411,0.07767936817369485,0.0,-0.07067749870817608,wähler+n radikal+er
Parteien,2.3527802483613223,0.00493008417681884,0.09625600048057024,-0.13105774924707858,0.0,-0.2794146161289495,Parteien
radikal+er partei+en,1.8907318350630462,0.22356382900658892,-0.00775401344489646,0.08757599558269158,0.0,-0.06078087129917955,radikal+er partei+en
Brücke,2.3545082858573823,0.004195887595868969,0.0965526313789553,-0.1317919458280285,0.0,-0.2801488127098995,Brücke
partei+en brücke,1.8523853250774442,0.24405362396924915,-0.01937561369977241,0.10806579054535183,0.0,-0.040291076336519335,partei+en brücke
bauen,2.7072662631170115,-0.13541156930531673,0.14783207214972513,-0.27139940272921403,0.0,-0.41975626961108503,bauen
brücke bau+en,1.8445137909450966,0.2483120826292308,-0.02183829492412385,0.11232424920533346,0.0,-0.036032617676537454,brücke bau+en
hinzu+füg+en immer,1.9398562822569716,0.19791390842885276,0.006281459719473985,0.0619260750049555,0.0,-0.08643079187691566,hinzu+füg+en immer
radi…,1.9095366019677213,0.21366720159759225,-0.002272513709726411,0.07767936817369485,0.0,-0.07067749870817608,radi…
wähler+n radi…,1.9095366019677213,0.21366720159759225,-0.002272513709726411,0.07767936817369485,0.0,-0.07067749870817608,wähler+n radi…
+3353,1.89603921866248,0.22076070888162957,-0.0061928643375342655,0.08477287545773217,0.0,-0.06358399142413894,+3353
radi… +3353,1.89603921866248,0.22076070888162957,-0.0061928643375342655,0.08477287545773217,0.0,-0.06358399142413894,radi… +3353
+3353 chars,1.8856777173899557,0.2262405093933207,-0.009251121679101798,0.09025267596942332,0.0,-0.05810419091244775,+3353 chars
afd hier,2.0640877083894393,0.13583945635790998,0.03805752262284101,-0.00014837706598730649,0.0,-0.1485052439478584,afd hier
thema unvereinbarkeit,2.2778376830093636,0.03730118912901694,0.08286732190952359,-0.09868664429488049,0.0,-0.24704351117675133,thema unvereinbarkeit
sie hagel,3.0846118075543854,-0.2658980197555097,0.18783594826582825,-0.40188585317940695,0.0,-0.5502427200612781,sie hagel
cdu+-+spitze+n+kandidat manuel,4.345140516825494,-0.6085303006361308,0.26629384493203584,-0.7445181340600281,0.0,-0.8928750009418991,cdu+-+spitze+n+kandidat manuel
AfD-Wählern,2.433664038772353,-0.028870159147513445,0.10960127831934541,-0.1648579925714108,0.0,-0.313214859453282,AfD-Wählern
hagel afd-wähler+n,2.433664038772353,-0.028870159147513445,0.10960127831934541,-0.1648579925714108,0.0,-0.313214859453282,hagel afd-wähler+n
Landtagswahlkampf,2.223843762412809,0.06129067424212025,0.0725401295468527,-0.07469715918177687,0.0,-0.22305402606364808,Landtagswahlkampf
afd-wähler+n land+tag+s+wahl+kampf,2.223843762412809,0.06129067424212025,0.0725401295468527,-0.07469715918177687,0.0,-0.22305402606364808,afd-wähler+n land+tag+s+wahl+kampf
goldene,2.105822062661283,0.11582187797100585,0.04768993472074862,-0.02016595545289144,0.0,-0.1685228223347626,goldene
land+tag+s+wahl+kampf golden+e,2.105822062661283,0.11582187797100585,0.04768993472074862,-0.02016595545289144,0.0,-0.1685228223347626,land+tag+s+wahl+kampf golden+e
golden+e brücke,2.0874073801696245,0.12460498947156254,0.043498657781429785,-0.011382843952334824,0.0,-0.15973971083420604,golden+e brücke
brücke union,2.072087770054404,0.13197111388415317,0.0399413123380728,-0.004016719539744203,0.0,-0.15237358642161536,brücke union
union bau+en,2.069856675732842,0.1330484313453362,0.03941777269120331,-0.002939402078561117,0.0,-0.1512962689604322,union bau+en
Wir,2.9125065537005463,-0.20848627163780553,-0.05749476736605951,0.4948488664081639,0.0,-0.0541499108517809,Wir
kämpfen,2.0793466523545066,0.12847406252352098,0.04163499976896903,-0.007513770900376205,0.0,-0.15587063778224736,kämpfen
wir kämpf+en,2.0793466523545066,0.12847406252352098,0.04163499976896903,-0.007513770900376205,0.0,-0.15587063778224736,wir kämpf+en
radikale,2.141382004878035,0.09907638018029212,0.05553221548076618,-0.03691145324360507,0.0,-0.18526832012547625,radikale
kämpf+en radikal+e,2.141382004878035,0.09907638018029212,0.05553221548076618,-0.03691145324360507,0.0,-0.18526832012547625,kämpf+en radikal+e
populistische,2.199494673240361,0.07230015745018106,0.06768031943534622,-0.06368767597371632,0.0,-0.21204454285558733,populistische
radikal+e populistisch+e,2.199494673240361,0.07230015745018106,0.06768031943534622,-0.06368767597371632,0.0,-0.21204454285558733,radikal+e populistisch+e
populistisch+e partei+en,2.0480625307810336,0.14363355813001696,0.03422885984690537,0.007645724706119648,0.0,-0.14071114217575154,populistisch+e partei+en
partei+en bau+en,1.9752590052392505,0.17982826580106412,0.015850057167692104,0.04384043237716667,0.0,-0.10451643450470433,partei+en bau+en
deren,1.960426955998908,0.1873655132358798,0.011894440515959375,0.05137767981198237,0.0,-0.09697918706988855,deren
bau+en der,1.960426955998908,0.1873655132358798,0.011894440515959375,0.05137767981198237,0.0,-0.09697918706988855,bau+en der
Wählerinnen,1.9476196732975415,0.19391985087079644,0.008417446311258925,0.05793201744689899,0.0,-0.09042484943497205,Wählerinnen
der wähler+in+nen,1.9476196732975415,0.19391985087079644,0.008417446311258925,0.05793201744689899,0.0,-0.09042484943497205,der wähler+in+nen
+2885,1.9216533944531247,0.2073418390359259,0.0011871411291321126,0.07135400561202856,0.0,-0.07700286126984263,+2885
wähler+in+nen +2885,1.9216533944531247,0.2073418390359259,0.0011871411291321126,0.07135400561202856,0.0,-0.07700286126984263,wähler+in+nen +2885
+2885 chars,1.913003127557536,0.2118534720955369,-0.0012770299559026377,0.07586563867163965,0.0,-0.07249122821023132,+2885 chars
CSU-Chef,3.209994963521465,-0.30574157069517094,0.198765326244685,-0.4417294041190682,0.0,-0.5900862710009392,CSU-Chef
versucht,1.900256126222544,0.21853911708682133,-0.004960414711064788,0.08255128366292418,0.0,-0.06580558321894697,versucht
csu+-+chef versuch+t,1.900256126222544,0.21853911708682133,-0.004960414711064788,0.08255128366292418,0.0,-0.06580558321894697,csu+-+chef versuch+t
Darum,1.9120367644559428,0.21235875473280885,-0.0015540784949747987,0.07637092130891167,0.0,-0.07198594557295947,Darum
versuch+t darum,1.9120367644559428,0.21235875473280885,-0.0015540784949747987,0.07637092130891167,0.0,-0.07198594557295947,versuch+t darum
joggt,1.9198078006042483,0.20830272027208305,0.0006637647978103273,0.07231488684818582,0.0,-0.07604198003368524,joggt
darum jogg+t,1.9198078006042483,0.20830272027208305,0.0006637647978103273,0.07231488684818582,0.0,-0.07604198003368524,darum jogg+t
Markus,3.1904247487935153,-0.2996262605759834,0.1971236437551312,-0.43561409399988055,0.0,-0.5839709608817517,Markus
jogg+t markus,1.928199308762434,0.20394123068953648,0.0030331743915393643,0.06795339726563922,0.0,-0.08040346961623199,jogg+t markus
markus söder,3.4980573185003614,-0.39167996509092784,0.2205477721449295,-0.527667798514825,0.0,-0.6760246653966963,markus söder
söder mehr,1.9601452510490522,0.18750921927441885,0.011818579436367679,0.05152138585052153,0.0,-0.09683548103134959,söder mehr
Warum,2.3540328940438364,0.004397815028165902,0.09647107892003069,-0.13159001839573134,0.0,-0.2799468852776024,Warum
mehr warum,1.9703668399092606,0.18230805888280524,0.014553652604531848,0.04632022545890789,0.0,-0.10203664142296338,mehr warum
warum csu+-+chef,2.293710361322307,0.030357045945058503,0.08579132366209347,-0.10563078747883878,0.0,-0.25398765436070986,warum csu+-+chef
lieber,2.4514585447149706,-0.036155374345742376,0.11239644107286445,-0.17214320776963968,0.0,-0.32050007465151087,lieber
csu+-+chef lieber,2.4514585447149706,-0.036155374345742376,0.11239644107286445,-0.17214320776963968,0.0,-0.32050007465151087,csu+-+chef lieber
Blutwurst,2.936972845858902,-0.2168516091880131,0.1735921297669324,-0.35283944261191036,0.0,-0.5011963094937816,Blutwurst
lieber blut+wurst,2.5020123709692212,-0.056567559015544354,0.12008013378466938,-0.19255539243944159,0.0,-0.34091225932131264,lieber blut+wurst
statt,2.6030866570896585,-0.09617011924609616,0.13438929714842535,-0.2321579526699935,0.0,-0.3805148195518645,statt
blut+wurst statt,2.6030866570896585,-0.09617011924609616,0.13438929714842535,-0.2321579526699935,0.0,-0.3805148195518645,blut+wurst statt
Salat,2.697028963672217,-0.131622985869305,0.14656484638166037,-0.2676108192932023,0.0,-0.4159676861750734,Salat
statt salat,2.697028963672217,-0.131622985869305,0.14656484638166037,-0.2676108192932023,0.0,-0.4159676861750734,statt salat
isst,2.857489364447207,-0.1894155972525775,0.16522008388904338,-0.32540343067647476,0.0,-0.4737602975583458,isst
salat ess+st,2.857489364447207,-0.1894155972525775,0.16522008388904338,-0.32540343067647476,0.0,-0.4737602975583458,salat ess+st
Sportarten,2.787287028820434,-0.1645409342014601,0.1573650450686847,-0.3005287676253575,0.0,-0.44888563450722857,Sportarten
ess+st sport+art+en,2.787287028820434,-0.1645409342014601,0.1573650450686847,-0.3005287676253575,0.0,-0.44888563450722857,ess+st sport+art+en
bevorzugt,2.7372434225709164,-0.14642356638614945,0.15147930829070994,-0.28241139981004665,0.0,-0.43076826669191776,bevorzugt
sport+art+en bevorzug+t,2.7372434225709164,-0.14642356638614945,0.15147930829070994,-0.28241139981004665,0.0,-0.43076826669191776,sport+art+en bevorzug+t
Ein,3.830028208663908,-0.48234437090273635,0.2411455644800713,-0.6183322043266338,0.0,-0.7666890712085048,Ein
ein gespräch,2.8108566082597486,-0.17296148223849903,0.16005297255795797,-0.30894931566239625,0.0,-0.45730618254426725,ein gespräch
CDU-Politiker,2.986008362249508,-0.2334097021494179,0.17850206497496288,-0.3693975355733151,0.0,-0.5177544024551861,CDU-Politiker
gespräch cdu+-+politiker,2.986008362249508,-0.2334097021494179,0.17850206497496288,-0.3693975355733151,0.0,-0.5177544024551861,gespräch cdu+-+politiker
cdu+-+politiker manuel,3.5120167265796356,-0.39566264100595244,0.22150167983263364,-0.5316504744298498,0.0,-0.6800073413117208,cdu+-+politiker manuel
hagel geb+t,3.5878490717327947,-0.41702508112826014,0.22653883353921817,-0.5530129145521573,0.0,-0.7013697814340284,hagel geb+t
Einblicke,3.283303033354656,-0.3283221406043096,0.2047182887744541,-0.46430997402820695,0.0,-0.6126668409100782,Einblicke
geb+t einblick+e,3.283303033354656,-0.3283221406043096,0.2047182887744541,-0.46430997402820695,0.0,-0.6126668409100782,geb+t einblick+e
csu+-+chef markus,2.1672673878101714,0.08706069173154346,0.06104214795627657,-0.04892714169235399,0.0,-0.19728400857422496,csu+-+chef markus
frühere,2.0750313157943947,0.13055155193120901,0.04062989302949975,-0.005436281492688274,0.0,-0.15379314837455918,frühere
söder früh+er+e,2.0750313157943947,0.13055155193120901,0.04062989302949975,-0.005436281492688274,0.0,-0.15379314837455918,söder früh+er+e
Jogging-Ambitio…,2.0449603553159656,0.1451493942958051,0.033479054842898814,0.009161560871907865,0.0,-0.13919530600996333,Jogging-Ambitio…
früh+er+e jogging-ambitio…,2.0449603553159656,0.1451493942958051,0.033479054842898814,0.009161560871907865,0.0,-0.13919530600996333,früh+er+e jogging-ambitio…
+2011,1.9939139357259152,0.17042828846284552,0.02072011717285919,0.03444045503894802,0.0,-0.11391641184292296,+2011
jogging-ambitio… +2011,1.9939139357259152,0.17042828846284552,0.02072011717285919,0.03444045503894802,0.0,-0.11391641184292296,jogging-ambitio… +2011
+2011 chars,1.9803994891491048,0.1772292108973875,0.01720356972403868,0.04124137747349026,0.0,-0.10711548940838096,+2011 chars
hagel ein,2.706670003791469,-0.13519130098350518,0.14775857087204217,-0.27117913440740254,0.0,-0.4195360012892736,hagel ein
launiger,2.5579393410297513,-0.07867419199001305,0.12816267359457836,-0.21466202541391055,0.0,-0.36301889229578144,launiger
ein launig+er,2.5579393410297513,-0.07867419199001305,0.12816267359457836,-0.21466202541391055,0.0,-0.36301889229578144,ein launig+er
Plausch,2.384368272207511,-0.008406416420838524,0.10159692821290287,-0.1443942498447359,0.0,-0.29275111672660675,Plausch
launig+er plausch,2.384368272207511,-0.008406416420838524,0.10159692821290287,-0.1443942498447359,0.0,-0.29275111672660675,launig+er plausch
Essen,2.3734279582845295,-0.003807508575596864,0.09976643756744745,-0.13979534199949423,0.0,-0.2881522088813651,Essen
plausch essen,2.3734279582845295,-0.003807508575596864,0.09976643756744745,-0.13979534199949423,0.0,-0.2881522088813651,plausch essen
Migration,2.3559640655220027,0.003577784101198258,0.09680212129056996,-0.13241004932269917,0.0,-0.2807669162045703,Migration
essen migration,2.3559640655220027,0.003577784101198258,0.09680212129056996,-0.13241004932269917,0.0,-0.2807669162045703,essen migration
migration der,2.2038526149671984,0.0703207800064111,0.06855975589060233,-0.06566705341748622,0.0,-0.21402392029935735,migration der
baden-württembergischen,2.1995741741891948,0.07226401300616354,0.0676964009437574,-0.06372382041773389,0.0,-0.2120806872996049,baden-württembergischen
spitze+n+kandidat baden-württembergisch+en,2.1995741741891948,0.07226401300616354,0.0676964009437574,-0.06372382041773389,0.0,-0.2120806872996049,spitze+n+kandidat baden-württembergisch+en
baden-württembergisch+en cdu,2.4340791447468373,-0.029040712917439523,0.1096670384749063,-0.16502854634133687,0.0,-0.3133854132232079,baden-württembergisch+en cdu
cdu manuel,3.4609196637986592,-0.38100655508803927,0.21796797173322718,-0.5169943885119367,0.0,-0.6653512553938077,cdu manuel
trifft,2.5664010963334283,-0.08197676842815008,0.12934937186961448,-0.21796460185204738,0.0,-0.3663214687339185,trifft
hagel treff+t,2.5664010963334283,-0.08197676842815008,0.12934937186961448,-0.21796460185204738,0.0,-0.3663214687339185,hagel treff+t
treff+t markus,2.308556662239472,0.023905289739074204,0.088482292422568,-0.11208254368482322,0.0,-0.2604394105666942,treff+t markus
Erst,2.1672673878101714,0.08706069173154346,0.06104214795627657,-0.04892714169235399,0.0,-0.19728400857422496,Erst
erst geh+t,2.1345975406380773,0.10224967409384744,0.05406085119253968,-0.03373815933004978,0.0,-0.18209502621192092,erst geh+t
geh+t gut+e,2.0630492564486156,0.13634268751868128,0.03781166337418677,0.0003548540947837497,0.0,-0.14800201278708724,geh+t gut+e
gut+e blut+wurst,2.04159129589946,0.14679824666197852,0.03266152165113654,0.010810413238081126,0.0,-0.13754645364378984,gut+e blut+wurst
blut+wurst bayern,2.003750107731711,0.16550731874242408,0.02324210180349795,0.02951948531852692,0.0,-0.11883738156334432,blut+wurst bayern
Dann,1.98475184601414,0.17503390572736574,0.018342663202411204,0.03904607230346835,0.0,-0.10931079457840281,Dann
Diskussion,1.9606097564126972,0.1872722723777451,0.011943652588031914,0.05128443895384763,0.0,-0.09707242792802347,Diskussion
dann diskussion,1.9606097564126972,0.1872722723777451,0.011943652588031914,0.05128443895384763,0.0,-0.09707242792802347,dann diskussion
syrische,1.9655972441776537,0.18473165725126553,0.013281883751966714,0.04874382382736814,0.0,-0.09961304305450287,syrische
diskussion syrisch+e,1.9655972441776537,0.18473165725126553,0.013281883751966714,0.04874382382736814,0.0,-0.09961304305450287,diskussion syrisch+e
Flüchtlinge,1.9808231809267824,0.17701529119906098,0.017314734870308535,0.041027457775163534,0.0,-0.1073294091067075,Flüchtlinge
syrisch+e flüchtling+e,1.9808231809267824,0.17701529119906098,0.017314734870308535,0.041027457775163534,0.0,-0.1073294091067075,syrisch+e flüchtling+e
jahr baden-württembergisch+e,2.102048912496177,0.11761525576165119,0.04683855036437983,-0.018372577662246228,0.0,-0.1667294445441172,jahr baden-württembergisch+e
baden-württembergisch+e cdu,2.317272119338253,0.02013711420860109,0.09004263167456157,-0.11585071921529638,0.0,-0.2642075860971675,baden-württembergisch+e cdu
Jahren,2.3322211647766036,0.013706694359762368,0.09268625862424826,-0.12228113906413514,0.0,-0.2706380059460062,Jahren
hagel jahr+en,2.3322211647766036,0.013706694359762368,0.09268625862424826,-0.12228113906413514,0.0,-0.2706380059460062,hagel jahr+en
Ministerpräsidenten,2.4920046936386484,-0.05255968695694226,0.1185884340847559,-0.1885475203808397,0.0,-0.33690438726271066,Ministerpräsidenten
jahr+en minister+präsident+en,2.130383650109069,0.10422571652485767,0.0531411569529465,-0.03176211689903951,0.0,-0.1801189837809106,jahr+en minister+präsident+en
stellen,2.0315418287471587,0.15173277113560052,0.030202795182901976,0.01574493771170314,0.0,-0.132611929170168,stellen
minister+präsident+en stell+en,2.0315418287471587,0.15173277113560052,0.030202795182901976,0.01574493771170314,0.0,-0.132611929170168,minister+präsident+en stell+en
Früher,2.0024206454269833,0.16617102602573572,0.022903047282998523,0.030183192601838413,0.0,-0.11817367428003264,Früher
hätte,1.9835300606867161,0.17564968121648444,0.01802353457759563,0.03966184779258726,0.0,-0.1086950190892839,hätte
früher hab+e,1.9835300606867161,0.17564968121648444,0.01802353457759563,0.03966184779258726,0.0,-0.1086950190892839,früher hab+e
hab+e minister+präsident+en,1.9526825019610008,0.19132372817079904,0.009798830472361755,0.055335894746901655,0.0,-0.09302097213496933,hab+e minister+präsident+en
minister+präsident+en union,1.9137297832329276,0.21147369346919148,-0.001068938393133263,0.07548586004529413,0.0,-0.07287100683657675,minister+präsident+en union
staatstragende…,1.895075654911562,0.22126903627544336,-0.006475463033632336,0.08528120285154603,0.0,-0.06307566403032515,staatstragende…
union staatstragende…,1.895075654911562,0.22126903627544336,-0.006475463033632336,0.08528120285154603,0.0,-0.06307566403032515,union staatstragende…
+397,1.8774545934417064,0.23061087767036992,-0.011709020100567858,0.09462304424647265,0.0,-0.053733822635398554,+397
staatstragende… +397,1.8774545934417064,0.23061087767036992,-0.011709020100567858,0.09462304424647265,0.0,-0.053733822635398554,staatstragende… +397
+397 char+s,1.8728343561710916,0.23307481560696167,-0.013102163405220331,0.09708698218306426,0.0,-0.05126988469880686,+397 char+s
Wissenschaft,2.3776632468721957,-0.005590378879132888,-0.19277805969935055,0.6756901675865713,0.0,0.12353201663242165,Wissenschaft
wissenschaft wir,2.4290468793163784,-0.026971152226767676,-0.1932065101040049,0.6763639858192017,0.0,0.12736520855925695,wissenschaft wir
gerade,2.47002793894773,-0.04370166444168957,-0.19334673820428697,0.6757515159052198,0.0,0.13065970851942563,gerade
wir gerade,2.47002793894773,-0.04370166444168957,-0.19334673820428697,0.6757515159052198,0.0,0.13065970851942563,wir gerade
Unerwartetes,2.534665012415888,-0.0695336858585375,-0.19323644099070666,0.6728953376322042,0.0,0.13623082457396093,Unerwartetes
gerade un+erwart+et+es,2.534665012415888,-0.0695336858585375,-0.19323644099070666,0.6728953376322042,0.0,0.13623082457396093,gerade un+erwart+et+es
Eis,3.903884014920828,-0.5014441613676012,-0.23800593707679676,1.0504799078615683,0.0,-0.039124456823504045,Eis
un+erwart+et+es eis,2.6579345451851086,-0.1170215369499968,-0.19205673619371516,0.6618986070606102,0.0,0.14785471095913996,un+erwart+et+es eis
gelernt,2.693684894912831,-0.13038230818688054,-0.19151273970306149,0.6575435194655165,0.0,0.1514061634958496,gelernt
eis ge+lern+t,2.693684894912831,-0.13038230818688054,-0.19151273970306149,0.6575435194655165,0.0,0.1514061634958496,eis ge+lern+t
dürfte,2.847341682704943,-0.18585801864556226,-0.18837891531763976,0.6341317065476246,0.0,0.16716537434093454,dürfte
ge+lern+t dürf+te,2.847341682704943,-0.18585801864556226,-0.18837891531763976,0.6341317065476246,0.0,0.16716537434093454,ge+lern+t dürf+te
Gründe,3.2631666400884356,-0.3221702884530667,-0.17629186407886982,0.5479908968188069,0.0,0.2090655145263692,Gründe
dürf+te grund+e,3.2631666400884356,-0.3221702884530667,-0.17629186407886982,0.5479908968188069,0.0,0.2090655145263692,dürf+te grund+e
Gewitterblitze,4.371652523982589,-0.614613292118075,-0.14301054254793374,0.29490305954733187,0.0,0.2883047937950333,Gewitterblitze
grund+e gewitter+blitz+e,4.371652523982589,-0.614613292118075,-0.14301054254793374,0.29490305954733187,0.0,0.2883047937950333,grund+e gewitter+blitz+e
gewitter+blitz+e wie,3.201994038152699,-0.3032459552101097,-0.19728102861045585,0.7000313484211458,0.0,0.1571475355449034,gewitter+blitz+e wie
entsteht,3.3441640247380287,-0.3466889470303634,-0.19403703365256245,0.6804810986038943,0.0,0.168322450274664,entsteht
wie entsteh+t,3.3441640247380287,-0.3466889470303634,-0.19403703365256245,0.6804810986038943,0.0,0.168322450274664,wie entsteh+t
Gewitterwolken,4.537677976385451,-0.6518876248184853,-0.16057126216380038,0.4641311378992276,0.0,0.2510304610946234,Gewitterwolken
entsteh+t gewitter+wolke+n,4.537677976385451,-0.6518876248184853,-0.16057126216380038,0.4641311378992276,0.0,0.2510304610946234,entsteh+t gewitter+wolke+n
Kraft,3.5031284952455715,-0.3931286275795386,-0.24382015585151184,0.9824577972482744,0.0,0.03423994848034259,Kraft
gewitter+wolke+n kraft,3.5031284952455715,-0.3931286275795386,-0.24382015585151184,0.9824577972482744,0.0,0.03423994848034259,gewitter+wolke+n kraft
Blitze,5.61202873461953,-0.864384484988192,-0.3365695528068499,1.4174257101539813,0.0,-0.3317833822905335,Blitze
kraft blitz+e,3.9769454932146266,-0.5199862631795525,-0.3040711895218508,1.267371007697986,0.0,-0.17362360842105523,kraft blitz+e
Und,4.158109085909765,-0.5645326268301241,-0.19972902106193435,0.8597401085912627,0.0,0.06957901741265436,Und
züngeln,3.065214083331805,-0.2595896172426807,-0.24930593113439206,1.0056460407438428,0.0,0.005286630666456227,züngeln
und züngel+n,3.065214083331805,-0.2595896172426807,-0.24930593113439206,1.0056460407438428,0.0,0.005286630666456227,und züngel+n
schließlich,2.852696766054455,-0.18773698313787754,-0.23651742728568495,0.9372495493460756,0.0,0.03525472557008104,schließlich
züngel+n schließlich,2.852696766054455,-0.18773698313787754,-0.23651742728568495,0.9372495493460756,0.0,0.03525472557008104,züngel+n schließlich
gen,2.7182780040219647,-0.13947079561814002,-0.22864833940347337,0.8940411205923078,0.0,0.050916887438204064,gen
schließlich gen,2.7182780040219647,-0.13947079561814002,-0.22864833940347337,0.8940411205923078,0.0,0.050916887438204064,schließlich gen
Boden,2.6829225081047023,-0.126378891022197,-0.22659541152699758,0.8826633030343225,0.0,0.054623140263255536,Boden
gen boden,2.6829225081047023,-0.126378891022197,-0.22659541152699758,0.8826633030343225,0.0,0.054623140263255536,gen boden
Auf,2.628833939046446,-0.10601258123953994,-0.22345812531585496,0.8652109969795327,0.0,0.05997341559548018,Auf
beide,2.616498143439487,-0.10130903982201281,-0.22421525193826788,0.8699145383970598,0.0,0.056797050614122165,beide
auf beide,2.616498143439487,-0.10130903982201281,-0.22421525193826788,0.8699145383970598,0.0,0.056797050614122165,auf beide
Fragen,2.6250694029097685,-0.10457953744870457,-0.22920334650494698,0.8986977661825508,0.0,0.04253043143036871,Fragen
beide frage+n,2.6250694029097685,-0.10457953744870457,-0.22920334650494698,0.8986977661825508,0.0,0.04253043143036871,beide frage+n
Wissenschaftler,2.6679462055846304,-0.12078116757665903,-0.24219904633991549,0.9700272625976729,0.0,0.005331794293990816,Wissenschaftler
frage+n wissenschaftler,2.6679462055846304,-0.12078116757665903,-0.24219904633991549,0.9700272625976729,0.0,0.005331794293990816,frage+n wissenschaftler
wissenschaftler neu+e,2.808499728841751,-0.1721226389921152,-0.2667611687767226,1.093113018994408,0.0,-0.06772225213901213,wissenschaftler neu+e
Antworten,2.9012912554036547,-0.20462810092831915,-0.2788819419568385,1.1493594048093851,0.0,-0.10627065884036872,Antworten
neu+e antwort+en,2.9012912554036547,-0.20462810092831915,-0.2788819419568385,1.1493594048093851,0.0,-0.10627065884036872,neu+e antwort+en
blitz+e eis,2.9609802760983333,-0.22499259041829658,-0.2489554442897203,1.1289949153194077,0.0,-0.1499691791403981,blitz+e eis
eis mög+en,2.8363147023891657,-0.18197777205635396,-0.2513835667241586,1.0989249537539132,0.0,-0.11071591171720788,eis mög+en
optisch,2.6491990831269385,-0.11372956408521728,-0.2458377449765968,1.030152943830279,0.0,-0.05218155371779131,optisch
mög+en optisch,2.6491990831269385,-0.11372956408521728,-0.2458377449765968,1.030152943830279,0.0,-0.05218155371779131,mög+en optisch
unterschieden,2.585035140946298,-0.08921130459541586,-0.23455571273194548,0.9860426342147697,0.0,-0.03420677315959176,unterschieden
optisch unterscheid+en,2.585035140946298,-0.08921130459541586,-0.23455571273194548,0.9860426342147697,0.0,-0.03420677315959176,optisch unterscheid+en
Tag,4.213438600040065,-0.5777512864761319,-0.09580905339722973,0.3885097099544105,0.0,0.14762637353266897,Tag
unterscheid+en tag,2.6588313637224874,-0.11735889186132797,-0.15964679888877428,0.8489021045692144,0.0,-0.07571508183312081,unterscheid+en tag
Nacht,5.6108135182054575,-0.8641679237300997,-0.0772067598045332,0.06563555973817689,0.0,0.2569596535345349,Nacht
tag nacht,2.6321769808229973,-0.10728345570736404,-0.15250423224063178,0.8225200277609124,0.0,-0.07105276303990002,tag nacht
Physikalisch,2.5184465454141325,-0.06311446375818398,-0.17691318441050247,0.8387438808729494,0.0,-0.031388126348750364,Physikalisch
hängen,2.4175483495945436,-0.02222615052850686,-0.19217432004725882,0.8351127519734987,0.0,0.0016526854022472647,hängen
physikalisch häng+en,2.4175483495945436,-0.02222615052850686,-0.19217432004725882,0.8351127519734987,0.0,0.0016526854022472647,physikalisch häng+en
wohl,2.346397735035061,0.007646524062071436,-0.19774398576960445,0.8198207487785977,0.0,0.022680356239769717,wohl
häng+en wohl,2.346397735035061,0.007646524062071436,-0.19774398576960445,0.8198207487785977,0.0,0.022680356239769717,häng+en wohl
enger,2.3293504482901635,0.014938346295041724,-0.19843867738111554,0.8146602067412814,0.0,0.027371929865093195,enger
wohl eng+er,2.3293504482901635,0.014938346295041724,-0.19843867738111554,0.8146602067412814,0.0,0.027371929865093195,wohl eng+er
zusammen,2.3109575113369925,0.022865851727425248,-0.19893336063761052,0.808505695171518,0.0,0.03227335309484745,zusammen
eng+er zusammen,2.3109575113369925,0.022865851727425248,-0.19893336063761052,0.808505695171518,0.0,0.03227335309484745,eng+er zusammen
dachten,2.287089503492674,0.03324774741005671,-0.19162195942776436,0.7832726896994823,0.0,0.03459321171194072,dachten
zusammen denk+en,2.287089503492674,0.03324774741005671,-0.19162195942776436,0.7832726896994823,0.0,0.03459321171194072,zusammen denk+en
Bildquelle,2.2889185028179635,0.03244836094912219,-0.1817083439451447,0.762198849006196,0.0,0.028941377471981528,Bildquelle
Unsplash,2.302077796123907,0.02671569270571273,-0.16793991461420088,0.7363502549782674,0.0,0.018205812510415142,Unsplash
bild+quelle unsplash,2.302077796123907,0.02671569270571273,-0.16793991461420088,0.7363502549782674,0.0,0.018205812510415142,bild+quelle unsplash
Johannes,2.331297813064958,0.014102683623705864,-0.151041203863186,0.7083319026368894,0.0,0.0016352808445455227,Johannes
unsplash johannes,2.331297813064958,0.014102683623705864,-0.151041203863186,0.7083319026368894,0.0,0.0016352808445455227,unsplash johannes
Plenio,2.398480303835711,-0.014307532609632013,-0.12374295459948909,0.666973013856072,0.0,-0.030185293457942006,Plenio
johannes plenio,2.398480303835711,-0.014307532609632013,-0.12374295459948909,0.666973013856072,0.0,-0.030185293457942006,johannes plenio
Aaron,2.438482594887624,-0.030848161062738192,-0.10582368539684131,0.6356434360959368,0.0,-0.05071376353227759,Aaron
plenio aaron,2.438482594887624,-0.030848161062738192,-0.10582368539684131,0.6356434360959368,0.0,-0.05071376353227759,plenio aaron
Burden,2.3480420369290416,0.006945992351750992,-0.1307840214558537,0.6658036042125457,0.0,-0.015016427108601491,Burden
aaron burden,2.3480420369290416,0.006945992351750992,-0.1307840214558537,0.6658036042125457,0.0,-0.015016427108601491,aaron burden
Jeder,2.281747431871683,0.035586230543069974,-0.14852004646583028,0.6835108273818626,0.0,0.01057596101932177,Jeder
burden jed+er,2.281747431871683,0.035586230543069974,-0.14852004646583028,0.6835108273818626,0.0,0.01057596101932177,burden jed+er
+6382,2.238901991716987,0.05454223402995111,-0.15881022907021666,0.6909841850099078,0.0,0.026274673483145085,+6382
jed+er +6382,2.238901991716987,0.05454223402995111,-0.15881022907021666,0.6909841850099078,0.0,0.026274673483145085,jed+er +6382
+6382 char+s,2.2200552293066713,0.06299572380829188,-0.16283202073022215,0.692855632139246,0.0,0.032835406760722594,+6382 char+s
Spitzenkandidatur,2.101506208181319,0.11787346782372389,0.04671578173919873,-0.01811436560017336,0.0,-0.16647123248204435,Spitzenkandidatur
Welche,2.2620160661225324,0.044271317162116554,0.07990317475535974,-0.09171651626178065,0.0,-0.24007338314365192,Welche
spitze+n+kandidatur welche,2.2620160661225324,0.044271317162116554,0.07990317475535974,-0.09171651626178065,0.0,-0.24007338314365192,spitze+n+kandidatur welche
Sticheleien,2.382418001980178,-0.007588141707447452,0.10127209253555326,-0.1435759751313449,0.0,-0.29193284201321584,Sticheleien
welche stichelei+en,2.382418001980178,-0.007588141707447452,0.10127209253555326,-0.1435759751313449,0.0,-0.29193284201321584,welche stichelei+en
stichelei+en hagel,3.0829235052811876,-0.2653505393667539,0.1876818644730213,-0.40133837279065115,0.0,-0.5496952396725223,stichelei+en hagel
wegen,2.5736148364817857,-0.08478366435176855,0.13035378237595635,-0.22077149777566593,0.0,-0.36912836465753696,wegen
hagel wegen,2.5736148364817857,-0.08478366435176855,0.13035378237595635,-0.22077149777566593,0.0,-0.36912836465753696,hagel wegen
Alters,2.268573590991992,0.04137653747781528,0.08113779796383279,-0.09461129594608224,0.0,-0.24296816282795322,Alters
wegen alter+s,2.268573590991992,0.04137653747781528,0.08113779796383279,-0.09461129594608224,0.0,-0.24296816282795322,wegen alter+s
erdulden,2.1948319231357885,0.07442232645707636,0.06673464253377019,-0.06156550696682083,0.0,-0.20992237384869192,erdulden
alter+s erduld+en,2.1948319231357885,0.07442232645707636,0.06673464253377019,-0.06156550696682083,0.0,-0.20992237384869192,alter+s erduld+en
erduld+en cdu+-+spitze+n+kandidat,2.189862040602015,0.07668925076386057,0.06572124853435249,-0.05929858266003682,0.0,-0.20765544954190787,erduld+en cdu+-+spitze+n+kandidat
jüngster,3.233512557495654,-0.3130412280092339,0.20070836733319425,-0.4490290614331314,0.0,-0.5973859283150023,jüngster
hagel jung+st+er,3.233512557495654,-0.3130412280092339,0.20070836733319425,-0.4490290614331314,0.0,-0.5973859283150023,hagel jung+st+er
jung+st+er minister+präsident,2.9375688837438965,-0.2170545315313974,0.17365294260095246,-0.3530423649552947,0.0,-0.501399231837166,jung+st+er minister+präsident
Landes,2.625363537719683,-0.10469157956543973,0.13736902944971915,-0.240679412989337,0.0,-0.3890362798712082,Landes
minister+präsident land+es,2.625363537719683,-0.10469157956543973,0.13736902944971915,-0.240679412989337,0.0,-0.3890362798712082,minister+präsident land+es
erzählt,2.5061043991574814,-0.058201717836803016,0.12068600591200912,-0.19418955126070037,0.0,-0.3425464181425714,erzählt
junges,2.4272137279210373,-0.026216188014311952,0.10857598514023703,-0.16220402143820928,0.0,-0.3105608883200803,junges
erzähl+t jung+es,2.4272137279210373,-0.026216188014311952,0.10857598514023703,-0.16220402143820928,0.0,-0.3105608883200803,erzähl+t jung+es
Alter,2.413515489140667,-0.020556596357720863,0.10637689623419945,-0.15654442978161834,0.0,-0.3049012966634895,Alter
jung+es alter,2.413515489140667,-0.020556596357720863,0.10637689623419945,-0.15654442978161834,0.0,-0.3049012966634895,jung+es alter
einst,2.406434276901501,-0.017618301280980655,0.1052283547827703,-0.153606134704878,0.0,-0.3019630015867491,einst
alter einst,2.406434276901501,-0.017618301280980655,0.1052283547827703,-0.153606134704878,0.0,-0.3019630015867491,alter einst
Außenseiter,2.407240862928528,-0.017953424034862595,0.10535958723051837,-0.15394125745875986,0.0,-0.30229812434063075,Außenseiter
einst außenseiter,2.407240862928528,-0.017953424034862595,0.10535958723051837,-0.15394125745875986,0.0,-0.30229812434063075,einst außenseiter
außenseiter mach+te,2.123195219210091,0.10760566454662462,0.051561862844346586,-0.02838216887727289,0.0,-0.1767390357591439,außenseiter mach+te
warum,2.1909632686675975,0.07618650161910558,0.06594628186861554,-0.05980133180479162,0.0,-0.20815819868666274,warum
mach+te warum,2.1909632686675975,0.07618650161910558,0.06594628186861554,-0.05980133180479162,0.0,-0.20815819868666274,mach+te warum
Frauen,2.118774535369991,0.10968992525388986,0.050584070265372434,-0.026297908170007402,0.0,-0.17465477505187843,Frauen
warum frau+en,2.118774535369991,0.10968992525388986,0.050584070265372434,-0.026297908170007402,0.0,-0.17465477505187843,warum frau+en
verbunden,2.2208225210718195,0.06265016519762402,0.07194418535055698,-0.07333766822627324,0.0,-0.22169453510814427,verbunden
frau+en verbind+en,2.2208225210718195,0.06265016519762402,0.07194418535055698,-0.07333766822627324,0.0,-0.22169453510814427,frau+en verbind+en
fühlt,2.1999175072568766,0.07210793448926267,0.0677658342832028,-0.06387989893463458,0.0,-0.2122367658165057,fühlt
verbind+en fühl+t,2.1999175072568766,0.07210793448926267,0.0677658342832028,-0.06387989893463458,0.0,-0.2122367658165057,verbind+en fühl+t
hin+zu+füg+en cdu+-+spitze+n+kandidat,2.2274895621278885,0.059652603010651645,0.07325664598420334,-0.07633523041324561,0.0,-0.22469209729511672,hin+zu+füg+en cdu+-+spitze+n+kandidat
+1085,1.912096306227958,0.212327614722292,-0.001536998031496135,0.07633978129839455,0.0,-0.07201708558347636,+1085
außenseiter +1085,1.912096306227958,0.212327614722292,-0.001536998031496135,0.07633978129839455,0.0,-0.07201708558347636,außenseiter +1085
+1085 chars,1.9049951106121152,0.2160483554815373,-0.0035836895685383142,0.0800605220576399,0.0,-0.06829634482423122,+1085 chars
Theaterfestspiele,2.5620597645126635,-0.08028373304168644,-0.19375392051146473,1.142617122660351,0.0,-0.3646284333474548,Theaterfestspiele
Blitzschutz,3.394973537331464,-0.36176816893073466,-0.27505974309979264,1.425589101946804,0.0,-0.6461128692365031,Blitzschutz
theater+fest+spiel+e blitz+schutz,3.394973537331464,-0.36176816893073466,-0.27505974309979264,1.425589101946804,0.0,-0.6461128692365031,theater+fest+spiel+e blitz+schutz
Sprühnebel,2.774937170757124,-0.1601003083243845,-0.14801211424629568,1.1051353496621388,0.0,-0.4444450086301528,Sprühnebel
blitz+schutz sprüh+nebel,2.774937170757124,-0.1601003083243845,-0.14801211424629568,1.1051353496621388,0.0,-0.4444450086301528,blitz+schutz sprüh+nebel
Bühnen,2.563715388690889,-0.08092973259738949,-0.14263284122042832,1.035089030120323,0.0,-0.3652744329031581,Bühnen
sprüh+nebel bühne+n,2.563715388690889,-0.08092973259738949,-0.14263284122042832,1.035089030120323,0.0,-0.3652744329031581,sprüh+nebel bühne+n
trotzen,2.514969717807419,-0.06173296539688626,-0.13382350581566657,0.9988438129339857,0.0,-0.3460776657026547,trotzen
bühne+n trotz+en,2.514969717807419,-0.06173296539688626,-0.13382350581566657,0.9988438129339857,0.0,-0.3460776657026547,bühne+n trotz+en
Wetterkapriolen,2.4813878094331763,-0.04829020678767568,-0.1230006611152448,0.9607519872688438,0.0,-0.33263490709344423,Wetterkapriolen
trotz+en wetter+kapriole+n,2.4813878094331763,-0.04829020678767568,-0.1230006611152448,0.9607519872688438,0.0,-0.33263490709344423,trotz+en wetter+kapriole+n
Bad,2.458400438406478,-0.03898311271503011,-0.0996826670342462,0.8908203707532463,0.0,-0.3233278130207984,Bad
wetter+kapriole+n bad,2.458400438406478,-0.03898311271503011,-0.0996826670342462,0.8908203707532463,0.0,-0.3233278130207984,wetter+kapriole+n bad
Vilbel/Bad,2.4601984534454684,-0.03971422137365999,-0.0933074036802741,0.8737250171511235,0.0,-0.3240589216794283,Vilbel/Bad
bad vilbel/bad,2.4601984534454684,-0.03971422137365999,-0.0933074036802741,0.8737250171511235,0.0,-0.3240589216794283,bad vilbel/bad
Hersfeld/Mayen,2.481754980027425,-0.04843816569617166,-0.0736974510119442,0.8250416386287964,0.0,-0.33278286600194007,Hersfeld/Mayen
vilbel/bad hersfeld/mayen,2.481754980027425,-0.04843816569617166,-0.0736974510119442,0.8250416386287964,0.0,-0.33278286600194007,vilbel/bad hersfeld/mayen
Starkregen,4.569369678760624,-0.6588474720714221,-0.021939914516657628,0.5512660272261155,0.0,-0.1438360747663951,Starkregen
hersfeld/mayen stark+reg+en,2.5907489963663246,-0.09141922424184988,-0.030977953887520105,0.7312367381331101,0.0,-0.3757639245476182,hersfeld/mayen stark+reg+en
Hitze,3.984121015790436,-0.5217889172613395,0.09016236564811582,0.653193618762519,0.0,-0.806133617567108,Hitze
stark+reg+en hitze,3.984121015790436,-0.5217889172613395,0.09016236564811582,0.653193618762519,0.0,-0.806133617567108,stark+reg+en hitze
hitze hagel,5.023930974863161,-0.7536848925426364,0.17532094414480737,0.4027228504091279,0.0,-1.0380295928484047,hitze hagel
Organisatoren,2.6190009122928957,-0.10226511641276802,-0.0034416096030664856,0.6420379279536029,0.0,-0.38660981671853645,Organisatoren
hagel organisator+en,2.6190009122928957,-0.10226511641276802,-0.0034416096030664856,0.6420379279536029,0.0,-0.38660981671853645,hagel organisator+en
Theaterfestivals,3.2479356036338225,-0.317491798186371,0.020214952748339766,0.7634870304343879,0.0,-0.6018364984921394,Theaterfestivals
organisator+en theater+festival+s,2.4535147951304994,-0.03699380929472858,-0.0325746118564619,0.6758629667104314,0.0,-0.3213385096004969,organisator+en theater+festival+s
theater+festival+s bring+en,2.409635078336024,-0.01894751881075395,-0.03633696724400127,0.6679877228175276,0.0,-0.30329221911652243,theater+festival+s bring+en
Klimawandel,2.4238303464363056,-0.024821279214689462,-0.02982209998165471,0.6509564541445036,0.0,-0.3091659795204579,Klimawandel
bring+en klima+wandel,2.4238303464363056,-0.024821279214689462,-0.02982209998165471,0.6509564541445036,0.0,-0.3091659795204579,bring+en klima+wandel
Wetterextreme,2.9892597843789965,-0.23449799555169257,0.01986997607844586,0.6911768528408057,0.0,-0.5188426958574608,Wetterextreme
klima+wandel wetter+extrem+e,2.4765577085022925,-0.04634177776945286,-0.012043809616038294,0.6088047531576745,0.0,-0.3306864780752213,klima+wandel wetter+extrem+e
wetter+extrem+e kopier+e,2.3020711247780348,0.026718590677080257,-0.04909214086844844,0.6576603002353137,0.0,-0.25762610962868815,wetter+extrem+e kopier+e
hin+zu+füg+en stark+reg+en,2.5907489963663246,-0.09141922424184988,-0.030977953887520105,0.7312367381331101,0.0,-0.3757639245476182,hin+zu+füg+en stark+reg+en
fordern,2.936128890230616,-0.21656421228190853,0.09050258212309996,0.34131642285919855,0.0,-0.5009089125876768,fordern
hagel forder+n,2.936128890230616,-0.21656421228190853,0.09050258212309996,0.34131642285919855,0.0,-0.5009089125876768,hagel forder+n
forder+n theater+festival+s,2.4535147951304994,-0.03699380929472858,-0.0325746118564619,0.6758629667104314,0.0,-0.3213385096004969,forder+n theater+festival+s
theater+festival+s heraus,2.4105480979241167,-0.01932635072050748,0.0003209118743800328,0.5209934435284409,0.0,-0.30367105102627573,theater+festival+s heraus
Veranstalter,2.2925699663476924,0.030854353094487367,-0.025473945102556742,0.5601437279222915,0.0,-0.253490347211281,Veranstalter
wie veranstalter,2.2925699663476924,0.030854353094487367,-0.025473945102556742,0.5601437279222915,0.0,-0.253490347211281,wie veranstalter
kreativen,2.219017897433542,0.06346308799103643,-0.042461320219369325,0.5823690415391781,0.0,-0.22088161231473186,kreativen
veranstalter kreativ+en,2.219017897433542,0.06346308799103643,-0.042461320219369325,0.5823690415391781,0.0,-0.22088161231473186,veranstalter kreativ+en
Lösungen,2.1866065866494595,0.07817695915629316,-0.050095541152083485,0.5912505229405995,0.0,-0.2061677411494752,Lösungen
kreativ+en lösung+en,2.1866065866494595,0.07817695915629316,-0.050095541152083485,0.5912505229405995,0.0,-0.2061677411494752,kreativ+en lösung+en
lösung+en wetter+extrem+e,2.1473670594385035,0.09628532929063037,-0.0593929595554871,0.600961929809271,0.0,-0.18805937101513806,lösung+en wetter+extrem+e
wappnen,2.117820751121392,0.11014018504988884,-0.0663867769628161,0.6073326673583316,0.0,-0.17420451525587943,wappnen
wetter+extrem+e wappn+en,2.117820751121392,0.11014018504988884,-0.0663867769628161,0.6073326673583316,0.0,-0.17420451525587943,wetter+extrem+e wappn+en
Starkrege…,2.0963861671149644,0.12031280792464419,-0.0714294190918041,0.611341551319024,0.0,-0.1640318923811242,Starkrege…
+5596,2.077688582862317,0.12927177988038618,-0.07578976679720024,0.6143532349074764,0.0,-0.15507292042538223,+5596
starkrege… +5596,2.077688582862317,0.12927177988038618,-0.07578976679720024,0.6143532349074764,0.0,-0.15507292042538223,starkrege… +5596
+5596 chars,2.06918381804803,0.1333735587229253,-0.07775720223192077,0.6155583442167681,0.0,-0.15097114158284303,+5596 chars
wetter wolke+n,2.2515503429992045,0.04890877717977402,-0.026642224585446198,-0.08707905624412317,0.0,0.09409112151853537,wetter wolke+n
teils,2.3135682513544054,0.021736767177467767,-0.014127257679376419,-0.11425106624642957,0.0,0.07516768026958429,teils
wolke+n teils,2.3135682513544054,0.021736767177467767,-0.014127257679376419,-0.11425106624642957,0.0,0.07516768026958429,wolke+n teils
teils regen,2.2358958750530395,0.05588581074812674,-0.03599194779132598,-0.08010202267577043,0.0,0.11411094044398658,teils regen
regen rheinland-pfalz,2.2036333885174924,0.0704202591424598,-0.04803073148613116,-0.06556757428143743,0.0,0.13627448717873594,regen rheinland-pfalz
saarland rheinland-pfalz,2.2036333885174924,0.0704202591424598,-0.04803073148613116,-0.06556757428143743,0.0,0.13627448717873594,saarland rheinland-pfalz
saarland bring+t,3.0331554843635797,-0.24907569415821493,-0.012015140248054345,-0.3850635275821122,0.0,0.18084215533752437,saarland bring+t
Ende,3.0199225021033493,-0.24470337205323836,-0.027727760207221903,-0.3806912054771356,0.0,0.21569011870177487,Ende
bring+t ende,3.0199225021033493,-0.24470337205323836,-0.027727760207221903,-0.3806912054771356,0.0,0.21569011870177487,bring+t ende
ende woche,3.134634688406561,-0.2819848430219483,-0.01874161749846849,-0.41797267644584574,0.0,0.207333744841264,ende woche
woche wolke+n,3.1654421436789657,-0.29176494623506494,0.01573458913114703,-0.42775277965896225,0.0,0.1268742217932671,woche wolke+n
wolke+n zeitweise,3.6569952201239677,-0.4361140346688866,0.021233229770089717,-0.5721018680927837,0.0,0.15821354989003072,wolke+n zeitweise
zeitweise regen,3.2410825518839705,-0.3153795975010115,-0.003414928231750302,-0.4513674309249089,0.0,0.1820881134024174,zeitweise regen
Samstag,3.9263289499686644,-0.5071770824572576,-0.0329889325414498,-0.643164915881155,0.0,0.2996820508901375,Samstag
für samstag,3.9263289499686644,-0.5071770824572576,-0.0329889325414498,-0.643164915881155,0.0,0.2996820508901375,für samstag
samstag gewitter,6.268370259229232,-0.9749885966512222,-0.03513121830465673,-1.1109764300751197,0.0,0.3869272852328624,samstag gewitter
gewitter ganz,3.9753836927041357,-0.5195934724652707,-0.04714034499772628,-0.6555813058891681,0.0,0.33100694813074266,gewitter ganz
ausgeschlossen,2.7057747737851585,-0.13486049667925304,-0.07655102247472209,-0.27084833010315057,0.0,0.2826347131744114,ausgeschlossen
ganz aus+ge+schließ+en,2.7057747737851585,-0.13486049667925304,-0.07655102247472209,-0.27084833010315057,0.0,0.2826347131744114,ganz aus+ge+schließ+en
Aussichten,2.438131722580085,-0.030704261100468113,-0.0820256805549886,-0.16669209452436554,0.0,0.2556060971414918,Aussichten
der aussicht+en,2.438131722580085,-0.030704261100468113,-0.0820256805549886,-0.16669209452436554,0.0,0.2556060971414918,der aussicht+en
hin+zu+füg+en rheinland-pfalz,2.273925765744919,0.03902004744475533,-0.049121934263067456,-0.09696778597914185,0.0,0.15378611233273615,hin+zu+füg+en rheinland-pfalz
au…,2.7057747737851585,-0.13486049667925304,-0.07655102247472209,-0.27084833010315057,0.0,0.2826347131744114,au…
ganz au…,2.7057747737851585,-0.13486049667925304,-0.07655102247472209,-0.27084833010315057,0.0,0.2826347131744114,ganz au…
+899,2.614821818445985,-0.1006681594847015,-0.07819380641540237,-0.23665599290859882,0.0,0.27396982114422824,+899
au… +899,2.614821818445985,-0.1006681594847015,-0.07819380641540237,-0.23665599290859882,0.0,0.27396982114422824,au… +899
+899 char+s,2.5437604736004316,-0.07311569013711654,-0.07961896244091235,-0.20910352356101372,0.0,0.26682879743753796,+899 char+s
Wahlkampf,1.8403954702175145,0.25054731945618836,-0.023137585053175425,0.11455948603229084,0.0,-0.03379738084958003,Wahlkampf
wahl+kampf baden-württemberg,1.84825823760896,0.24628409502629423,-0.020663438275922073,0.11029626160239694,0.0,-0.038060605279474226,wahl+kampf baden-württemberg
Rivalen,1.8611063394218272,0.23935668041027447,-0.01667845768192909,0.10336884698637724,0.0,-0.044988019895494,Rivalen
baden-württemberg rivale+n,1.8611063394218272,0.23935668041027447,-0.01667845768192909,0.10336884698637724,0.0,-0.044988019895494,baden-württemberg rivale+n
rivale+n sie,1.8776356073696834,0.23051446777423584,-0.011654617800052064,0.09452663435033848,0.0,-0.053830232531532525,rivale+n sie
stimmen,1.881118957549607,0.22866100747670312,-0.01061033771646519,0.09267317405280572,0.0,-0.05568369282906541,stimmen
sie stimm+en,1.881118957549607,0.22866100747670312,-0.01061033771646519,0.09267317405280572,0.0,-0.05568369282906541,sie stimm+en
Stuttgart,1.9059822516131686,0.2155303041108232,-0.0032980137419684505,0.07954247068692595,0.0,-0.06881439619494512,Stuttgart
stimm+en stuttgart,1.9059822516131686,0.2155303041108232,-0.0032980137419684505,0.07954247068692595,0.0,-0.06881439619494512,stimm+en stuttgart
diskutieren,1.91776363400874,0.2093680642395765,8.258024705892819e-05,0.07338023081567939,0.0,-0.07497663606619176,diskutieren
stuttgart diskutier+en,1.91776363400874,0.2093680642395765,8.258024705892819e-05,0.07338023081567939,0.0,-0.07497663606619176,stuttgart diskutier+en
ersten,1.9395349965558897,0.1980795456016593,0.006192595241736379,0.06209171217776194,0.0,-0.08626515470410911,ersten
diskutier+en erst+en,1.9395349965558897,0.1980795456016593,0.006192595241736379,0.06209171217776194,0.0,-0.08626515470410911,diskutier+en erst+en
Mal,1.9504556877005483,0.19246476617347796,0.009192366429699074,0.05647693274958064,0.0,-0.09187993413229054,Mal
erst+en mal,1.9504556877005483,0.19246476617347796,0.009192366429699074,0.05647693274958064,0.0,-0.09187993413229054,erst+en mal
Spitzenkandidaten,1.9642238519764452,0.18543061642702346,0.01291423480823354,0.04944278300312613,0.0,-0.09891408387874484,Spitzenkandidaten
mal spitze+n+kandidat+en,1.9642238519764452,0.18543061642702346,0.01291423480823354,0.04944278300312613,0.0,-0.09891408387874484,mal spitze+n+kandidat+en
spitze+n+kandidat+en land+tag+s+wahl,2.022296903089922,0.15629385128505152,0.027913902450071203,0.02030601786115412,0.0,-0.12805084902071703,spitze+n+kandidat+en land+tag+s+wahl
miteinander,2.0632060670370755,0.13626668127270675,0.03784880889025378,0.0002788478488092628,0.0,-0.14807801903306175,miteinander
land+tag+s+wahl miteinander,2.0632060670370755,0.13626668127270675,0.03784880889025378,0.0002788478488092628,0.0,-0.14807801903306175,land+tag+s+wahl miteinander
Rauflustig,2.118047325414385,0.11003320613122797,0.050422738926124845,-0.025954627292669393,0.0,-0.17431149417454048,Rauflustig
Favoriten,2.2582008172647896,0.04595939977504005,0.07918084977057717,-0.09002843364885733,0.0,-0.23838530053072837,Favoriten
rauflustig favorit+en,2.2582008172647896,0.04595939977504005,0.07918084977057717,-0.09002843364885733,0.0,-0.23838530053072837,rauflustig favorit+en
Cem,2.39053331669587,-0.010988688662202498,0.1026195986072943,-0.14697652208609985,0.0,-0.29533338896797096,Cem
favorit+en cem,2.39053331669587,-0.010988688662202498,0.1026195986072943,-0.14697652208609985,0.0,-0.29533338896797096,favorit+en cem
Özdemir,2.4731095206030718,-0.044948476645380694,0.11573288934030586,-0.18093631006927793,0.0,-0.3292931769511492,Özdemir
cem özdemir,2.4731095206030718,-0.044948476645380694,0.11573288934030586,-0.18093631006927793,0.0,-0.3292931769511492,cem özdemir
özdemir manuel,2.795330800425526,-0.16742265651082494,0.1582882842776073,-0.3034104899347224,0.0,-0.45176735681659336,özdemir manuel
Stattdessen,2.4753559403321352,-0.04585640250688787,0.11607509415106142,-0.1818442359307853,0.0,-0.33020110281265647,Stattdessen
heiter,2.233357273949123,0.05702184009902704,0.07440385744901333,-0.07896599332487021,0.0,-0.22732286020674136,heiter
stattdessen heiter,2.233357273949123,0.05702184009902704,0.07440385744901333,-0.07896599332487021,0.0,-0.22732286020674136,stattdessen heiter
getuschelt,2.178775132513856,0.08176494437317909,0.06344013538733718,-0.05422288905071827,0.0,-0.2025797559325895,getuschelt
heiter ge+tuschel+t,2.178775132513856,0.08176494437317909,0.06344013538733718,-0.05422288905071827,0.0,-0.2025797559325895,heiter ge+tuschel+t
Roell,2.1105099267472482,0.11359820771476503,0.0487424746190101,-0.02238962570913235,0.0,-0.17074649259100336,Roell
beklagt,2.0841140601254233,0.12618394370950686,0.04273939597925727,-0.009803889714390408,0.0,-0.15816075659626158,beklagt
roell beklag+t,2.0841140601254233,0.12618394370950686,0.04273939597925727,-0.009803889714390408,0.0,-0.15816075659626158,roell beklag+t
Fachkräftemangel,2.041312412921765,0.14693485677968773,0.03259369718061188,0.010947023355790423,0.0,-0.13740984352608057,Fachkräftemangel
beklag+t fach+kraft+e+mangel,2.041312412921765,0.14693485677968773,0.03259369718061188,0.010947023355790423,0.0,-0.13740984352608057,beklag+t fach+kraft+e+mangel
lähmende,1.9847934823547684,0.1750129278383706,0.01835352984077245,0.03902509441447312,0.0,-0.10933177246739778,lähmende
fach+kraft+e+mangel lähm+end+e,1.9847934823547684,0.1750129278383706,0.01835352984077245,0.03902509441447312,0.0,-0.10933177246739778,fach+kraft+e+mangel lähm+end+e
Bürokratie,1.9669516511907357,0.18404283831847146,0.013643815607010815,0.04805500489457399,0.0,-0.100301861987297,Bürokratie
lähm+end+e bürokratie,1.9669516511907357,0.18404283831847146,0.013643815607010815,0.04805500489457399,0.0,-0.100301861987297,lähm+end+e bürokratie
Außerdem,1.9464257095926794,0.1945330762571894,0.008090348834747518,0.058545242833292134,0.0,-0.08981162404857898,Außerdem
wären,1.9329833492205235,0.20146321121730879,0.00437229402177492,0.06547537779341166,0.0,-0.08288148908845958,wären
außerdem sei,1.9329833492205235,0.20146321121730879,0.00437229402177492,0.06547537779341166,0.0,-0.08288148908845958,außerdem sei
steigenden,1.909958145868709,0.2134464687883964,-0.0021512127463112706,0.07745863536449923,0.0,-0.07089823151737187,steigenden
sei steig+end+en,1.909958145868709,0.2134464687883964,-0.0021512127463112706,0.07745863536449923,0.0,-0.07089823151737187,sei steig+end+en
Staatsausgaben,1.8978927134063495,0.21978362498844592,-0.005650293102149989,0.08379579156454878,0.0,-0.06456107531732236,Staatsausgaben
steig+end+en staat+s+ausgabe+n,1.8978927134063495,0.21978362498844592,-0.005650293102149989,0.08379579156454878,0.0,-0.06456107531732236,steig+end+en staat+s+ausgabe+n
Wirtschaftsleistung,1.867463424060185,0.23594674512599864,-0.014732792189700259,0.09995891170210136,0.0,-0.04839795517976975,Wirtschaftsleistung
staat+s+ausgabe+n wirtschaft+s+leistung,1.867463424060185,0.23594674512599864,-0.014732792189700259,0.09995891170210136,0.0,-0.04839795517976975,staat+s+ausgabe+n wirtschaft+s+leistung
Schritt,1.8531194560370214,0.2436573859328424,-0.019147308073031038,0.10766955250894493,0.0,-0.04068731437292602,Schritt
wirtschaft+s+leistung schritt,1.8531194560370214,0.2436573859328424,-0.019147308073031038,0.10766955250894493,0.0,-0.04068731437292602,wirtschaft+s+leistung schritt
hielten,1.8479408307202794,0.2464558427506962,-0.02076278965618075,0.11046800932679873,0.0,-0.03788885755507225,hielten
schritt halt+en,1.8479408307202794,0.2464558427506962,-0.02076278965618075,0.11046800932679873,0.0,-0.03788885755507225,schritt halt+en
sei,1.8401046272177275,0.25070536482648725,-0.023229627071257888,0.1147175314025899,0.0,-0.033639335479281246,sei
der sei,1.8401046272177275,0.25070536482648725,-0.023229627071257888,0.1147175314025899,0.0,-0.033639335479281246,der sei
recipe,1.8356023054844615,0.25315513792721583,-0.02465926807833332,0.11716730450331829,0.0,-0.031189562378552544,recipe
sei recipe,1.8356023054844615,0.25315513792721583,-0.02465926807833332,0.11716730450331829,0.0,-0.031189562378552544,sei recipe
for,1.8318436288316549,0.25520489028137516,-0.025859736354632377,0.11921705685747777,0.0,-0.029139810024393212,for
recipe for,1.8318436288316549,0.25520489028137516,-0.025859736354632377,0.11921705685747777,0.0,-0.029139810024393212,recipe for
disast…,1.8297667775420228,0.25633928268354467,-0.026525790148960438,0.12035144925964744,0.0,-0.028005417622223708,disast…
for disast…,1.8297667775420228,0.25633928268354467,-0.026525790148960438,0.12035144925964744,0.0,-0.028005417622223708,for disast…
+4504,1.825270348918069,0.25879968499228906,-0.027974535323150737,0.12281185156839172,0.0,-0.025545015313479347,+4504
disast… +4504,1.825270348918069,0.25879968499228906,-0.027974535323150737,0.12281185156839172,0.0,-0.025545015313479347,disast… +4504
+4504 char+s,1.8224003355761422,0.26037329959865635,-0.02890409361627339,0.12438546617475905,0.0,-0.023971400707112137,+4504 char+s
Ibiza/Formentera,2.4609951450023875,-0.040038001183554196,-0.15751832143841213,-0.17602583460745141,0.0,0.3977344486682314,Ibiza/Formentera
ibiza/formentera warnung,3.031006988138985,-0.2483671061795013,-0.3074445777624243,-0.38435493960339856,0.0,0.6545509797336072,ibiza/formentera warnung
warnung stark+reg+en,2.701178420610295,-0.13316033242157238,-0.13023533425740158,-0.2691481658454697,0.0,0.38185106488345477,warnung stark+reg+en
stark+reg+en nacht,3.1848395950705584,-0.297874127691584,-0.08006129705941133,-0.43386196111548136,0.0,0.33956799159571494,stark+reg+en nacht
nacht gewitter,6.1779736970835595,-0.9604625395250501,-0.04396983728493934,-1.0964503729489474,0.0,0.40145334235903457,nacht gewitter
heftiger,3.9086192130204003,-0.5026563717286756,-0.057800093976421926,-0.6386442051525729,0.0,0.34794404886733754,heftiger
gewitter heftig+er,3.9086192130204003,-0.5026563717286756,-0.057800093976421926,-0.6386442051525729,0.0,0.34794404886733754,gewitter heftig+er
heftig+er regen,3.5512713099532256,-0.4067778574099684,-0.060179607342509205,-0.5427656908338659,0.0,0.32997117116151814,heftig+er regen
ganzen,3.3164831892492668,-0.3383771436987579,-0.06060036136875709,-0.4743649771226551,0.0,0.3130147469040574,ganzen
regen ganz+en,3.3164831892492668,-0.3383771436987579,-0.06060036136875709,-0.4743649771226551,0.0,0.3130147469040574,regen ganz+en
ganz+en tag,3.2020758387301576,-0.30327150164512234,-0.060246928574420815,-0.43925933506901965,0.0,0.30256964063882025,ganz+en tag
davor,3.136223866233358,-0.2824916884074633,-0.05979217372183146,-0.41847952183136056,0.0,0.29567552767073446,davor
tag davor,3.136223866233358,-0.2824916884074633,-0.05979217372183146,-0.41847952183136056,0.0,0.29567552767073446,tag davor
turnt,3.069624375392255,-0.26102740337181174,-0.05905308678191724,-0.3970152367957091,0.0,0.2878233288015873,turnt
davor turn+t,3.069624375392255,-0.26102740337181174,-0.05905308678191724,-0.3970152367957091,0.0,0.2878233288015873,davor turn+t
turn+t spanisch+e,2.9815174967034093,-0.231904600537789,-0.057388167437986304,-0.36789243396168625,0.0,0.2754809693863344,turn+t spanisch+e
Stufe,2.8148967857665195,-0.17439779766805022,-0.047659941009044846,-0.3103856310919476,0.0,0.236029849930383,Stufe
aemet stufe,2.8148967857665195,-0.17439779766805022,-0.047659941009044846,-0.3103856310919476,0.0,0.236029849930383,aemet stufe
stufe gelb,2.7992708496736594,-0.1688311749884399,-0.04493713362501452,-0.3048190084123373,0.0,0.22817193136062455,stufe gelb
Dazu,2.7877955348274908,-0.16472335518004172,-0.041767566178933103,-0.3007111886039391,0.0,0.21975347725544073,Dazu
empfindlich,2.7791664026680727,-0.16162323013253588,-0.032726511643118184,-0.2976110635564331,0.0,0.19833094237993762,empfindlich
dazu empfindlich,2.7791664026680727,-0.16162323013253588,-0.032726511643118184,-0.2976110635564331,0.0,0.19833094237993762,dazu empfindlich
empfindlich kühl+er,2.807177667550811,-0.17165179238820807,-0.019954315681968576,-0.30763962581210547,0.0,0.17229684976466345,empfindlich kühl+er
kühl+er ibiza,3.05309771197262,-0.2556289210232686,0.024206711925842166,-0.39161675444716587,0.0,0.09178913502503154,kühl+er ibiza
runter,2.90845892520486,-0.20709556449043617,-0.007532244275267157,-0.34308339791433345,0.0,0.155359921723182,runter
formentera runter,2.90845892520486,-0.20709556449043617,-0.007532244275267157,-0.34308339791433345,0.0,0.155359921723182,formentera runter
Grad,2.3267109080198467,0.016072154615460327,-0.06676379225502398,-0.1199156788084369,0.0,0.20405308108356418,Grad
runter grad,2.3267109080198467,0.016072154615460327,-0.06676379225502398,-0.1199156788084369,0.0,0.20405308108356418,runter grad
Höchsttemperatur,2.3374039290840276,0.011486915970111988,-0.0694788537190804,-0.12450091745378523,0.0,0.21193796464022627,Höchsttemperatur
grad höchsttemperatur,2.3374039290840276,0.011486915970111988,-0.0694788537190804,-0.12450091745378523,0.0,0.21193796464022627,grad höchsttemperatur
höchsttemperatur freitag,2.420634425098532,-0.02350186749342516,-0.0765267439408546,-0.1594897009173224,0.0,0.24137438041571163,höchsttemperatur freitag
und halt+en,2.534733038448598,-0.0695605237718485,-0.07897306294117348,-0.20554835719574605,0.0,0.26419309796602286,und halt+en
halt+en sie,2.6250091512121148,-0.1045565847644598,-0.07945578125335884,-0.24054441818835717,0.0,0.27789908076823533,halt+en sie
sie nacht,3.205170160337124,-0.3042373836630694,-0.07578895211867338,-0.4402252170869668,0.0,0.3332047356242295,sie nacht
13…,2.124185535956634,0.10713934573907043,-0.06190973142033008,-0.02884848768482682,0.0,0.15089130079766408,13…
runter 13…,2.124185535956634,0.10713934573907043,-0.06190973142033008,-0.02884848768482682,0.0,0.15089130079766408,runter 13…
+594,2.1076695694197856,0.11494492980628843,-0.06545804569315262,-0.021042903617608896,0.0,0.15520757649371786,+594
13… +594,2.1076695694197856,0.11494492980628843,-0.06545804569315262,-0.021042903617608896,0.0,0.15520757649371786,13… +594
+594 chars,2.0934304492636318,0.12172371375288311,-0.06841824942446519,-0.014264119671014201,0.0,0.15861509461501602,+594 chars
