0,1,2,3,4,word,summary
20151.530780583795,2.40406215965015,-0.017783257231368144,0.004151592993310985,-0.006228229403627494,summaryOfAllWords,17057.310678598493
-4.290013863359658,0.5246467242591806,0.086486477493739,-0.12829401683704894,0.02932940852680336,Regenwarnung,2.14570891197397
-0.22895396549098823,-2.476505904695771,-1.5196559022053693,-0.2421933412793556,-0.13781994098083022,Freitag,7.032649182285379
-4.272118762796533,0.5111726434728976,0.07146694606998821,-0.12888392819419298,0.0277355991025258,regen+warnung freitag,2.1667212396453777
-4.257762660130988,0.5003520660387726,0.059538175921990566,-0.12934387618708704,0.026464535282899347,Pityusen,2.1835930653950824
-4.257762660130988,0.5003520660387726,0.059538175921990566,-0.12934387618708704,0.026464535282899347,freitag pityus+en,2.1835930653950824
26.988955927312862,-19.558164867887882,0.3734847370767532,0.32276330071486964,-1.0377384270199261,Der,39.18922925179239
-4.245848593703136,0.49136497695036097,0.0497193575325921,-0.1297161490950613,0.02541451377266716,pityus+en der,2.1976047354927437
0.5523852325907166,-2.865473967672922,-1.2210944173167118,0.3810675982280332,-0.13196879251135157,spanische,7.9114151454752895
-0.4126635904999194,-2.1978711266082414,-1.0484928521305088,0.40618357361479185,-0.1148793202196638,der spanisch+e,6.756990963236299
13.754730907202728,-11.677918587971835,-1.9001974643755442,-0.11490485031839663,-0.18423244611684914,Wetterdienst,23.675561441983884
-0.02846307231941836,-2.5030598524083425,-1.2507446474076345,0.2069829802358807,-0.12765972347387494,spanisch+e wetter+dienst,7.22994986334083
-1.82779010256324,-1.3290275393501658,-1.141229331204248,-0.20182885306118836,-0.09858670910349099,Aemet,5.105912262596713
-0.11366437012327246,-2.445683423407046,-1.241318328443071,0.19999891117925922,-0.12638017317680755,wetter+dienst aemet,7.128547523515189
-3.803744711998525,0.15347184642649592,-0.2741442950215316,-0.14455227203189414,-0.008488563687052031,aemet freitag,2.7233181638926545
-3.6672859332416707,0.048872682473420026,-0.3593166838033902,-0.14797803305297458,-0.017808724682191093,17.,2.886891948796635
-3.6672859332416707,0.048872682473420026,-0.3593166838033902,-0.14797803305297458,-0.017808724682191093,freitag 17.,2.886891948796635
-2.1428153954808433,-0.9767733923403776,-0.46333121106790676,0.6446355306862431,-0.06621406638235522,Oktober,4.6932444796995005
-3.645859778977204,0.03244349830870097,-0.37212642721534417,-0.14843805840247193,-0.019244112578610376,17. oktober,2.9126197119416104
0.565322751918945,-2.919689368769369,-1.364820449727124,0.17114867552652507,-0.1378192187971075,Warnstufe,7.943126106797389
-3.052842212873081,-0.41919351065894217,-0.6869714622170531,-0.16864331493281542,-0.05105972066631265,oktober warn+stufe,3.6269075918231897
-2.5226334073921755,-0.8177661775865208,-0.9057564474362423,-0.17990443388511734,-0.07554943523989716,Gelb,4.2674957257790895
-1.225633744026756,-1.6670942686332046,-1.0116107164399166,0.2132185111463507,-0.10286456953716822,warn+stufe gelb,5.7962355881765895
11.066231287984252,-9.621613335069878,-0.9951912884672699,1.3326836704379923,-0.15315233125575828,Ibiza,20.36470621655538
-3.2057057683846355,-0.3074555763256799,-0.6060002082334,-0.1537376713215008,-0.047318653273230094,gelb ibiza,3.444543490537398
7.724682101547573,-7.494269423024364,-1.127467194383733,1.147200384902496,-0.16053666158316132,Formentera,16.409811920576974
7.724682101547573,-7.494269423024364,-1.127467194383733,1.147200384902496,-0.16053666158316132,ibiza formentera,16.409811920576974
-2.311154662851695,-0.9741833560909328,-0.9838405759202752,-0.18725023141521868,-0.082975639007979,verhängt,4.522616927595297
-3.180644005708918,-0.3229929678891277,-0.6231940627953133,-0.16098577991958163,-0.04617728711773725,formentera verhäng+t,3.4729916343676157
11.781424438705084,-9.816800019255844,0.06781856887475685,0.2943292779401499,1.687616619348927,Das,21.19427242525657
-2.9779167070174397,-0.47589951959628607,-0.7227927145961797,-0.17295277716662316,-0.05382637473389412,niedrigste,3.717422932033534
-2.9779167070174397,-0.47589951959628607,-0.7227927145961797,-0.17295277716662316,-0.05382637473389412,der niedrig+st+e,3.717422932033534
-2.6161109691428464,-0.7471464505730938,-0.8747479171855385,-0.18368684555622106,-0.06944064526101801,niedrig+st+e warn+stufe,4.154161906889621
222.11243752874165,-142.10328711473895,14.950698151077148,-2.9940452049999626,1.738907217405815,Gewitter,270.06690114948447
-0.5755349989203689,-2.2300549114092685,-1.4565010085339032,-0.2400486921528892,-0.12841228488987894,warn+stufe gewitter,6.615109795176523
-2.086321235967053,-1.1426533641137886,-1.0557701212768777,-0.18846982163103576,-0.09263622890832324,Niederschläge,4.795444300532289
-2.2302244680514183,-1.03445428498686,-1.010873646206405,-0.18827793354228073,-0.08631290669529762,gewitter niederschlag+e,4.6205742452440335
-3.349486150957835,-0.19417586804692455,-0.5407173588666806,-0.15997988820000797,-0.03575085695963165,Litern,3.26924929911623
-3.8284866115234366,0.17218742898384898,-0.25880443013634546,-0.14484792043297834,-0.006388829868310533,niederschlag+e liter+n,2.6938500588640597
-1.7195668726019502,-1.2675488345640886,-0.46691766945488855,0.8184410203735294,-0.07525427355736941,pro,5.200836720619286
-3.4150899281322573,-0.14414202633811013,-0.5054020370096011,-0.15756326362784878,-0.032259787111938,liter+n pro,3.1902195559726145
-2.2371086731982532,-0.919469206738448,-0.28981439176269574,0.8496678477584744,-0.05725027424608531,Quadratmeter,4.593705706208377
-2.2371086731982532,-0.919469206738448,-0.28981439176269574,0.8496678477584744,-0.05725027424608531,pro quadrat+meter,4.593705706208377
-3.217687914424399,-0.3058257344494568,-0.5945877633704755,-0.14594329182454274,-0.049474972288800906,Stunde,3.433963646859603
-3.8201266223522254,0.16407510302737816,-0.2565084928197205,-0.13473484701969707,-0.010844056190022669,quadrat+meter stunde,2.7046495736245797
-4.041350417582098,0.33619833961088363,-0.10740960351967194,-0.1339129329941931,0.0076772935633239725,untersch…,2.4393774263392296
-4.041350417582098,0.33619833961088363,-0.10740960351967194,-0.1339129329941931,0.0076772935633239725,stunde untersch…,2.4393774263392296
-4.091660156660831,0.3746018506504176,-0.07064944042023782,-0.1332515036180068,0.011996176025674106,untersch… der,2.379644993406116
-3.8284866115234366,0.17218742898384898,-0.25880443013634546,-0.14484792043297834,-0.006388829868310533,Li…,2.6938500588640597
-3.8284866115234366,0.17218742898384898,-0.25880443013634546,-0.14484792043297834,-0.006388829868310533,niederschlag+e li…,2.6938500588640597
-3.8786704892441404,0.21063153112368305,-0.22536973031817245,-0.14329091786477527,-0.0028587333520131847,+479,2.6338607248587493
-3.8786704892441404,0.21063153112368305,-0.22536973031817245,-0.14329091786477527,-0.0028587333520131847,li… +479,2.6338607248587493
29.407843557122543,-20.63735284566765,2.3288196779332218,-0.5453149664795882,0.39168848710310133,chars,41.990155782452824
-3.9205683281549115,0.24272141370665623,-0.19677196581895617,-0.14195873479432403,0.00015102527292628481,+479 chars,2.5838344341012105
-3.439664396051862,-0.1255565657411386,-0.4929170958787284,-0.15796248678174568,-0.030436971373342833,Wettermeldung,3.1607315709735433
-3.277800054061791,-0.2487796377338105,-0.5783101350660433,-0.16279013371443124,-0.03937519717269891,Wechselhaftes,3.355664858847904
-3.9427961626671992,0.25961378659909995,-0.18159958575195229,-0.14155950342582263,0.0018893622783622693,wetter+meldung wechselhaft+es,2.5573865428243234
17.566845163980233,-13.836409756583379,-1.08040571554306,0.9418535742697325,-0.14211032734339496,Wetter,28.08466868222216
-2.753640967384385,-0.644500572398738,-0.816416883169066,-0.17567282305996124,-0.06524544910437402,wechselhaft+es wetter,3.9881542129065557
-1.8675880386731238,-1.163109124194802,-0.507852818745542,0.7008473615050995,-0.07174600184043617,NRW,5.019752584831073
-2.772996184488264,-0.629770948367224,-0.8098260269205405,-0.1769599520075965,-0.0637302647771833,wetter nrw,3.96468152681304
24.435896480716032,-18.561421882450084,-1.5760887532161307,-0.33643489417194816,-0.1444630043414052,Regen,36.367277620714496
-2.5191331905466496,-0.8193740829757385,-0.9099009896093908,-0.1836650272610968,-0.07432711252437335,nrw regen,4.271225681593645
4.095090184206476,-5.449211937862058,-2.021212906044414,-0.34835205419783366,-0.1866243425567506,Wind,12.217519125529371
-0.12032642606591182,-2.5548659875019073,-1.5371557246689154,-0.2417040654804105,-0.1410391786253064,regen wind,7.164214278270734
1.4137792551580892,-3.6217679217957137,-1.7751268341713051,-0.2863462132290799,-0.16190757043034382,wind gewitter,9.005717271348624
8.550038817856752,-8.20427432101598,-1.7325530442693702,0.25435468285495383,-0.1797045296115402,Hier,17.449999411558505
3.443852414335283,-5.00874625652421,-1.9786738926228815,-0.33815294022635534,-0.18032963230371618,gewitter hier,11.438147006707462
4.5183148609432555,-5.506510994109822,-1.4983247662497532,0.4745808633817658,-0.16536045549214878,finden,12.633192024634893
3.332858903650208,-4.934611585905946,-1.9648326137893606,-0.3289768116717313,-0.1819230710461947,hier find+en,11.305819130045416
17.055226598152633,-13.301868328789364,0.025296030170028627,-0.7675131414049173,-1.6946316919813045,Sie,27.476276093297926
2.58094892234866,-4.423395863764164,-1.899669628196389,-0.31115856972898825,-0.1756209918349652,find+en sie,10.40545499417201
2.541103608507931,-4.396554986687112,-1.8952375917257127,-0.3094299416968811,-0.17553571319867883,Informationen,10.357899399910238
2.2886365171516347,-4.223776709029952,-1.8709680524842933,-0.30408667920224147,-0.17285880552321226,sie information+en,10.055233867315957
1.8012730164362258,-3.889997355008581,-1.8179278028749386,-0.2915419810684838,-0.16801546459929367,Thema,9.471189128507913
1.8012730164362258,-3.889997355008581,-1.8179278028749386,-0.2915419810684838,-0.16801546459929367,information+en thema,9.471189128507913
-4.028981081261689,0.3255847271600196,-0.1199103229703008,-0.13859391506717184,0.008301044207794699,thema wetter+meldung,2.4547234646605025
2.4434079561012867,-4.329813320222226,-1.8858882241129975,-0.3072037760331858,-0.17457705663219053,Lesen,10.240825862082513
3.009888579982106,-4.715596307660173,-1.937923552204487,-0.3209442407592098,-0.17951082077235186,les+en sie,10.919266618462348
-3.9427961626671992,0.25961378659909995,-0.18159958575195229,-0.14155950342582263,0.0018893622783622693,sie wechselhaft+es,2.5573865428243234
-3.521007956562004,-0.0637065854627854,-0.4482744260683613,-0.1563589938155054,-0.025371746191688995,Nordrhein-Westfalen,3.063012518274718
2.2497261374073547,-3.962635244775825,-1.23032563001683,0.6501721657189956,-0.14528095153121562,zeigt,9.91937370813019
-3.8544143555997046,0.19165714532671463,-0.242496125749616,-0.1451137751326796,-0.004181877067269246,nordrhein-westfalen zeig+t,2.66306143673565
-2.8419352536806155,-0.5783872551669553,-0.7789518158032903,-0.17250986707161808,-0.06164098510541044,zeig+t wetter,3.8816087404204493
-2.7098166415599696,-0.6770693665317733,-0.835829700036762,-0.17890146607108237,-0.06636616972177739,kommenden,4.040959434828365
-2.7098166415599696,-0.6770693665317733,-0.835829700036762,-0.17890146607108237,-0.06636616972177739,wetter komm+end+en,4.040959434828365
-1.9332862480217754,-1.1373153612379792,-0.6896002613863002,0.4113802577923257,-0.07779374031306807,Tagen,4.941125235419448
-2.862858018825732,-0.5623343607364397,-0.7721701097496061,-0.17474217342148113,-0.059656199046790925,komm+end+en tag+en,3.856198509239306
-4.137089816841845,0.4080411520160725,-0.03848212288744979,-0.13491818924797516,0.016822533441726774,herbstlichen,2.3264414043113835
-4.137089816841845,0.4080411520160725,-0.03848212288744979,-0.13491818924797516,0.016822533441726774,tag+en herbstlich+en,2.3264414043113835
-3.109473314040131,-0.37689670049391255,-0.6576474282397389,-0.1633412842800408,-0.049651335448117034,Seite,3.5588302063646062
-4.168954365220548,0.4323261445706481,-0.013458579462245657,-0.13371627173582812,0.01939555744189212,herbstlich+en seite,2.2887172146772157
4.4262040426690765,-5.1130531348862105,0.11795275316717041,0.6954934848458866,1.378433711171279,Wie,12.48812379445931
2.2100013488136474,-4.168941639192682,-1.868185289979222,-0.30890679686639594,-0.16959140924027388,Deutsche,9.960496462393202
-3.57087286272093,-0.025018594228459756,-0.4168963309043934,-0.15129633965974842,-0.02368778509821456,wie deutsch+e,3.0027376528199237
2.769604472559023,-4.551340947484245,-1.923703979368165,-0.32415484931279925,-0.17415862154466716,deutsch+e wetter+dienst,10.631167907414827
3.9991009098878694,-5.416183987635182,-2.030948633323608,-0.3740752599922714,-0.1749231977762848,DWD,12.12017253560849
0.7489510276408708,-3.1781074362077257,-1.6981716042533428,-0.29004670323895293,-0.14519469395634205,wetter+dienst dwd,8.217067557102197
-2.034454864088355,-1.1773751499864602,-1.0791447909329754,-0.19841958446585356,-0.09120471325659857,Montag,4.8563266585230425
-3.742921155696159,0.1066691349690414,-0.3137420437165681,-0.1472733589221193,-0.012279004505054168,dwd montag,2.7962736101098615
-3.211863726184281,-0.2990178739674627,-0.6122589569665882,-0.16584517822175548,-0.042421838982536625,mitteilte,3.4352430921431845
-3.7696894799974476,0.12716389942217465,-0.2968222857435252,-0.1465381206666439,-0.010455704799061286,montag mit+teil+te,2.7642119599573407
3.4950619296199568,-5.049291375873798,-1.9711628705594433,-0.325579209925842,-0.18572091017610032,bleibt,11.502493469653729
-4.269773624759122,0.5088829966397794,0.06875483980420433,-0.12982566040498772,0.027840814795728454,mit+teil+te bleib+t,2.169753076912392
-4.280587200192927,0.5170632455725113,0.07785857349872494,-0.12939978336564395,0.02877509523205584,zunächst,2.1570328964676095
-4.280587200192927,0.5170632455725113,0.07785857349872494,-0.12939978336564395,0.02877509523205584,bleib+t zunächst,2.1570328964676095
-2.6923115368948225,-0.6904352213387503,-0.841305312714962,-0.17732323760138635,-0.06787162319792633,stark,4.062222144841903
-4.289598655191313,0.5238748541371756,0.08548891153473781,-0.1290435216544713,0.029558016589032725,zunächst stark,2.146438965252816
-2.0135662076757495,-1.1945765901949152,-1.0810554819033222,-0.19291530106840804,-0.09413705870510608,bewölkt,4.882483956899907
-2.708318035379944,-0.6785809394943483,-0.8344537275053631,-0.176356790837652,-0.06739150798908156,stark bewölk+t,4.042952840427271
-4.305876630555041,0.5361661310652779,0.09937400257703255,-0.12839678746638217,0.030982354002587816,zeitwe…,2.1273175725622258
-4.305876630555041,0.5361661310652779,0.09937400257703255,-0.12839678746638217,0.030982354002587816,bewölk+t zeitwe…,2.1273175725622258
-4.313263417722113,0.541738049767057,0.10571860726847332,-0.12810192330348785,0.031633026562276755,+1019,2.118647043558174
-4.313263417722113,0.541738049767057,0.10571860726847332,-0.12810192330348785,0.031633026562276755,zeitwe… +1019,2.118647043558174
-4.317943468917083,0.545266330750247,0.10975259036609436,-0.12791465213984876,0.03204667971983211,+1019 chars,2.113155819604839
-3.481871754094186,-0.09335201848019392,-0.4696061728511415,-0.1566766495705726,-0.028000755162810972,Wetterprognose,3.109947350972419
-3.3273825178158125,-0.21108361118873797,-0.5528026680796017,-0.16132802677863695,-0.036702976430552564,Herbstwetter,3.2959261816430794
-3.9692097188335915,0.279841685805688,-0.16299500785996937,-0.14066094070772278,0.003824974275913093,wetter+prognose herbst+wetter,2.5258935054194915
2.8356969463702546,-4.59816955110968,-1.9210325568382722,-0.3148038277428685,-0.17876897120314122,Hessen,10.711218270552855
-3.085360792668582,-0.39463492373718845,-0.6722979759573708,-0.1683373499836065,-0.04923947653288249,herbst+wetter hessen,3.587691469255086
-2.3184109058124633,-0.9681990341323061,-0.9835791059341109,-0.19001157496336202,-0.08161267346026024,Zum,4.513553895134391
-2.897744524433416,-0.5361094154808876,-0.756955104786988,-0.1735687196530874,-0.05815067886575942,hessen zu,3.814086190096535
0.9333264814279527,-3.290745998657923,-1.7077347744834244,-0.2698759963685444,-0.15731343511772938,Wochenstart,8.429866781530892
-2.2164327306801903,-1.0435519497806727,-1.0186079598161104,-0.19258550797089424,-0.08534154352147078,zu woche+n+start,4.636686082970006
0.2639513302625103,-2.8245636393422515,-1.6046118735196053,-0.25202836551874364,-0.14754140058104598,woche+n+start regen,7.626073986344538
14.241297123432016,-12.134117887389024,-2.188864390617882,-0.5829593821708995,-0.19441686154874888,regen gewitter,24.312739743305954
-4.051431640219647,0.3427515782764805,-0.10336394259916531,-0.1378050681386302,0.010017720669565196,thema wetter+prognose,2.428028514379516
-3.9692097188335915,0.279841685805688,-0.16299500785996937,-0.14066094070772278,0.003824974275913093,sie herbst+wetter,2.5258935054194915
-1.104543563628881,-1.8523055366438088,-1.335759510207958,-0.2224253612089524,-0.11789064558688406,startet,5.977942562675268
-3.680708915956545,0.05849431811234007,-0.3538550584014374,-0.15105561543810325,-0.015652586367580268,hessen start+et,2.8711602187954455
1.0290920820580887,-3.359971577512825,-1.7174195714798488,-0.268001162851877,-0.16016415109942422,Woche,8.546302989558107
-3.7973306465010834,0.14850728777328848,-0.27849485312644795,-0.14499152757343442,-0.008838060930789399,start+et woche,2.731023464308288
-1.865864440738612,-1.304007844135072,-1.1251663525420301,-0.1949443450245063,-0.09956772362656957,wechselhaft,5.061407022408281
-3.8141353314993744,0.16162294572436564,-0.26610774248453395,-0.14260119480602473,-0.008379824604229882,woche wechselhaft,2.710770586234376
-2.7108686052024864,-0.6857141622278671,-0.8236518538985041,-0.1636431661219081,-0.07195794451784843,windig,4.044555351137895
-3.818374000220397,0.1640336467483281,-0.2596317190030685,-0.13753120072428915,-0.009933329653682918,wechselhaft windig,2.7060920378865427
-4.17819744781035,0.44004202561983274,-0.0050108072407406,-0.1320636389749797,0.019676032732781908,verdichtet,2.2774232448976086
-4.17819744781035,0.44004202561983274,-0.0050108072407406,-0.1320636389749797,0.019676032732781908,mit+teil+te verdicht+et,2.2774232448976086
-4.216558640027397,0.46909419287031784,0.025630429193303383,-0.13089767242058548,0.022961484027172414,Bewölkung,2.232168485594218
-4.216558640027397,0.46909419287031784,0.025630429193303383,-0.13089767242058548,0.022961484027172414,verdicht+et bewölkung,2.232168485594218
-1.8293163706661657,-1.327545543365518,-1.1438650348390382,-0.20580689225328086,-0.09704548808743685,Tagesverlauf,5.10391039798219
-4.236949351702947,0.4845131239538054,0.04221237663967059,-0.13024590216769977,0.024726559855508652,bewölkung tag+es+verlauf,2.208148221238502
-2.0152174199690993,-1.1958183572826573,-1.0776092280946217,-0.18920478421042308,-0.09542859375488044,zeitweise,4.881766892556046
-4.255991290506049,0.4988958674757098,0.057884983047154115,-0.12961859577391371,0.026387573239941432,tag+es+verlauf zeitweise,2.1857396707011003
-4.2681027992064315,0.5080351593248227,0.06794864271826934,-0.1292106469414857,0.027450731177699812,kommt,2.1714987561843913
-4.2681027992064315,0.5080351593248227,0.06794864271826934,-0.1292106469414857,0.027450731177699812,zeitweise komm+t,2.1714987561843913
-4.281284769095801,0.5179739836468042,0.07898666054979064,-0.12875901791829936,0.028613979732355,komm+t regen,2.1560100410707825
14.83579420194354,-11.732191150398506,0.2599555950308975,0.30380266335782785,-1.4061621001470246,Die,24.77459519827907
1.8346427477051455,-3.9126460145403374,-1.822227273129171,-0.29297478652232267,-0.1681597409077213,Menschen,9.511056076503722
-4.292266609661853,0.5262470799221646,0.0882504713447611,-0.12837687295942396,0.02958809084748764,der mensch+en,2.143115345877397
-4.304092897335605,0.535148962546806,0.09829637088732374,-0.12795951335194677,0.030642339212751356,+877,2.129238395533747
-4.304092897335605,0.535148962546806,0.09829637088732374,-0.12795951335194677,0.030642339212751356,mensch+en +877,2.129238395533747
-4.30834839621553,0.5383502183290314,0.10192902760111872,-0.12780788323901549,0.03102304666369598,+877 chars,2.124247402742344
-3.9467357699690364,0.2627509880758525,-0.17210114459064602,-0.13265360568463086,-0.0010884543203606434,Debatte,2.552548608977357
-4.6733926565997965,0.8062517699493595,0.4519749169037116,-0.11240506718028888,0.06694593184878023,Ärger,1.7026845739736833
-4.6733926565997965,0.8062517699493595,0.4519749169037116,-0.11240506718028888,0.06694593184878023,debatte ärger,1.7026845739736833
-4.6733926565997965,0.8062517699493595,0.4519749169037116,-0.11240506718028888,0.06694593184878023,ums,1.7026845739736833
-4.6733926565997965,0.8062517699493595,0.4519749169037116,-0.11240506718028888,0.06694593184878023,ärger um,1.7026845739736833
-4.6733926565997965,0.8062517699493595,0.4519749169037116,-0.11240506718028888,0.06694593184878023,Stadtbild,1.7026845739736833
-4.6733926565997965,0.8062517699493595,0.4519749169037116,-0.11240506718028888,0.06694593184878023,um stadt+bild,1.7026845739736833
-4.365716172919804,0.5774896066692015,0.16622443924576508,-0.10596180895446038,0.028809374308628045,CDU-Landeschef,2.0589289403611577
-4.6733926565997965,0.8062517699493595,0.4519749169037116,-0.11240506718028888,0.06694593184878023,stadt+bild cdu+-+land+es+chef,1.7026845739736833
-3.0258645517804466,-0.4418570894755147,-0.693804130456817,-0.16207722356218968,-0.055090254705920993,stellt,3.6606032008844354
-4.6733926565997965,0.8062517699493595,0.4519749169037116,-0.11240506718028888,0.06694593184878023,cdu+-+land+es+chef stell+t,1.7026845739736833
-4.000612200347807,0.3021268628026741,-0.1307288476129574,-0.12651291951672788,0.001274502414518125,Merz,2.4892808768570713
-4.6733926565997965,0.8062517699493595,0.4519749169037116,-0.11240506718028888,0.06694593184878023,stell+t merz,1.7026845739736833
-4.6733926565997965,0.8062517699493595,0.4519749169037116,-0.11240506718028888,0.06694593184878023,merz cdu+-+land+es+chef,1.7026845739736833
3.1915891920045434,-4.997419687239638,-1.231452189627015,0.6527072652535196,-0.19938539573040487,Hagel,11.255054655836764
-4.617794356110593,0.76948880062041,0.3969779080675838,-0.11130663830929223,0.05969234441155411,cdu+-+land+es+chef hagel,1.7643623820084726
-4.6733926565997965,0.8062517699493595,0.4519749169037116,-0.11240506718028888,0.06694593184878023,kritisiert,1.7026845739736833
-4.6733926565997965,0.8062517699493595,0.4519749169037116,-0.11240506718028888,0.06694593184878023,hagel kritisier+t,1.7026845739736833
-4.6733926565997965,0.8062517699493595,0.4519749169037116,-0.11240506718028888,0.06694593184878023,Überreaktion,1.7026845739736833
-4.6733926565997965,0.8062517699493595,0.4519749169037116,-0.11240506718028888,0.06694593184878023,kritisier+t über+reaktion,1.7026845739736833
-4.6733926565997965,0.8062517699493595,0.4519749169037116,-0.11240506718028888,0.06694593184878023,Äußerungen,1.7026845739736833
-4.6733926565997965,0.8062517699493595,0.4519749169037116,-0.11240506718028888,0.06694593184878023,über+reaktion äußerung+en,1.7026845739736833
-4.6733926565997965,0.8062517699493595,0.4519749169037116,-0.11240506718028888,0.06694593184878023,Kanzlers,1.7026845739736833
-4.6733926565997965,0.8062517699493595,0.4519749169037116,-0.11240506718028888,0.06694593184878023,äußerung+en kanzler+s,1.7026845739736833
-4.6733926565997965,0.8062517699493595,0.4519749169037116,-0.11240506718028888,0.06694593184878023,spreche,1.7026845739736833
-4.6733926565997965,0.8062517699493595,0.4519749169037116,-0.11240506718028888,0.06694593184878023,merz sprech+e,1.7026845739736833
-3.5075891596023463,-0.07351530825489361,-0.45231919199868764,-0.15216799394383346,-0.027878183610952036,offen,3.078876838223796
-4.6733926565997965,0.8062517699493595,0.4519749169037116,-0.11240506718028888,0.06694593184878023,sprech+e offen,1.7026845739736833
-4.6733926565997965,0.8062517699493595,0.4519749169037116,-0.11240506718028888,0.06694593184878023,Lebenswirklichkeit,1.7026845739736833
-4.6733926565997965,0.8062517699493595,0.4519749169037116,-0.11240506718028888,0.06694593184878023,offen leben+s+wirklichkeit,1.7026845739736833
-4.6733926565997965,0.8062517699493595,0.4519749169037116,-0.11240506718028888,0.06694593184878023,vieler,1.7026845739736833
-4.6733926565997965,0.8062517699493595,0.4519749169037116,-0.11240506718028888,0.06694593184878023,leben+s+wirklichkeit viel+er,1.7026845739736833
-4.6733926565997965,0.8062517699493595,0.4519749169037116,-0.11240506718028888,0.06694593184878023,viel+er mensch+en,1.7026845739736833
-3.157612004570252,-0.3507525287362736,-0.6244995355488883,-0.14843401624810715,-0.05227216409005478,sagt,3.5060845071793585
-4.6733926565997965,0.8062517699493595,0.4519749169037116,-0.11240506718028888,0.06694593184878023,mensch+en sag+t,1.7026845739736833
5.583601031045085,-6.09970619658439,-1.118943989621366,1.0964320348826708,-0.15469528067592314,Kopiere,13.865962653738992
5.049677001720219,-5.751077333874446,-1.1029459823537868,1.091641602754316,-0.15260859075261107,aktuellen,13.232072538755862
5.049677001720219,-5.751077333874446,-1.1029459823537868,1.091641602754316,-0.15260859075261107,kopier+e aktuell+en,13.232072538755862
4.944443225881801,-5.681507059364159,-1.093336437374637,1.0993851253915392,-0.15196502318169708,Link,13.10704276025258
4.944443225881801,-5.681507059364159,-1.093336437374637,1.0993851253915392,-0.15196502318169708,aktuell+en link,13.10704276025258
4.981020596549558,-5.704500319990836,-1.0872749750648796,1.1103005892518722,-0.15190460652412247,Zur,13.150377668382356
4.981020596549558,-5.704500319990836,-1.0872749750648796,1.1103005892518722,-0.15190460652412247,link zu,13.150377668382356
5.045132320531089,-5.745505848940557,-1.082460032072892,1.1209862430650417,-0.15195722508954862,Merkliste,13.226396486927301
5.045132320531089,-5.745505848940557,-1.082460032072892,1.1209862430650417,-0.15195722508954862,zu merk+liste,13.226396486927301
5.382898348111987,-5.96224656569421,-1.063754989928435,1.1663834984449806,-0.15229695190560272,hinzufügen,13.626944126864387
3.057776495896788,-4.441218480505966,-0.8989745503926035,1.2250741933671903,-0.1384511567213313,merk+liste hin+zu+füg+en,10.871102703498448
-4.6733926565997965,0.8062517699493595,0.4519749169037116,-0.11240506718028888,0.06694593184878023,hin+zu+füg+en cdu+-+land+es+chef,1.7026845739736833
-4.6733926565997965,0.8062517699493595,0.4519749169037116,-0.11240506718028888,0.06694593184878023,Me…,1.7026845739736833
-4.6733926565997965,0.8062517699493595,0.4519749169037116,-0.11240506718028888,0.06694593184878023,viel+er me…,1.7026845739736833
-4.6733926565997965,0.8062517699493595,0.4519749169037116,-0.11240506718028888,0.06694593184878023,+2545,1.7026845739736833
-4.6733926565997965,0.8062517699493595,0.4519749169037116,-0.11240506718028888,0.06694593184878023,me… +2545,1.7026845739736833
-4.6733926565997965,0.8062517699493595,0.4519749169037116,-0.11240506718028888,0.06694593184878023,+2545 char+s,1.7026845739736833
-4.6733926565997965,0.8062517699493595,0.4519749169037116,-0.11240506718028888,0.06694593184878023,Mitte,1.7026845739736833
-4.6733926565997965,0.8062517699493595,0.4519749169037116,-0.11240506718028888,0.06694593184878023,der mitte,1.7026845739736833
-4.6733926565997965,0.8062517699493595,0.4519749169037116,-0.11240506718028888,0.06694593184878023,stärken,1.7026845739736833
-4.6733926565997965,0.8062517699493595,0.4519749169037116,-0.11240506718028888,0.06694593184878023,mitte stärk+en,1.7026845739736833
-4.6733926565997965,0.8062517699493595,0.4519749169037116,-0.11240506718028888,0.06694593184878023,Schreihälse,1.7026845739736833
-4.6733926565997965,0.8062517699493595,0.4519749169037116,-0.11240506718028888,0.06694593184878023,stärk+en schrei+hals+e,1.7026845739736833
-4.0608984452730175,0.31469611162867905,-0.07208553375480001,-0.0997261773265944,-0.0037423135205053026,nie,2.4347403708458963
-4.6733926565997965,0.8062517699493595,0.4519749169037116,-0.11240506718028888,0.06694593184878023,schrei+hals+e nie,1.7026845739736833
-4.6733926565997965,0.8062517699493595,0.4519749169037116,-0.11240506718028888,0.06694593184878023,Kommando,1.7026845739736833
-4.6733926565997965,0.8062517699493595,0.4519749169037116,-0.11240506718028888,0.06694593184878023,nie kommando,1.7026845739736833
-4.6733926565997965,0.8062517699493595,0.4519749169037116,-0.11240506718028888,0.06694593184878023,bekommen,1.7026845739736833
-4.6733926565997965,0.8062517699493595,0.4519749169037116,-0.11240506718028888,0.06694593184878023,kommando bekomm+en,1.7026845739736833
-2.801361993074329,-0.8148038118516925,-0.7260523232623186,-0.08428832864884282,-0.09597898256660903,Manuel,4.038973643905304
-4.6733926565997965,0.8062517699493595,0.4519749169037116,-0.11240506718028888,0.06694593184878023,bekomm+en manuel,1.7026845739736833
-2.7648382850763635,-0.8467685892416412,-0.7397258020266209,-0.0840672843588086,-0.0979533549156999,manuel hagel,4.085531888033057
-4.6733926565997965,0.8062517699493595,0.4519749169037116,-0.11240506718028888,0.06694593184878023,CDU-Landesvorsitzender,1.7026845739736833
-4.6733926565997965,0.8062517699493595,0.4519749169037116,-0.11240506718028888,0.06694593184878023,hagel cdu+-+land+es+vorsitz+ender,1.7026845739736833
-0.03696098065832487,-2.4258137058972027,-0.9143071105345181,0.694684350696655,-0.1186362272794576,Baden-Württemberg,7.1998327256169246
-4.6733926565997965,0.8062517699493595,0.4519749169037116,-0.11240506718028888,0.06694593184878023,cdu+-+land+es+vorsitz+ender baden-württemberg,1.7026845739736833
-4.6733926565997965,0.8062517699493595,0.4519749169037116,-0.11240506718028888,0.06694593184878023,bekräftigt,1.7026845739736833
-4.6733926565997965,0.8062517699493595,0.4519749169037116,-0.11240506718028888,0.06694593184878023,baden-württemberg bekräftig+t,1.7026845739736833
-4.6733926565997965,0.8062517699493595,0.4519749169037116,-0.11240506718028888,0.06694593184878023,Brandmauer,1.7026845739736833
-4.6733926565997965,0.8062517699493595,0.4519749169037116,-0.11240506718028888,0.06694593184878023,bekräftig+t brand+mauer,1.7026845739736833
-3.662035297885162,0.024316638121264056,-0.3456804932180817,-0.12416196741635614,-0.027192386923740982,AfD,2.9037250363922813
-4.6733926565997965,0.8062517699493595,0.4519749169037116,-0.11240506718028888,0.06694593184878023,brand+mauer afd,1.7026845739736833
-4.6733926565997965,0.8062517699493595,0.4519749169037116,-0.11240506718028888,0.06694593184878023,afd sie,1.7026845739736833
-4.6733926565997965,0.8062517699493595,0.4519749169037116,-0.11240506718028888,0.06694593184878023,Gift,1.7026845739736833
-4.6733926565997965,0.8062517699493595,0.4519749169037116,-0.11240506718028888,0.06694593184878023,sie gift,1.7026845739736833
-3.9388708846645746,0.2551340069353898,-0.17533717881805544,-0.12972737467278123,-0.0028660551534411757,Wirtschaft,2.5627297350610476
-4.6733926565997965,0.8062517699493595,0.4519749169037116,-0.11240506718028888,0.06694593184878023,gift wirtschaft,1.7026845739736833
-4.6733926565997965,0.8062517699493595,0.4519749169037116,-0.11240506718028888,0.06694593184878023,Land.,1.7026845739736833
-4.6733926565997965,0.8062517699493595,0.4519749169037116,-0.11240506718028888,0.06694593184878023,wirtschaft land.,1.7026845739736833
-4.6733926565997965,0.8062517699493595,0.4519749169037116,-0.11240506718028888,0.06694593184878023,Zugleich,1.7026845739736833
-4.6733926565997965,0.8062517699493595,0.4519749169037116,-0.11240506718028888,0.06694593184878023,land. zugleich,1.7026845739736833
-4.6733926565997965,0.8062517699493595,0.4519749169037116,-0.11240506718028888,0.06694593184878023,verteidigt,1.7026845739736833
-4.6733926565997965,0.8062517699493595,0.4519749169037116,-0.11240506718028888,0.06694593184878023,zugleich verteidig+t,1.7026845739736833
-4.6733926565997965,0.8062517699493595,0.4519749169037116,-0.11240506718028888,0.06694593184878023,Kanzler,1.7026845739736833
-4.6733926565997965,0.8062517699493595,0.4519749169037116,-0.11240506718028888,0.06694593184878023,verteidig+t kanzler,1.7026845739736833
-4.6733926565997965,0.8062517699493595,0.4519749169037116,-0.11240506718028888,0.06694593184878023,kanzler merz,1.7026845739736833
-4.6733926565997965,0.8062517699493595,0.4519749169037116,-0.11240506718028888,0.06694593184878023,Stadtbild-Debatte,1.7026845739736833
-4.6733926565997965,0.8062517699493595,0.4519749169037116,-0.11240506718028888,0.06694593184878023,merz stadt+bild+-+debatte,1.7026845739736833
4.460069756896437,-5.352040605813349,-0.9704833987706064,1.2458136928276586,-0.1447494874222503,Für,12.531168884205089
-4.247538699148107,0.47810011774172634,0.06875396260015915,-0.10346117494322792,0.015569914546815368,Landtagswahl,2.2028812540845353
-4.6733926565997965,0.8062517699493595,0.4519749169037116,-0.11240506718028888,0.06694593184878023,für land+tag+s+wahl,1.7026845739736833
-4.6733926565997965,0.8062517699493595,0.4519749169037116,-0.11240506718028888,0.06694593184878023,nennt,1.7026845739736833
-4.6733926565997965,0.8062517699493595,0.4519749169037116,-0.11240506718028888,0.06694593184878023,land+tag+s+wahl nenn+t,1.7026845739736833
-4.6733926565997965,0.8062517699493595,0.4519749169037116,-0.11240506718028888,0.06694593184878023,nenn+t hagel,1.7026845739736833
-4.6733926565997965,0.8062517699493595,0.4519749169037116,-0.11240506718028888,0.06694593184878023,Deutschlandk…,1.7026845739736833
-4.6733926565997965,0.8062517699493595,0.4519749169037116,-0.11240506718028888,0.06694593184878023,hagel deutschlandk…,1.7026845739736833
-4.6733926565997965,0.8062517699493595,0.4519749169037116,-0.11240506718028888,0.06694593184878023,deutschlandk… manuel,1.7026845739736833
-3.286685266308086,-0.24049078407748747,0.14271110079085708,0.8724209383842071,-0.014359186499434545,Land,3.3830624404430765
-4.6733926565997965,0.8062517699493595,0.4519749169037116,-0.11240506718028888,0.06694593184878023,wirtschaft land,1.7026845739736833
-4.6733926565997965,0.8062517699493595,0.4519749169037116,-0.11240506718028888,0.06694593184878023,Stadtbild-Deb…,1.7026845739736833
-4.6733926565997965,0.8062517699493595,0.4519749169037116,-0.11240506718028888,0.06694593184878023,merz stadtbild-deb…,1.7026845739736833
-4.6733926565997965,0.8062517699493595,0.4519749169037116,-0.11240506718028888,0.06694593184878023,+139,1.7026845739736833
-4.6733926565997965,0.8062517699493595,0.4519749169037116,-0.11240506718028888,0.06694593184878023,stadtbild-deb… +139,1.7026845739736833
-4.6733926565997965,0.8062517699493595,0.4519749169037116,-0.11240506718028888,0.06694593184878023,+139 char+s,1.7026845739736833
-2.5184981246999394,-1.065774308655913,1.7049106073811298,-0.12150955645837401,-1.7633097966651032,Busfahrer,4.59260630328172
-3.908888178479994,0.08704505597174861,1.4873491609659837,-0.30698499520323924,-1.2254167180172386,hören,2.801780653593943
-3.908888178479994,0.08704505597174861,1.4873491609659837,-0.30698499520323924,-1.2254167180172386,bus+fahrer hör+en,2.801780653593943
-2.176076718698605,-1.088470539139315,1.4238882172415024,-0.20269031922594127,-1.6948812154773336,selten,4.8749658858920855
-3.8488397641211005,0.04847169355908654,1.47672405392048,-0.30274912583928587,-1.2442085522326367,hör+en selten,2.871667960846703
-3.7192772088732866,-0.02681950094007801,1.4357162206871048,-0.2974213058440192,-1.2716501151639557,freundliche,3.0170069736891296
-3.7192772088732866,-0.02681950094007801,1.4357162206871048,-0.2974213058440192,-1.2716501151639557,selten freundlich+e,3.0170069736891296
-3.441727927786334,-0.33745138315741974,1.618876535576613,-0.22827249376789333,-1.4750169160984696,Worte,3.4267553256304097
-3.7734263113809505,-0.034824597643738464,1.5261307882839352,-0.2848248576026382,-1.3040801289905777,freundlich+e wort+e,2.9823457006314973
-2.8959503882094495,-0.7490949383957717,1.6394714721133554,-0.17023190583120673,-1.6416127360880912,Busfahrerinnen,4.10360857087925
-3.795250577023193,-0.04788441105904062,1.5735660720994198,-0.2770587998357392,-1.3236557191126996,wort+e bus+fahrer+in+nen,2.9743438706976923
-3.0617671563287074,-0.5996754129871293,1.5946520551534156,-0.19664171837135713,-1.5743739069367675,bus+fahrer+in+nen bus+fahrer,3.882289552789394
-3.8488397641211005,0.04847169355908654,1.47672405392048,-0.30274912583928587,-1.2442085522326367,bus+fahrer selten,2.871667960846703
1.9353421636925807,-4.698383979915907,2.3923209240069414,0.23926763263059786,-2.581435707764308,Blitzableiter,10.312756683359018
-2.2200654535784077,-1.561798212347004,2.005987343584695,-0.016113763411356855,-1.9692288066718784,selten blitz+ab+leiter,5.126886776856394
-3.5603691919205698,-0.35581241323545365,1.7534786543878353,-0.20729211479811477,-1.5116463308572203,Fahrgäste,3.346517531353273
-3.5603691919205698,-0.35581241323545365,1.7534786543878353,-0.20729211479811477,-1.5116463308572203,blitz+ab+leiter fahr+gast+e,3.346517531353273
-3.8624073737245657,-0.046968489743104413,1.643248176777111,-0.2690845543461776,-1.338637386611923,vieles,2.922567149488713
-3.8624073737245657,-0.046968489743104413,1.643248176777111,-0.2690845543461776,-1.338637386611923,sie viele+s,2.922567149488713
-3.906603822591697,-5.3908801876501045e-05,1.6230394663170733,-0.2787615260088688,-1.3086764373892683,verantwortlich,2.8593548129552175
-3.906603822591697,-5.3908801876501045e-05,1.6230394663170733,-0.2787615260088688,-1.3086764373892683,viele+s verantwortlich,2.8593548129552175
-3.9792672991350915,0.07812268586467463,1.586655527955903,-0.2949090806128021,-1.2559574045123465,gemacht,2.754661943765957
-3.9792672991350915,0.07812268586467463,1.586655527955903,-0.2949090806128021,-1.2559574045123465,verantwortlich ge+mach+t,2.754661943765957
-3.3666710462767346,-0.16314124335693792,1.1701393387657308,-0.34132312213172294,-1.2461904840002986,öffentlichen,3.3674121281671128
-4.0359348425031,0.14001221381728368,1.5550779987134091,-0.30760867120202995,-1.2113896126827979,ge+mach+t öffentlich+en,2.6723084149563845
-4.072030555440049,0.1798601824251711,1.5332456495066906,-0.3156828803525566,-1.181172843864091,Verkehr,2.6195065073267556
-4.072030555440049,0.1798601824251711,1.5332456495066906,-0.3156828803525566,-1.181172843864091,öffentlich+en verkehr,2.6195065073267556
-4.117304819041406,0.2337776485910732,1.4976499765415836,-0.3267344461585808,-1.137123100937513,unzureichend,2.550613204101557
-4.117304819041406,0.2337776485910732,1.4976499765415836,-0.3267344461585808,-1.137123100937513,verkehr un+zureichend,2.550613204101557
-4.128995701700517,0.25513424269956664,1.474628516920005,-0.33170716403518724,-1.1166790725969928,funktioniert,2.5279060916549283
-4.128995701700517,0.25513424269956664,1.474628516920005,-0.33170716403518724,-1.1166790725969928,un+zureichend funktionier+t,2.5279060916549283
1.6529558130583348,-3.330742768250124,0.04510514474189303,0.0007591360879897341,-1.2486798201847933,Mit,9.1857191315316
-4.141205026995479,0.28538315957477645,1.4338834599215051,-0.33913046720774154,-1.0843639773721463,Kampagne,2.4987917893109035
-4.141205026995479,0.28538315957477645,1.4338834599215051,-0.33913046720774154,-1.0843639773721463,mit kampagne,2.4987917893109035
-4.141240331730157,0.3007249865628925,1.4024389201340806,-0.343578311116478,-1.06398036872064,Wirtschaftskammer,2.4883944462823937
-4.141240331730157,0.3007249865628925,1.4024389201340806,-0.343578311116478,-1.06398036872064,kampagne wirtschaft+s+kammer,2.4883944462823937
-3.9027473467048943,0.194364997619759,1.21771304084661,-0.3479207483208799,-1.0613171133104817,Druck,2.7307698016919226
-4.123313273563626,0.3081611996783571,1.3566367847846328,-0.3480463513158923,-1.0433627458549597,wirtschaft+s+kammer druck,2.4961538292250776
-3.8849222480354277,0.18939409575902233,1.1882462385357515,-0.3499831475271609,-1.0509444896895743,druck der,2.7461717002404713
-3.6323468215616708,-0.07693634947838857,1.404110539511274,-0.2949312403278794,-1.286158476122387,der bus+fahrer+in+nen,3.114041437745216
-2.498526700085332,-0.7696731173934075,1.2063950264137242,-0.2831391460541216,-1.51189970326905,halten,4.420406888144127
-4.085635719670114,0.313097686726584,1.2722199700972388,-0.35480981735259126,-1.0077065219461798,bus+fahrer halt+en,2.5189401355040237
-4.1409475200369945,0.3451257379019532,1.2963247863252656,-0.35612301517333966,-0.9948587788124327,Mobilität,2.457500013499916
-4.1409475200369945,0.3451257379019532,1.2963247863252656,-0.35612301517333966,-0.9948587788124327,halt+en mobilität,2.457500013499916
-4.179128422077098,0.36857850041509344,1.3081474356384288,-0.3575116127809541,-0.9823901586303007,Tirol,2.4140334626365005
-4.179128422077098,0.36857850041509344,1.3081474356384288,-0.3575116127809541,-0.9823901586303007,mobilität tirol,2.4140334626365005
-4.197965492928686,0.3808723134307388,1.3118326765766364,-0.35839262409188105,-0.9746632536519186,Laufen,2.3920520908729475
-4.197965492928686,0.3808723134307388,1.3118326765766364,-0.35839262409188105,-0.9746632536519186,tirol lauf+en,2.3920520908729475
-4.224847289619511,0.3995457906755797,1.3139669484195893,-0.3599035700943023,-0.9613478065145824,unverzichtbar,2.359861051012249
-4.224847289619511,0.3995457906755797,1.3139669484195893,-0.3599035700943023,-0.9613478065145824,sie un+verzicht+bar,2.359861051012249
-4.237527181810494,0.41291129217390976,1.303134208453065,-0.3615961679185836,-0.9470000155582036,Alltag,2.341407760284586
-4.237527181810494,0.41291129217390976,1.303134208453065,-0.3615961679185836,-0.9470000155582036,un+verzicht+bar alltag,2.341407760284586
-2.8483619363502966,-0.4119000289337076,0.49137844926556773,-0.42780251229291033,-1.0106123560156728,Arbeit,3.8864829282535873
-4.225925680523602,0.4131062087486037,1.2800388877078772,-0.3627726126426212,-0.9379308974491476,alltag arbeit,2.3493225839042036
-4.211978338190782,0.40978115160592266,1.2607894847594534,-0.3634553256635852,-0.9327627853887714,arbeit selten,2.361337907882345
-4.19977843872224,0.4056020590188152,1.2469103772345234,-0.3638117699342756,-0.9302218183261108,geschätzt,2.3727348082101565
-4.19977843872224,0.4056020590188152,1.2469103772345234,-0.3638117699342756,-0.9302218183261108,selten ge+schätz+t,2.3727348082101565
-0.010451393814232546,-2.26046232940148,-0.013777452340174912,-0.005875957767096249,-1.0393724803875184,sehen,7.212832574979329
-4.14928408250144,0.38909094934395316,1.1798594638110833,-0.3656610271545956,-0.9130942633060034,bus+fahrer seh+en,2.41878163642704
-4.21339840397843,0.42593435898034593,1.2145232291367076,-0.36641758593523516,-0.9006877239349914,+1759,2.348226467487148
-4.21339840397843,0.42593435898034593,1.2145232291367076,-0.36641758593523516,-0.9006877239349914,seh+en +1759,2.348226467487148
-4.228814803723477,0.43496201317306316,1.2215895855816115,-0.366665187932971,-0.8966964925544763,+1759 chars,2.331080785253712
-2.4982499252852044,-0.8355382996461951,-0.9219250660839055,-0.18972911372221357,-0.07309569283362699,wetter gewitter,4.296827328192997
9.448223026461534,-8.688285619860604,-1.4504066894848275,0.678537478026487,-0.17139629993480482,Sturmböen,18.479477492171345
0.9710789141042095,-3.319577489410613,-1.7095808842442803,-0.2667632542078106,-0.15929968593806815,gewitter sturmbö+en,8.476575872363338
-1.8108364619527224,-1.3416527601665655,-1.1456130241579086,-0.20143867946501415,-0.09941904679432356,Sachsen-Anhalt,5.1264949747600985
-2.863971900294535,-0.5615543505339677,-0.7707597803089975,-0.17349175326375332,-0.06006020318176014,sturmbö+en sachsen-anhalt,3.8548731717740083
-0.014900746035036327,-2.627858773389401,-1.5580505318569626,-0.24663451721718943,-0.1421327937399412,möglich,7.2903495119194455
-3.1905390650422136,-0.31496681903978097,-0.6214663963975016,-0.16478335106041037,-0.04414851024009203,sachsen-anhalt möglich,3.460820248594782
-3.956267040228249,0.27005428168277357,-0.17189802377812974,-0.14080054724142166,0.002762278742753102,möglich hier,2.541255259113758
-1.8512349987309333,-1.31155190487955,-1.1357557147963666,-0.20319763066152186,-0.09712164792652389,thema wetter,5.077451286450263
-2.4982499252852044,-0.8355382996461951,-0.9219250660839055,-0.18972911372221357,-0.07309569283362699,sie gewitter,4.296827328192997
-3.753552938524488,0.11478885270329697,-0.30711854588113263,-0.14707047371278464,-0.011524791306374522,heute,2.7835486349434007
-4.0900782144107755,0.3723601363488358,-0.07426413225694442,-0.13626829078114877,0.012960326963178746,sachsen-anhalt heute,2.382083538727156
-3.3955486897441918,-0.10695904300307779,-0.06478136298750234,0.4912973799800442,-0.016678819468264855,ungemütlich,3.2108859759379
-4.109945599397612,0.38751945228350926,-0.059144989755584354,-0.13556920682752804,0.014533016839615977,heute un+gemütlich,2.358516790899242
3.5619924275686694,-4.510785829522288,0.5590142610906236,0.25458432294570194,-1.581467660858196,Nach,11.455933038288489
-1.5521509676611425,-1.408461480625128,-0.821689696937857,0.3734378440405154,-0.0877909581761101,Angaben,5.39657401689632
-2.3211710899913656,-0.8642148266969323,-0.5760477559025818,0.399109363209458,-0.06457526850931444,nach angabe+n,4.478738807457488
-0.8236892234012236,-2.0599816721115993,-1.4105218107040174,-0.24374556734441855,-0.11917132011497927,Deutschen,6.319973133552732
-3.3557799990198647,-0.18932915631400205,-0.5365572553812892,-0.15868528911736207,-0.03581658507351279,angabe+n deutsch+en,3.26162985188342
1.1182419342256988,-3.186596366086474,-0.928137834516143,0.9165939369671091,-0.11433478765210664,Wetterdienstes,8.574599686607797
-1.2577066669789598,-1.7689315512032509,-1.3145427584416174,-0.24257763864635262,-0.10473581916326907,deutsch+en wetter+dienst+es,5.807915637914548
-0.8899359599965742,-2.066606473433547,-1.4055741697478843,-0.2613611833017638,-0.10976025424441221,wetter+dienst+es dwd,6.269324697222068
-2.0906602423324028,-1.1363485256371364,-1.059580522045513,-0.19499404308948537,-0.09004026704021018,Morgen,4.7886050601597505
-3.932331191624776,0.2524584741764533,-0.1858912861752796,-0.13811784064926785,-0.0002748210074152921,dwd morgen,2.5693899053401013
-3.852489041085481,0.1909834360775804,-0.2389835234699042,-0.1390238218250917,-0.006600047224356705,morgen bewölk+t,2.6648915188955002
-3.182519326322983,-0.32725051277546857,-0.6155272571702965,-0.1519243043048648,-0.04943715590588854,regnerisch,3.473645122309276
-3.7304067601386164,0.09675363000283044,-0.3170877712952862,-0.1417219407923303,-0.015320380352385428,bewölk+t regnerisch,2.8113915286865
12.89527189241165,-11.08471583407444,-1.8430756866086315,0.008430346050249907,-0.1806048779524138,Gewittern,22.63874470661257
-2.598377979931748,-0.7625218949036721,-0.8858189901318472,-0.1896803162669577,-0.06810042556113438,tag+es+verlauf gewitter+n,4.1767644727431525
0.29217446281220294,-2.614700151943808,-0.75623451851652,1.0013782937478257,-0.10990776682490405,kommen,7.585711412272029
-2.3820240654502975,-0.9219362592623583,-0.9649771378954667,-0.1935210335789831,-0.07730406457145583,gewitter+n komm+en,4.437238559407684
-3.7334214150200262,0.09779667774397849,-0.32287163197118884,-0.1515048359497307,-0.011452584313721134,Harz,2.808526588946179
-3.8050910822153274,0.15285260754693608,-0.276696983313544,-0.14877944313597558,-0.006819984182632327,seien,2.7226053438565163
-3.8050910822153274,0.15285260754693608,-0.276696983313544,-0.14877944313597558,-0.006819984182632327,harz sei,2.7226053438565163
7.407633098144037,-7.356038606673125,-1.446551735535487,0.6741381330999631,-0.16752927279211244,sogar,16.052283892282937
-3.871581031637098,0.2039449408486269,-0.2323477994189412,-0.14621430459968054,-0.002368099941645177,sei sogar,2.643008700567873
-3.953508948085648,0.26688724000325936,-0.17558259850864627,-0.14300677159904163,0.003335653002414646,+433,2.545110555387023
-3.953508948085648,0.26688724000325936,-0.17558259850864627,-0.14300677159904163,0.003335653002414646,sogar +433,2.545110555387023
-3.985622855935477,0.2915454743277095,-0.15266283082776796,-0.1417359674635722,0.005640906046683561,+433 char+s,2.506798609662783
-3.4778268356207187,-0.09630897942909522,-0.4712866284208888,-0.15606107503675065,-0.028511109253249064,wetter sturmbö+en,3.1147381991026446
-0.467122611120403,-2.3068960777902605,-1.4770957960307496,-0.2408716648151813,-0.13138086054618298,sturmbö+en gewitter,6.745527182492963
-2.230016688600155,-1.0334531275130567,-1.0151573721006564,-0.19373742419501128,-0.08429631091879619,gewitter hessen,4.6202591116854395
-0.559797649155862,-2.241141648711919,-1.4590946973576315,-0.23958698454246852,-0.12906539598929617,erwartet,6.633996375752979
-2.6332195915326997,-0.7343071225544717,-0.867420607653594,-0.18239644282251377,-0.0690456405467405,hessen erwart+et,4.133458101164801
-2.425223982997304,-0.8890977714455373,-0.946840242665021,-0.1890229321891448,-0.07691817252397676,unbeständiges,4.384618739458453
-2.935520045509715,-0.5077525348217873,-0.7412882716416902,-0.1736588000643705,-0.055987158795351544,erwart+et un+beständig+es,3.7685390290859426
-2.4171861566312973,-0.8950348410855415,-0.9495646099933183,-0.18897843985341423,-0.07732150066965776,un+beständig+es wetter,4.394307852425746
-3.958926006175366,0.2717795990517111,-0.1706132602905474,-0.14143137320119475,0.003222545664016141,wetter hier,2.5382529915948657
-3.4778268356207187,-0.09630897942909522,-0.4712866284208888,-0.15606107503675065,-0.028511109253249064,sie sturmbö+en,3.1147381991026446
-4.061334810288564,0.350182768047115,-0.09622861152068363,-0.13772802720194705,0.010881223833820682,stürmisch,2.416333955203877
-4.061334810288564,0.350182768047115,-0.09622861152068363,-0.13772802720194705,0.010881223833820682,hessen stürmisch,2.416333955203877
-2.987575652864251,-0.4704822292412012,-0.7116352457011836,-0.1637516367734161,-0.05669366588863589,Laut,3.706673143669018
-2.3293404080161224,-0.9604070243099665,-0.9783215274187232,-0.18787803106086343,-0.08189498676049883,Deutschem,4.500497814616273
-2.3293404080161224,-0.9604070243099665,-0.9783215274187232,-0.18787803106086343,-0.08189498676049883,laut deutsch+em,4.500497814616273
-2.432204253718034,-0.8841199903001482,-0.9415259169615714,-0.18521941593363633,-0.07799766407718212,deutsch+em wetter+dienst,4.376265273815299
-4.1736569632873435,0.4367265017127979,-0.008346175997563099,-0.13190386148862515,0.019183092956176796,Freitagnachmittag,2.2827171070072483
-4.1736569632873435,0.4367265017127979,-0.008346175997563099,-0.13190386148862515,0.019183092956176796,dwd freitag+nachmittag,2.2827171070072483
-4.178938192932424,0.44121191615567046,-0.0030888787296900477,-0.13042387419648088,0.01914591427044309,verbreitet,2.276220353453499
-4.178938192932424,0.44121191615567046,-0.0030888787296900477,-0.13042387419648088,0.01914591427044309,freitag+nachmittag verbreit+et,2.276220353453499
-4.173708187449316,0.4374885362027048,-0.006361406055883589,-0.12951530183332882,0.018309666431241288,Windböen,2.282262308846109
-4.173708187449316,0.4374885362027048,-0.006361406055883589,-0.12951530183332882,0.018309666431241288,verbreit+et windbö+en,2.282262308846109
-3.257724469374473,-0.20237116094624152,-0.22718884695925992,0.3559105037354569,-0.02695180709218536,Kilometer,3.3670396830533047
-4.141439906893413,0.41295138545336507,-0.029628881963840087,-0.12794507479132333,0.014658851289046433,windbö+en kilo+meter,2.3204053056163185
-4.0730939530737835,0.3593279718914404,-0.0789562251558911,-0.12628813133509686,0.007691599053282219,kilo+meter pro,2.4021862856956466
-4.001205341403777,0.3014996586857528,-0.12926582801710546,-0.12496697538984268,0.0007386982758142771,pro stunde,2.4891224585654927
-4.067937076796842,0.3549181692509682,-0.0821964382500115,-0.12557447426292706,0.006951147155673826,stunde möglich,2.4085468200458457
-4.172918011455948,0.43704499353413784,-0.004678724725605765,-0.12656651669178648,0.017138642240435827,höheren,2.2830892877384983
-4.172918011455948,0.43704499353413784,-0.004678724725605765,-0.12656651669178648,0.017138642240435827,möglich hoch+er+en,2.2830892877384983
-2.908305421957099,-0.528180550512189,-0.752791444053003,-0.1738446188771774,-0.057455204274884764,Lagen,3.8013521705166973
-4.206158859408412,0.46246732415221103,0.020925366261600298,-0.12669885937495884,0.020402295668389407,hoch+er+en lieg+en,2.243747835821223
-3.283294252894468,-0.26636069312546384,-0.5562597433814014,-0.1365141536966284,-0.048833834696353634,deutlich,3.360268919427972
-4.23703801431158,0.4858623875987498,0.04523110200419583,-0.12668611162786741,0.023431283132404994,lieg+en deutlich,2.2073520122537484
-4.255753988877504,0.49995562931828497,0.06022510732962311,-0.12660022144738659,0.025261173872207228,stärkere,2.1853543450722963
-4.255753988877504,0.49995562931828497,0.06022510732962311,-0.12660022144738659,0.025261173872207228,deutlich stark+er+e,2.1853543450722963
-4.272549833329494,0.512558099148146,0.0738579745089758,-0.1264670428521648,0.02689773516233821,Exponiert,2.1656479216209084
-4.291576565212014,0.5267934043650178,0.08951053674345855,-0.12624902920041708,0.028744589686422566,+1037,2.1433582654595655
-4.291576565212014,0.5267934043650178,0.08951053674345855,-0.12624902920041708,0.028744589686422566,exponier+t +1037,2.1433582654595655
-4.29860144898816,0.5320401962101109,0.09534676372747747,-0.12615032338523618,0.029424594385352602,+1037 chars,2.135136890513275
-1.7305954094497062,-1.2597867587065221,-0.6106767008446734,0.6092720962114216,-0.07646543738199935,Deutscher,5.180110514884456
-4.099269894290854,0.3805805687043604,-0.06414530837660712,-0.13206928312044153,0.012258978880504763,deutsch+er wetter+dienst,2.370520062188576
-4.007704462975345,0.3102158662965906,-0.13004334557522063,-0.13249111957137938,0.004154624970465065,wetter+dienst sturmbö+en,2.479510417440613
-3.904983054548218,0.23020698556044805,-0.20044882919493198,-0.13319854446629992,-0.004428453317533228,sturmbö+en regen,2.602656677632055
-2.363532114646776,-0.9405219729253851,-0.9588648951936513,-0.17757852484852454,-0.08408981283669831,Herbst,4.4620184405800005
-3.9676478686529406,0.2795905074789673,-0.15990769445562075,-0.13539077796055687,0.001737988311969453,regen herbst,2.5272175925736535
2.0115094522606567,-3.586954968281038,-0.21259466612990896,-0.029646420279798955,1.3770120095362544,bringt,9.628156434477718
-3.446314037039826,-0.12028228319907397,-0.4871995134996956,-0.1550641580420069,-0.031059851249019662,herbst bring+t,3.1525990387724026
-3.9752811683002367,0.28517892513557896,-0.15702249946906474,-0.13839790944778363,0.0035158697699241848,ungemütliches,2.5182823273862778
-3.9752811683002367,0.28517892513557896,-0.15702249946906474,-0.13839790944778363,0.0035158697699241848,bring+t un+gemütlich+es,2.5182823273862778
-4.099269894290854,0.3805805687043604,-0.06414530837660712,-0.13206928312044153,0.012258978880504763,un+gemütlich+es wetter,2.370520062188576
-3.879203170970761,0.21089254042634398,-0.22534206564698453,-0.14368699546380348,-0.0026684771722054468,Orkanartige,2.6333045305506575
-3.879203170970761,0.21089254042634398,-0.22534206564698453,-0.14368699546380348,-0.0026684771722054468,wetter orkanartige,2.6333045305506575
-1.22587598648746,-1.7657247981320103,-1.3042584109533593,-0.2168178250060594,-0.11576515900940682,Böen,5.832037528014271
-3.7400594921566377,0.10426884318909546,-0.31618626001235306,-0.14817486117094508,-0.012167484672870085,orkanartige böen,2.7998188065336285
-3.2033931563547693,-0.30546712261732933,-0.6127718299355251,-0.16129571982641627,-0.04464652056823057,kräftiger,3.445425317601165
-3.6340114676823667,0.023067956965318492,-0.3812876393064233,-0.151450765072155,-0.019005885293986294,böen kräftig+er,2.9270278047377536
-3.904983054548218,0.23020698556044805,-0.20044882919493198,-0.13319854446629992,-0.004428453317533228,kräftig+er regen,2.602656677632055
-1.2303136078717447,-1.761761766068846,-1.3075805941050151,-0.22241587706203514,-0.11353173727010385,gewitter der,5.826328364161664
-0.3724406086987946,-2.3743727054716364,-1.4937251611129088,-0.24055305272523403,-0.1342951735882319,der deutsch+e,6.859659366647527
5.724182436941207,-6.542082863188091,-2.1081679354698877,-0.3847273562300956,-0.19520781257789638,warnt,14.164801693653567
3.046167554222156,-4.740359678221181,-1.9408030797673734,-0.32155303907587673,-0.17989988947906382,wetter+dienst warn+t,10.962763881355992
-3.9523076960676895,0.2667078894867516,-0.17528237281528286,-0.14166730464435434,0.002741664464838277,stürmischen,2.546145954574427
-3.9523076960676895,0.2667078894867516,-0.17528237281528286,-0.14166730464435434,0.002741664464838277,warn+t stürmisch+en,2.546145954574427
-4.009138167424799,0.31051127512112675,-0.13417074390758532,-0.13904603288695505,0.006712162176923671,stürmisch+en tag+en,2.4782776269848585
-1.5100291199766556,-1.5610348833161338,-1.22958537493551,-0.20795218887607547,-0.10873213180535274,Wochenende,5.489702995301539
-4.042010098055827,0.3363001884155896,-0.1087204290662751,-0.13616424110436354,0.008569648473035617,tag+en woche+n+ende,2.4388216856059293
-4.04466335491899,0.33867867381224137,-0.10543310704772157,-0.13439954690762784,0.008154955478050153,woche+n+ende bleib+t,2.435471223415654
-4.022004973635481,0.3213084161038813,-0.12015628456943095,-0.13268511125996002,0.005493581039867558,bleib+t wechselhaft,2.4624191065592447
-3.9662615214310466,0.27694469623945506,-0.15690287238453537,-0.12999248858792145,-0.0004087434183130262,kühl,2.529645329417848
-3.9662615214310466,0.27694469623945506,-0.15690287238453537,-0.12999248858792145,-0.0004087434183130262,wechselhaft kühl,2.529645329417848
-4.0789464689713935,0.36504050108751507,-0.07781242654526269,-0.13054643235777402,0.009826434020092208,der herbst,2.394632413340545
-4.118792309672475,0.3956168038586183,-0.04849076801002716,-0.13047035669139606,0.013475597183229028,herbst zeig+t,2.3472885366326857
-3.7077034845481633,0.07976925705471283,-0.3328278657689633,-0.1445399446911419,-0.016017718752876005,ungemütliche,2.8384171379625487
-4.147354072895368,0.4174842065476079,-0.026301591515271616,-0.1294170861050436,0.01576548519958714,zeig+t un+gemütlich+e,2.3134035076972284
-4.098143939553124,0.3794319816473122,-0.06170075888617277,-0.12775265530988344,0.010544329697119832,un+gemütlich+e seite,2.3719675037857195
1.1265919706048884,-3.2878331053931475,-1.1272007133268267,0.6113818101512573,-0.14915033077004108,Donnerstag,8.620988213192888
-3.918127393539496,0.23417562666400027,-0.18569938655752316,-0.12443072382213831,-0.006647337278817403,seite donnerstag,2.5900658441919724
-2.1997266205381893,-1.0613195250948184,-1.0160267686762383,-0.182562553212278,-0.08979139030932676,zieht,4.659663099852408
-4.124659920143957,0.39981200129900407,-0.04138478711874555,-0.1268398771683632,0.012667741507016168,donnerstag zieh+t,2.340448882561358
-4.181695901962377,0.44379311525986,0.0016053948093761594,-0.12716732256882535,0.01820616556384714,zieh+t kräftig+er,2.2726833202837797
6.782629015758661,-6.9937969150978665,-1.532123431406316,0.5266241024502348,-0.1751276272987869,Sturm,15.327904478554402
-4.215552649968085,0.4695464716530098,0.02789154131890298,-0.1271836644598423,0.021499777147704464,kräftig+er sturm,2.2326957340380487
1.6452311711528802,-3.5321581095556835,-0.90363227067108,1.0343859483150428,-0.13465972919311692,Deutschland,9.199958956922423
-4.238857537803212,0.4871611573105792,0.046400852052012775,-0.12702774243475956,0.02373746137919793,sturm deutschland,2.205252659164997
-3.93221982613237,0.24261538937614957,-0.17446375716326273,-0.12167396964274628,-0.006505607016327047,Dabei,2.574452487998495
-4.1768785971955715,0.4398623418703558,-0.0003916629790077786,-0.12489411778657976,0.016892968981653468,dabei windig,2.278494265927018
-2.460627170438807,-0.8770473555506229,-0.9175313227022296,-0.1672017004202327,-0.0832529307317465,nass,4.349249521064839
-4.1054548067751995,0.383401717915844,-0.05324762564652555,-0.1234385171652526,0.009591905569586064,windig nass,2.3640930178104256
-4.093381687922052,0.37351571343813883,-0.06179244833636355,-0.12290725035783036,0.008271836632638703,spürbar,2.378755077369879
-4.093381687922052,0.37351571343813883,-0.06179244833636355,-0.12290725035783036,0.008271836632638703,nass spür+bar,2.378755077369879
-3.2023263108529796,-0.30986474464070435,-0.6078262749576433,-0.15405189025943383,-0.047412621307678704,kühler,3.448538688041908
-4.183409670446663,0.44473659622805783,0.005241433852465727,-0.12407391089215584,0.017214223307750583,spür+bar kühl+er,2.270817166538351
-4.253087481827576,0.4982636864024448,0.05961366449494687,-0.12468371812042107,0.024286706423152095,kühl+er deutsch+e,2.188308044215261
-4.305996189904893,0.538039654806882,0.10261275187541485,-0.12473245746710297,0.029662918642593454,mitteilte…,2.126228483624497
-4.305996189904893,0.538039654806882,0.10261275187541485,-0.12473245746710297,0.029662918642593454,dwd mitteilte…,2.126228483624497
-4.320361912911835,0.5487427496490209,0.11458145938865621,-0.12465050579280999,0.03111244139304859,+2240,2.109441482624387
-4.320361912911835,0.5487427496490209,0.11458145938865621,-0.12465050579280999,0.03111244139304859,mitteilte… +2240,2.109441482624387
-4.3265906068061355,0.5533740204459354,0.11981257676925544,-0.1246003527352582,0.03173895877000928,+2240 char+s,2.102170345468574
-3.383647553436426,-0.16814087475170036,-0.5208638089079288,-0.1566437581380935,-0.03472110473035023,orkanartige,3.2280776836241722
-3.383647553436426,-0.16814087475170036,-0.5208638089079288,-0.1566437581380935,-0.03472110473035023,gewitter orkan+artig+e,3.2280776836241722
-3.7055091307349577,0.07798710730285352,-0.3371643261275742,-0.14848227693450228,-0.014718479887618693,orkan+artig+e böe+n,2.841135742836387
-3.896287730081515,0.22412577953999957,-0.21342204817959087,-0.14273432962595844,-0.0016002761756472375,100,2.612818905477839
-3.896287730081515,0.22412577953999957,-0.21342204817959087,-0.14273432962595844,-0.0016002761756472375,böe+n 100,2.612818905477839
-3.928151218140733,0.24852812235913668,-0.19152796904470465,-0.14171449936888303,0.0007020301196594206,km/h,2.5747864360314296
-3.928151218140733,0.24852812235913668,-0.19152796904470465,-0.14171449936888303,0.0007020301196594206,100 km/h,2.5747864360314296
-2.9078515743027813,-0.5293675757497418,-0.7490839472437112,-0.1687480192618374,-0.05937735892170942,Sturmtief,3.8023018450087456
-3.9627955713172356,0.27505165998013004,-0.167297478112411,-0.14058643671718768,0.0032446076827056455,km/h sturm+tief,2.533473210677092
-3.616760116299479,0.009940058151971076,-0.38806492627432926,-0.14741341997508323,-0.02178519817555956,Joshua,2.947664015585256
-3.616760116299479,0.009940058151971076,-0.38806492627432926,-0.14741341997508323,-0.02178519817555956,sturm+tief joshua,2.947664015585256
-3.427798041041714,-0.1401725877838309,-0.48883045418745463,-0.1441756560137022,-0.03639818788858906,wütet,3.1778124868622006
-3.6114876097351614,0.005426885039433449,-0.38984020033192823,-0.14576899002719074,-0.022788244446076966,joshua wüt+et,2.954231067838287
-3.5559135826469097,-0.039359074219571966,-0.419288610658586,-0.14333205380472092,-0.027744647419533277,wüt+et deutschland,3.022163486700476
-1.742215676239426,-1.3952919294546637,-1.1606735877786503,-0.19691790286738664,-0.10382803193828888,sorgt,5.2111579669784005
-3.4368662346528507,-0.1373636772258473,-0.4810259429521056,-0.13989288215055767,-0.03738664502494113,deutschland sorg+t,3.169019495520549
-3.641322554388358,0.026269772030402372,-0.36890284170252485,-0.14055102694089938,-0.022534630982753545,Sturmflutwarnungen,2.919408987282857
-3.641322554388358,0.026269772030402372,-0.36890284170252485,-0.14055102694089938,-0.022534630982753545,sorg+t sturm+flut+warnung+en,2.919408987282857
0.5611167138791613,-2.8252941668216502,-1.0037166204362666,0.6995942685912727,-0.12633802216409057,kühle,7.909043826003604
-3.4993321622294418,-0.09086128471689969,-0.4455454146199617,-0.1366908866691534,-0.034263336183655235,sturm+flut+warnung+en kühl+e,3.0944612730952024
2.95824961374874,-4.4451335725634245,-1.309571511350268,0.6171764547209108,-0.15366369436439714,Temperaturen,10.76686769797753
0.7043712579661845,-2.9210528031444154,-1.0437129470466573,0.6715772556156862,-0.1272273881192732,kühl+e temperatur+en,8.078184206801375
-3.609510463055045,-0.002960358761051829,-0.38391065297840227,-0.13594110692405958,-0.026628816090150356,Wälder,2.9601183693425064
-3.5428840500892522,-0.05849812696372969,-0.420185668225392,-0.13438987823099652,-0.03204664491002614,Parks,3.0425564215786354
-3.5428840500892522,-0.05849812696372969,-0.420185668225392,-0.13438987823099652,-0.03204664491002614,wald+er park+s,3.0425564215786354
-2.194613313282564,-1.0715225129057533,-1.012893353907443,-0.1766972591644272,-0.09215972951054507,sollten,4.669210284568751
-3.683813755797219,0.05613207044099444,-0.34043355708817435,-0.13543781754665113,-0.021262406376452617,park+s soll+ten,2.869776887134268
-3.778245856853297,0.13166817167331946,-0.283618604709698,-0.1359493262015573,-0.013738533379045959,gemieden,2.7549445010686386
-3.778245856853297,0.13166817167331946,-0.283618604709698,-0.1359493262015573,-0.013738533379045959,soll+ten ge+meid+en,2.7549445010686386
-3.8935272835011667,0.22225485733211103,-0.21009751614182648,-0.13606773617543977,-0.0043106340575315635,Äste,2.6159293441642886
-3.8935272835011667,0.22225485733211103,-0.21009751614182648,-0.13606773617543977,-0.0043106340575315635,ge+meid+en ast+e,2.6159293441642886
-3.912004590631298,0.23661043945988647,-0.1978455084814847,-0.13600633271174284,-0.0027830492611604918,herunterfallen,2.593767727892356
-3.912004590631298,0.23661043945988647,-0.1978455084814847,-0.13600633271174284,-0.0027830492611604918,ast+e herunter+fall+en,2.593767727892356
-3.386673837269251,-0.1557861115156598,0.13300655545786771,0.7853427064714288,-0.014836828273003227,könnten,3.2542077059594483
-3.9562769840794423,0.27084500900855835,-0.16792169426111875,-0.13574340621656888,0.0008885736305234634,herunter+fall+en könn+ten,2.5407921371362154
-3.978741943323074,0.2881380773543478,-0.15241562682568346,-0.1355355570497404,0.00275410814497732,erklärt,2.5139738520806745
-3.978741943323074,0.2881380773543478,-0.15241562682568346,-0.1355355570497404,0.00275410814497732,könn+ten erklär+t,2.5139738520806745
-3.990138889973189,0.29689518307867324,-0.14437523027234653,-0.13529475549302805,0.003658105146125787,Meteorologe,2.5003814987477435
-3.990138889973189,0.29689518307867324,-0.14437523027234653,-0.13529475549302805,0.003658105146125787,erklär+t meteorologe,2.5003814987477435
-3.9961074621069166,0.3014799012622431,-0.13987693064367562,-0.134818951317701,0.004003529407505271,Karsten,2.493262469335581
-3.9961074621069166,0.3014799012622431,-0.13987693064367562,-0.134818951317701,0.004003529407505271,meteorologe karsten,2.493262469335581
-4.273726503643337,0.5136090706998979,0.07528327119004702,-0.12589041136480777,0.026804706210387934,Brandt,2.1641763192199694
-4.273726503643337,0.5136090706998979,0.07528327119004702,-0.12589041136480777,0.026804706210387934,karsten brandt,2.1641763192199694
-4.376915929931098,0.5912116042130977,0.16401145693606606,-0.12273934259302759,0.036350273485242564,+66,2.0432559995743462
-4.376915929931098,0.5912116042130977,0.16401145693606606,-0.12273934259302759,0.036350273485242564,karsten +66,2.0432559995743462
-4.379439142756025,0.5930687145252747,0.1661969568092087,-0.1227213055008972,0.036612680578489175,+66 chars,2.0403262414107672
-4.6733926565997965,0.8062517699493595,0.4519749169037116,-0.11240506718028888,0.06694593184878023,CDU-Chef,1.7026845739736833
-4.6733926565997965,0.8062517699493595,0.4519749169037116,-0.11240506718028888,0.06694593184878023,cdu+-+chef baden-württemberg,1.7026845739736833
7.014940555062881,-7.0654690248956635,-1.3344488870301432,0.834504266733035,-0.1574394550998141,gibt,15.5738668526427
-4.6733926565997965,0.8062517699493595,0.4519749169037116,-0.11240506718028888,0.06694593184878023,baden-württemberg geb+t,1.7026845739736833
-4.6733926565997965,0.8062517699493595,0.4519749169037116,-0.11240506718028888,0.06694593184878023,Christen,1.7026845739736833
-4.6733926565997965,0.8062517699493595,0.4519749169037116,-0.11240506718028888,0.06694593184878023,geb+t christ+en,1.7026845739736833
-4.6733926565997965,0.8062517699493595,0.4519749169037116,-0.11240506718028888,0.06694593184878023,christ+en manuel,1.7026845739736833
-4.6733926565997965,0.8062517699493595,0.4519749169037116,-0.11240506718028888,0.06694593184878023,Politik,1.7026845739736833
-4.6733926565997965,0.8062517699493595,0.4519749169037116,-0.11240506718028888,0.06694593184878023,hagel politik,1.7026845739736833
-4.6733926565997965,0.8062517699493595,0.4519749169037116,-0.11240506718028888,0.06694593184878023,macht,1.7026845739736833
-4.6733926565997965,0.8062517699493595,0.4519749169037116,-0.11240506718028888,0.06694593184878023,politik mach+t,1.7026845739736833
-4.6733926565997965,0.8062517699493595,0.4519749169037116,-0.11240506718028888,0.06694593184878023,mach+t der,1.7026845739736833
-4.6733926565997965,0.8062517699493595,0.4519749169037116,-0.11240506718028888,0.06694593184878023,Chef,1.7026845739736833
-4.6733926565997965,0.8062517699493595,0.4519749169037116,-0.11240506718028888,0.06694593184878023,der chef,1.7026845739736833
-4.098596994315011,0.3481479288116216,-0.04486600219086065,-0.1004540184295971,6.178177545099195e-06,CDU,2.387567780258767
-4.6733926565997965,0.8062517699493595,0.4519749169037116,-0.11240506718028888,0.06694593184878023,chef cdu,1.7026845739736833
-4.6733926565997965,0.8062517699493595,0.4519749169037116,-0.11240506718028888,0.06694593184878023,cdu baden-württemberg,1.7026845739736833
-4.607477830197457,0.7623929883831663,0.38692842410150696,-0.11109718236195056,0.05836214020716982,nächsten,1.775964711737919
-4.6733926565997965,0.8062517699493595,0.4519749169037116,-0.11240506718028888,0.06694593184878023,baden-württemberg nächst+en,1.7026845739736833
0.201655636318125,-2.5816137084100452,-0.5804036845783902,1.2252785900876675,-0.11056807944673147,Jahr,7.500837491561689
-4.608820547227197,0.7633211058649418,0.3882335710752848,-0.11112452975206612,0.058534978032535136,nächst+en jahr,1.7744519906680778
-4.069756912368185,0.3225724002432717,-0.06574317125822282,-0.09989588614601362,-0.002868212325782632,Ministerpräsident,2.4236427886529897
-4.6733926565997965,0.8062517699493595,0.4519749169037116,-0.11240506718028888,0.06694593184878023,jahr minister+präsident,1.7026845739736833
-4.6733926565997965,0.8062517699493595,0.4519749169037116,-0.11240506718028888,0.06694593184878023,betont,1.7026845739736833
-4.6733926565997965,0.8062517699493595,0.4519749169037116,-0.11240506718028888,0.06694593184878023,minister+präsident beton+t,1.7026845739736833
-4.6733926565997965,0.8062517699493595,0.4519749169037116,-0.11240506718028888,0.06694593184878023,gebe,1.7026845739736833
-4.6733926565997965,0.8062517699493595,0.4519749169037116,-0.11240506718028888,0.06694593184878023,beton+t geb+e,1.7026845739736833
-4.6733926565997965,0.8062517699493595,0.4519749169037116,-0.11240506718028888,0.06694593184878023,geb+e christ+en,1.7026845739736833
-4.6733926565997965,0.8062517699493595,0.4519749169037116,-0.11240506718028888,0.06694593184878023,Politiker,1.7026845739736833
-4.6733926565997965,0.8062517699493595,0.4519749169037116,-0.11240506718028888,0.06694593184878023,mach+t politiker,1.7026845739736833
-4.6733926565997965,0.8062517699493595,0.4519749169037116,-0.11240506718028888,0.06694593184878023,politiker manuel,1.7026845739736833
-4.6733926565997965,0.8062517699493595,0.4519749169037116,-0.11240506718028888,0.06694593184878023,Christ,1.7026845739736833
-4.6733926565997965,0.8062517699493595,0.4519749169037116,-0.11240506718028888,0.06694593184878023,hagel christ,1.7026845739736833
-4.400545363756793,0.6058978444876548,0.19624302943316657,-0.10670964899747136,0.0328648092937685,Gespräch,2.017079529723765
-4.6733926565997965,0.8062517699493595,0.4519749169037116,-0.11240506718028888,0.06694593184878023,katholi…,1.7026845739736833
-4.6733926565997965,0.8062517699493595,0.4519749169037116,-0.11240506718028888,0.06694593184878023,gespräch katholi…,1.7026845739736833
-4.6733926565997965,0.8062517699493595,0.4519749169037116,-0.11240506718028888,0.06694593184878023,Redaktion,1.7026845739736833
-4.6733926565997965,0.8062517699493595,0.4519749169037116,-0.11240506718028888,0.06694593184878023,katholi… redaktion,1.7026845739736833
-4.6733926565997965,0.8062517699493595,0.4519749169037116,-0.11240506718028888,0.06694593184878023,redaktion freitag,1.7026845739736833
-4.6733926565997965,0.8062517699493595,0.4519749169037116,-0.11240506718028888,0.06694593184878023,24.,1.7026845739736833
-4.6733926565997965,0.8062517699493595,0.4519749169037116,-0.11240506718028888,0.06694593184878023,freitag 24.,1.7026845739736833
-4.6733926565997965,0.8062517699493595,0.4519749169037116,-0.11240506718028888,0.06694593184878023,24. oktober,1.7026845739736833
3.0841677390872304,-4.47074653331213,-0.7601648512612666,1.4213267261518314,-0.1359953939022444,2025,10.91630671248262
-4.6733926565997965,0.8062517699493595,0.4519749169037116,-0.11240506718028888,0.06694593184878023,oktober 2025,1.7026845739736833
-4.6733926565997965,0.8062517699493595,0.4519749169037116,-0.11240506718028888,0.06694593184878023,9:00,1.7026845739736833
-4.6733926565997965,0.8062517699493595,0.4519749169037116,-0.11240506718028888,0.06694593184878023,2025 9:00,1.7026845739736833
-0.4642596045758456,-2.127170271088005,-0.8723249023123545,0.6489411063955879,-0.1067978975517691,Uhr,6.686001249518222
-4.6733926565997965,0.8062517699493595,0.4519749169037116,-0.11240506718028888,0.06694593184878023,9:00 uhr,1.7026845739736833
-4.6733926565997965,0.8062517699493595,0.4519749169037116,-0.11240506718028888,0.06694593184878023,Hagel…,1.7026845739736833
-4.6733926565997965,0.8062517699493595,0.4519749169037116,-0.11240506718028888,0.06694593184878023,manuel hagel…,1.7026845739736833
-4.6733926565997965,0.8062517699493595,0.4519749169037116,-0.11240506718028888,0.06694593184878023,+3532,1.7026845739736833
-4.6733926565997965,0.8062517699493595,0.4519749169037116,-0.11240506718028888,0.06694593184878023,hagel… +3532,1.7026845739736833
-4.6733926565997965,0.8062517699493595,0.4519749169037116,-0.11240506718028888,0.06694593184878023,+3532 char+s,1.7026845739736833
-3.903024973241372,0.22824636344447713,-0.21064813954289813,-0.14475233592816283,-0.0002952088210462986,Mann,2.605335092656979
-4.6733926565997965,0.8062517699493595,0.4519749169037116,-0.11240506718028888,0.06694593184878023,der mann,1.7026845739736833
-4.6733926565997965,0.8062517699493595,0.4519749169037116,-0.11240506718028888,0.06694593184878023,kontrollierte,1.7026845739736833
-4.6733926565997965,0.8062517699493595,0.4519749169037116,-0.11240506718028888,0.06694593184878023,mann kontrollier+t+e,1.7026845739736833
-4.6733926565997965,0.8062517699493595,0.4519749169037116,-0.11240506718028888,0.06694593184878023,Eskalation,1.7026845739736833
-4.6733926565997965,0.8062517699493595,0.4519749169037116,-0.11240506718028888,0.06694593184878023,kontrollier+t+e eskalation,1.7026845739736833
-3.4867826021753356,-0.08967169421236498,-0.46709734809933423,-0.1568255009340409,-0.0276031228881175,gegenüber,3.1040786191102
-4.6733926565997965,0.8062517699493595,0.4519749169037116,-0.11240506718028888,0.06694593184878023,eskalation gegenüber,1.7026845739736833
-4.6733926565997965,0.8062517699493595,0.4519749169037116,-0.11240506718028888,0.06694593184878023,Grünen,1.7026845739736833
-4.6733926565997965,0.8062517699493595,0.4519749169037116,-0.11240506718028888,0.06694593184878023,gegenüber grün+en,1.7026845739736833
-4.348044567822038,0.5646647559014351,0.132578366998987,-0.1302968584467193,0.03600960381643147,Schon,2.0795823857960105
-4.6733926565997965,0.8062517699493595,0.4519749169037116,-0.11240506718028888,0.06694593184878023,grün+en schon,1.7026845739736833
-4.6733926565997965,0.8062517699493595,0.4519749169037116,-0.11240506718028888,0.06694593184878023,schon cdu,1.7026845739736833
-4.6733926565997965,0.8062517699493595,0.4519749169037116,-0.11240506718028888,0.06694593184878023,ausgerichtet,1.7026845739736833
-4.6733926565997965,0.8062517699493595,0.4519749169037116,-0.11240506718028888,0.06694593184878023,baden-württemberg aus+ge+richt+et,1.7026845739736833
-4.6733926565997965,0.8062517699493595,0.4519749169037116,-0.11240506718028888,0.06694593184878023,aus+ge+richt+et der,1.7026845739736833
-4.182293800911992,0.42168077988161623,0.01775711880949582,-0.10211990900807084,0.008601211641454352,Spitzenkandidat,2.2834123534862556
-4.476905786932085,0.6663768548385113,0.2641543964163704,-0.1083515939927026,0.041999259732402545,der spitze+n+kandidat,1.9264574592639998
-4.6733926565997965,0.8062517699493595,0.4519749169037116,-0.11240506718028888,0.06694593184878023,spitze+n+kandidat hagel,1.7026845739736833
-4.6733926565997965,0.8062517699493595,0.4519749169037116,-0.11240506718028888,0.06694593184878023,hagel grün+en,1.7026845739736833
-4.6733926565997965,0.8062517699493595,0.4519749169037116,-0.11240506718028888,0.06694593184878023,Kretschmann,1.7026845739736833
-4.6733926565997965,0.8062517699493595,0.4519749169037116,-0.11240506718028888,0.06694593184878023,grün+en kretschmann,1.7026845739736833
-4.104781232938608,0.3789734438579624,-0.0681008344358103,-0.1414260917089306,0.01617325607654812,2026,2.3670746413323824
-4.6733926565997965,0.8062517699493595,0.4519749169037116,-0.11240506718028888,0.06694593184878023,kretschmann 2026,1.7026845739736833
-4.6733926565997965,0.8062517699493595,0.4519749169037116,-0.11240506718028888,0.06694593184878023,2026 minister+präsident,1.7026845739736833
-4.6733926565997965,0.8062517699493595,0.4519749169037116,-0.11240506718028888,0.06694593184878023,beerben,1.7026845739736833
-4.6733926565997965,0.8062517699493595,0.4519749169037116,-0.11240506718028888,0.06694593184878023,minister+präsident beerb+en,1.7026845739736833
-4.6733926565997965,0.8062517699493595,0.4519749169037116,-0.11240506718028888,0.06694593184878023,dezidiert,1.7026845739736833
-4.6733926565997965,0.8062517699493595,0.4519749169037116,-0.11240506718028888,0.06694593184878023,geb+t dezidiert,1.7026845739736833
-4.6733926565997965,0.8062517699493595,0.4519749169037116,-0.11240506718028888,0.06694593184878023,konservativ,1.7026845739736833
-4.6733926565997965,0.8062517699493595,0.4519749169037116,-0.11240506718028888,0.06694593184878023,dezidiert konservativ,1.7026845739736833
-4.6733926565997965,0.8062517699493595,0.4519749169037116,-0.11240506718028888,0.06694593184878023,schwarz-grünen,1.7026845739736833
-4.6733926565997965,0.8062517699493595,0.4519749169037116,-0.11240506718028888,0.06694593184878023,der schwarz+-+grün+en,1.7026845739736833
-4.6733926565997965,0.8062517699493595,0.4519749169037116,-0.11240506718028888,0.06694593184878023,Koalitionspartner,1.7026845739736833
-4.6733926565997965,0.8062517699493595,0.4519749169037116,-0.11240506718028888,0.06694593184878023,schwarz+-+grün+en koalition+s+partner,1.7026845739736833
-4.6733926565997965,0.8062517699493595,0.4519749169037116,-0.11240506718028888,0.06694593184878023,driften,1.7026845739736833
-4.6733926565997965,0.8062517699493595,0.4519749169037116,-0.11240506718028888,0.06694593184878023,koalition+s+partner drift+en,1.7026845739736833
-4.449982223413328,0.64536149220066,0.239880023038617,-0.10777333193559772,0.03874075697725741,inhaltlich,1.9582186872133556
-4.6733926565997965,0.8062517699493595,0.4519749169037116,-0.11240506718028888,0.06694593184878023,drift+en inhaltlich,1.7026845739736833
-4.6733926565997965,0.8062517699493595,0.4519749169037116,-0.11240506718028888,0.06694593184878023,be…,1.7026845739736833
-4.6733926565997965,0.8062517699493595,0.4519749169037116,-0.11240506718028888,0.06694593184878023,inhaltlich be…,1.7026845739736833
-4.6733926565997965,0.8062517699493595,0.4519749169037116,-0.11240506718028888,0.06694593184878023,be… der,1.7026845739736833
-4.6733926565997965,0.8062517699493595,0.4519749169037116,-0.11240506718028888,0.06694593184878023,WELT,1.7026845739736833
-4.6733926565997965,0.8062517699493595,0.4519749169037116,-0.11240506718028888,0.06694593184878023,der welt,1.7026845739736833
-4.6733926565997965,0.8062517699493595,0.4519749169037116,-0.11240506718028888,0.06694593184878023,ePaper,1.7026845739736833
-4.6733926565997965,0.8062517699493595,0.4519749169037116,-0.11240506718028888,0.06694593184878023,welt epaper,1.7026845739736833
-4.6733926565997965,0.8062517699493595,0.4519749169037116,-0.11240506718028888,0.06694593184878023,epaper der,1.7026845739736833
-4.6733926565997965,0.8062517699493595,0.4519749169037116,-0.11240506718028888,0.06694593184878023,vollständige,1.7026845739736833
-4.6733926565997965,0.8062517699493595,0.4519749169037116,-0.11240506718028888,0.06694593184878023,der vollständig+e,1.7026845739736833
-4.6733926565997965,0.8062517699493595,0.4519749169037116,-0.11240506718028888,0.06694593184878023,Ausgabe,1.7026845739736833
-4.6733926565997965,0.8062517699493595,0.4519749169037116,-0.11240506718028888,0.06694593184878023,vollständig+e ausgabe,1.7026845739736833
-3.9521007363904497,0.21732632252248396,-0.14738019351760318,-0.09771099243632302,-0.014150205464342702,steht,2.5715958594557358
-4.6733926565997965,0.8062517699493595,0.4519749169037116,-0.11240506718028888,0.06694593184878023,ausgabe steh+t,1.7026845739736833
-4.030573727163327,0.32202010603166076,-0.12397791464169106,-0.1445564805535065,0.010605574615129724,Ihnen,2.45536224805783
-4.6733926565997965,0.8062517699493595,0.4519749169037116,-0.11240506718028888,0.06694593184878023,steh+t ihnen,1.7026845739736833
-4.6733926565997965,0.8062517699493595,0.4519749169037116,-0.11240506718028888,0.06694593184878023,bereits,1.7026845739736833
-4.6733926565997965,0.8062517699493595,0.4519749169037116,-0.11240506718028888,0.06694593184878023,ihnen bereits,1.7026845739736833
-4.6733926565997965,0.8062517699493595,0.4519749169037116,-0.11240506718028888,0.06694593184878023,Vorabend,1.7026845739736833
-4.6733926565997965,0.8062517699493595,0.4519749169037116,-0.11240506718028888,0.06694593184878023,bereits vorabend,1.7026845739736833
-4.6733926565997965,0.8062517699493595,0.4519749169037116,-0.11240506718028888,0.06694593184878023,Verfügung,1.7026845739736833
-4.6733926565997965,0.8062517699493595,0.4519749169037116,-0.11240506718028888,0.06694593184878023,vorabend verfügung,1.7026845739736833
-4.6733926565997965,0.8062517699493595,0.4519749169037116,-0.11240506718028888,0.06694593184878023,verfügung sie,1.7026845739736833
-4.525616033030895,0.7034266578287272,0.3089830958299129,-0.1093910585013002,0.047997161904476233,immer,1.869584407604795
-4.6733926565997965,0.8062517699493595,0.4519749169037116,-0.11240506718028888,0.06694593184878023,sie immer,1.7026845739736833
-4.6733926565997965,0.8062517699493595,0.4519749169037116,-0.11240506718028888,0.06694593184878023,hochaktuell,1.7026845739736833
-4.6733926565997965,0.8062517699493595,0.4519749169037116,-0.11240506718028888,0.06694593184878023,immer hochaktuell,1.7026845739736833
-3.8959020595929448,0.23360280633991337,0.20554865973163827,0.4664421369702665,0.01409346528493683,informiert,2.6310110319486957
-4.6733926565997965,0.8062517699493595,0.4519749169037116,-0.11240506718028888,0.06694593184878023,hochaktuell informier+t,1.7026845739736833
-4.6733926565997965,0.8062517699493595,0.4519749169037116,-0.11240506718028888,0.06694593184878023,Weitere,1.7026845739736833
-4.6733926565997965,0.8062517699493595,0.4519749169037116,-0.11240506718028888,0.06694593184878023,weit+er+e information+en,1.7026845739736833
-4.6733926565997965,0.8062517699493595,0.4519749169037116,-0.11240506718028888,0.06694593184878023,https,1.7026845739736833
-4.6733926565997965,0.8062517699493595,0.4519749169037116,-0.11240506718028888,0.06694593184878023,information+en http+s,1.7026845739736833
-4.6733926565997965,0.8062517699493595,0.4519749169037116,-0.11240506718028888,0.06694593184878023,//epaper.welt.de,1.7026845739736833
-4.6733926565997965,0.8062517699493595,0.4519749169037116,-0.11240506718028888,0.06694593184878023,http+s //epaper.welt.d+e,1.7026845739736833
-0.5850868650528618,-2.072049532306792,-0.9963653831590166,0.43544351784410745,-0.10881909839831189,DWD-Prognose,6.548800383872555
-2.38261807083828,-0.9207917945215609,-0.9599457215403766,-0.18717159860127375,-0.0796460111733252,Stürmischer,4.436089822998626
-3.319555655340539,-0.21694211032269206,-0.5561885483907474,-0.16067907167690337,-0.037456436836568574,dwd-prognos+e stürmisch+er,3.3052970042069374
-2.44817598501818,-0.87227877513596,-0.9356047470856389,-0.1846930804891151,-0.07742111475336444,stürmisch+er woche+n+start,4.356986741307529
-0.5256891836936326,-2.2656373470084543,-1.4633992683238368,-0.23698463833339584,-0.13106595290849948,Hauch,6.67517081129043
-1.8089700584287813,-1.342393281094655,-1.1485415837121598,-0.20455017666618003,-0.09834104454040765,wind hauch,5.128442495021882
1.1698717486862424,-3.453119220672712,-1.7462796232277689,-0.2836784088701578,-0.1575701958878613,hauch gewitter,8.713028311533856
-3.3048767458553296,-0.2289500379143654,-0.5665843671956343,-0.16474693705074184,-0.0368983609544469,thema dwd-prognos+e,3.3234587185883657
-3.961828794125635,0.2744362379533456,-0.1677150435245113,-0.1402921605204278,0.0030530346572714695,sie stürmisch+er,2.534557929018608
-2.2709440387345072,-1.0047156537727604,-0.9963076808952748,-0.1863994868409008,-0.08514804914631796,mit regen,4.571579456099939
-0.23975125352134885,-2.474402640604188,-1.51090141688206,-0.23389020804596533,-0.14052508183980156,regen sturm,7.022559574381361
-1.5948815000562435,-1.5020407934445479,-1.2029546028656761,-0.2014630844094505,-0.10789974112932238,einzelnen,5.388685742219973
-1.5948815000562435,-1.5020407934445479,-1.2029546028656761,-0.2014630844094505,-0.10789974112932238,sturm einzeln+en,5.388685742219973
-0.6350128496075476,-2.1879844965883097,-1.4449166895339518,-0.2396040767928332,-0.12674796114405235,einzeln+en gewitter+n,6.54362954210605
-2.2997754005723197,-0.9821292390487866,-0.9924740746835119,-0.19363153123721466,-0.08112992217568132,gewitter+n start+et,4.536160954685572
-2.7200646817691543,-0.6696025397896528,-0.8336744277127713,-0.18123256964816437,-0.0649567215382435,start+et baden-württemberg,4.028715800936754
-0.6283024825224253,-1.8264577296010986,0.42470358047483514,0.3483799260129385,1.4240224436979674,neue,6.512429484695369
-3.274981501948352,-0.25117147971079756,-0.5807510524279578,-0.164178278915182,-0.03903944864660283,baden-württemberg neu+e,3.359204810741127
-2.8904127575979435,-0.541742195667696,-0.7588993683064358,-0.17215418578447594,-0.0590875332007646,neu+e woche,3.822984517482454
-4.059263187277542,0.3484361740869075,-0.09802925619209218,-0.13810785093775169,0.010833222860949447,montag bleib+t,2.4188827686563474
-1.7643496896598432,-1.3753077228147914,-1.1646850474669606,-0.20970954010956178,-0.09821372606285239,laut,5.182513681847236
-3.563393770913214,-0.031281775926228717,-0.42384709155652933,-0.15489255942605873,-0.022890731464559416,bleib+t laut,3.0120409977395135
-3.802695088507359,0.15235132044686206,-0.27586249372451627,-0.1458980148755175,-0.008073987500865104,meist,2.724750917067403
-4.172422568144099,0.43486058121138926,-0.010862179284609808,-0.1337641621062705,0.019743549138410012,wetter+dienst meist,2.284671214726589
-3.821106141551983,0.16646077648483293,-0.263838580056145,-0.14531249560565862,-0.006812883754936792,meist stark,2.7027184705549794
-3.68380837719731,0.0608613793082724,-0.34590492361580066,-0.14305932350248046,-0.01839539400602727,bedeckt,2.867375448924654
-3.68380837719731,0.0608613793082724,-0.34590492361580066,-0.14305932350248046,-0.01839539400602727,bewölk+t bedeck+t,2.867375448924654
-4.231793652360356,0.4800195780770371,0.03711504997045095,-0.13143591054667647,0.024650156925885104,vielerorts,2.2145357309236835
-4.231793652360356,0.4800195780770371,0.03711504997045095,-0.13143591054667647,0.024650156925885104,bedeck+t vielerorts,2.2145357309236835
-4.247264824332095,0.4917598135912453,0.049884732108376684,-0.1308228789556341,0.025956176875009597,regnet,2.19629587185523
-4.247264824332095,0.4917598135912453,0.049884732108376684,-0.1308228789556341,0.025956176875009597,vielerorts regn+et,2.19629587185523
-4.2635719371023955,0.5041204672365323,0.06346731753746387,-0.13017370238543846,0.02734531896796282,Schwarzw…,2.177087853680076
-4.2635719371023955,0.5041204672365323,0.06346731753746387,-0.13017370238543846,0.02734531896796282,regn+et schwarzw…,2.177087853680076
-4.275973995687823,0.5135109691330604,0.07388283628716508,-0.12967783953212036,0.028410523294552438,+672,2.1624919019437323
-4.275973995687823,0.5135109691330604,0.07388283628716508,-0.12967783953212036,0.028410523294552438,schwarzw… +672,2.1624919019437323
-4.281244227971594,0.5174986689849426,0.07833149003700857,-0.12946654845322914,0.02886547949077522,+672 char+s,2.1562926864572924
-3.1580372924436158,-0.339795921445359,-0.6385723426098722,-0.16739599853937542,-0.04518410269446274,sturm hauch,3.5001304340893515
-3.312267808220819,-0.22262956371106446,-0.5608781731098424,-0.1620874106544976,-0.03740734958014619,Stuttgart,3.3141636877060927
-3.379401492491211,-0.17228381600177078,-0.5275118063961484,-0.16244805768993914,-0.03284540956436535,gewitter stuttgart,3.2337184915148054
-3.662047861369909,0.04420015098207397,-0.36526186039965264,-0.1516824993858184,-0.016827224259836654,lsw,2.8935555213110336
-3.662047861369909,0.04420015098207397,-0.36526186039965264,-0.1516824993858184,-0.016827224259836654,stuttgart isw,2.8935555213110336
-3.733639601251434,0.09956454906636258,-0.3195486287588753,-0.1475173023235019,-0.012909459364768838,isw mit,2.8073938574813333
-3.5022234756123427,-0.077689753548984,-0.45495402571169985,-0.1518185033839553,-0.028385977316562585,Zunächst,3.085365550839279
-4.055118780897423,0.34526441425260046,-0.10112048941197962,-0.13826485607966726,0.010517397939280408,zunächst bleib+t,2.423809912867786
-4.155928525806623,0.4227065962429337,-0.023268722334162217,-0.13365273896236246,0.018135617001648736,wetter+dienst kopier+e,2.3039700336782882
-4.17138854065887,0.43580538252078105,-0.007773016330748783,-0.12905882219332587,0.017918799349143956,hin+zu+füg+en herbst,2.2849583109628706
-4.158566126005014,0.4260942441786719,-0.01702603310678341,-0.12839793613563366,0.016450203284059696,pur,2.3000911407102724
-4.158566126005014,0.4260942441786719,-0.01702603310678341,-0.12839793613563366,0.016450203284059696,herbst pur,2.3000911407102724
-4.143285257174854,0.41436314338867675,-0.02816466390395095,-0.1278465389235079,0.014796268414637138,Stürmisch,2.318216926537452
-4.143285257174854,0.41436314338867675,-0.02816466390395095,-0.1278465389235079,0.014796268414637138,pur stürmisch,2.318216926537452
-4.061518148053613,0.35003858550173983,-0.08708860001778196,-0.12593417493082404,0.006503586305411965,stürmisch nass,2.416160422019213
-4.052109702407655,0.34223494507871743,-0.09340821667420707,-0.1252775307294428,0.0054021331171059325,stellenweise,2.4276497391951013
-4.052109702407655,0.34223494507871743,-0.09340821667420707,-0.1252775307294428,0.0054021331171059325,nass stellenweise,2.4276497391951013
-4.174341248528666,0.43813253825289467,-0.0035291537827958908,-0.1264892709412474,0.017246350282832314,gewittrig,2.2814037625697257
-4.174341248528666,0.43813253825289467,-0.0035291537827958908,-0.1264892709412474,0.017246350282832314,stellenweise gewittrig,2.2814037625697257
-4.214048373284712,0.46847025071940407,0.027142831311586846,-0.12663683175831725,0.021149985251748195,gewittrig start+et,2.234431650721435
-4.244993126233878,0.49187294548228055,0.051628041272338665,-0.12659675703146916,0.024187448400318563,start+et neu+e,2.1979894325072076
-4.265181688649797,0.5070646774968777,0.06794192428117002,-0.1264276997683041,0.02614211995734341,Aber,2.1742725772434204
-4.2594539844712,0.5028718905232679,0.06365802505659124,-0.12602762161749875,0.02542054184035259,aber geb+t,2.1809353672947003
-4.245835608954636,0.4927015187645418,0.05324818488651323,-0.1254041476284956,0.023830522804102035,Lichtblick,2.1968888112117284
-4.245835608954636,0.4927015187645418,0.05324818488651323,-0.1254041476284956,0.023830522804102035,geb+t licht+blick,2.1968888112117284
-4.210733005360953,0.46574118622464944,0.026989640593935715,-0.12341005971463707,0.019621338421906005,Gew…,2.238424467571309
-4.210733005360953,0.46574118622464944,0.026989640593935715,-0.12341005971463707,0.019621338421906005,einzeln+en gew…,2.238424467571309
-4.239961558196185,0.48826473905762313,0.04986115267301605,-0.12372231475130187,0.02262100847130625,+1645,2.2037857603168414
-4.239961558196185,0.48826473905762313,0.04986115267301605,-0.12372231475130187,0.02262100847130625,gew… +1645,2.2037857603168414
-4.260740723296028,0.5041171411500043,0.06637341427400029,-0.12390080901338578,0.02476255177875735,+1645 chars,2.179262976279298
-0.2869068783933706,-2.4381615561580547,-1.5190000656052107,-0.25463411832720534,-0.13148396304410753,wind regen,6.964452803043041
-1.2535799691920877,-1.7490952627455036,-1.307646756268856,-0.22991918487098495,-0.10986636873447969,hier seh+en,5.800548146891338
1.1208363136613526,-3.4387535940880225,-1.7507776224927638,-0.30034242424384305,-0.14991480099876658,seh+en sie,8.664921557034617
2.9028167276477204,-4.427244440317941,-1.2798852948501152,0.6524263410250325,-0.136430660463354,aktuelle,10.7144111121365
0.04908784807784361,-2.731670612932902,-1.5910387407333477,-0.28545477937074365,-0.12848723828176195,sie aktuell+e,7.3993223582719825
-2.18122156059931,-1.0741719356915738,-1.0389542446978912,-0.204895992928254,-0.08230692713447019,Wetterwarnungen,4.681779929332802
-2.18122156059931,-1.0741719356915738,-1.0389542446978912,-0.204895992928254,-0.08230692713447019,aktuell+e wetter+warnung+en,4.681779929332802
-2.620059799334077,-0.7491714430224046,-0.8798088686459027,-0.1923291145196221,-0.06599591609571787,Ihren,4.152111121215749
-2.620059799334077,-0.7491714430224046,-0.8798088686459027,-0.1923291145196221,-0.06599591609571787,wetter+warnung+en ihr+en,4.152111121215749
-1.1306153644382961,-1.8845332270887725,-1.3489899325608512,-0.25289210415492863,-0.10502097882877742,Wohnort,5.974135752894905
-2.7107683339013957,-0.6814839493884368,-0.8436236297682788,-0.18964864656890662,-0.06229171861325883,ihr+en wohn+ort,4.04262565296871
-2.7873061250960642,-0.6259151192626007,-0.8132192420317803,-0.18882859310150613,-0.05851473463120399,Droht,3.951155832330838
-2.7873061250960642,-0.6259151192626007,-0.8132192420317803,-0.18882859310150613,-0.05851473463120399,wohn+ort droh+t,3.951155832330838
-0.8462909972239201,-1.8749236788212822,-0.840620022383756,0.5857784155969887,-0.09481695370460103,Unwetter,6.234481703883748
-2.80421159062142,-0.620780585870309,-0.8097847468824714,-0.1931458728070521,-0.0559674930132501,droh+t unwetter,3.9347852949893776
-2.7952149540334355,-0.6387200498651664,-0.8172382389290553,-0.19832259597126684,-0.054487586423626944,unwetter geb+t,3.9516223018783316
-2.7596515123672507,-0.6800962347375084,-0.8354588735069528,-0.20409858597666697,-0.05418730452031861,geb+t deutsch+e,4.002410395090559
1.5764656805416761,-3.8303816704601346,-1.2541835173527909,0.46443218854348156,-0.11352096484490887,Warnung,9.28575488949021
-1.445231522866412,-1.9380624789158842,-1.2682348208238228,-0.2702819663279542,-0.0842114392263194,dwd warnung,5.74523605754957
-2.5373061555310796,-0.939553115298041,-0.932972067569657,-0.22655641888918948,-0.05672029270741785,Gefahrenhinweisen,4.320722802074893
-2.5373061555310796,-0.939553115298041,-0.932972067569657,-0.22655641888918948,-0.05672029270741785,warnung gefahr+en+hinweis+en,4.320722802074893
-1.4243073521305138,-1.4852724242121966,-0.6158633170137167,0.7175074196902246,-0.07369878319416895,heraus,5.556662250663031
-2.9399548245656764,-0.5769909207129786,-0.7641881507872657,-0.20567716700978517,-0.043643771363399975,gefahr+en+hinweis+en heraus,3.8018741808387406
-1.420959757895,-1.6582450901526227,-1.273986842880214,-0.2405484397360793,-0.09953527510183185,Sehen,5.614922908923671
0.9546861365839243,-3.8217205527103797,-1.6928569559544124,-0.3360467873588475,-0.12407219602117175,Warnungen,8.735013943132946
-1.6240039179273316,-1.8638044511753202,-1.2190454218448599,-0.26731476349114713,-0.0781921933140321,aktuell+e warnung+en,5.559096449787998
-2.906704188941142,-0.6537183894250118,-0.7844150771390537,-0.21425085007295253,-0.04216526613357974,warnung+en wohn+ort,3.8694641072652565
-3.0428442207637736,-0.5261089920803674,-0.7216229330171875,-0.20671701239928364,-0.03732766109355057,wohn+ort geb+t,3.691817953075802
-3.1611401315601966,-0.4167860950666986,-0.6636558032578858,-0.1998140419985236,-0.0328984703141377,Karten,3.538539678984936
-3.1611401315601966,-0.4167860950666986,-0.6636558032578858,-0.1998140419985236,-0.0328984703141377,der karte+n,3.538539678984936
-3.29764874081356,-0.2930819220127243,-0.5926316188968501,-0.1915039909445712,-0.027471417438751058,Artikel,3.363278592665617
-3.29764874081356,-0.2930819220127243,-0.5926316188968501,-0.1915039909445712,-0.027471417438751058,karte+n artikel,3.363278592665617
-1.9468865875427506,-1.1127383612483364,-0.5088611298977392,0.6670799836416,-0.06487722917786631,zeigen,4.9273980604761665
-3.3460634202133885,-0.24995184314011154,-0.5663462522043506,-0.1884922149676505,-0.025450322675164196,artikel zeig+en,3.3015997739738197
-3.3711982170825046,-0.22864112796202574,-0.552673303279039,-0.18713705124949465,-0.02429946292724205,zeig+en aktuell+e,3.2701682074915626
-3.341121307117976,-0.26122969428584963,-0.5704624939179046,-0.19030112607011296,-0.025111046719614557,Unwetterwarnungen,3.3115254102470817
-3.341121307117976,-0.26122969428584963,-0.5704624939179046,-0.19030112607011296,-0.025111046719614557,aktuell+e unwetter+warnung+en,3.3115254102470817
-3.2179593528853854,-0.39154257940274295,-0.6386447115809295,-0.20076201022343793,-0.029061033843513686,unwetter+warnung+en deutsch+en,3.479426585268687
-1.8077107399626078,-1.7965944331948038,-1.165679223252316,-0.26399291870156183,-0.07178874076987468,der warnung+en,5.372850143129009
-3.114967609182634,-0.5198875933044018,-0.6934267919734707,-0.21020772350357658,-0.031739079070902565,Abstufung,3.63032357059059
-3.114967609182634,-0.5198875933044018,-0.6934267919734707,-0.21020772350357658,-0.031739079070902565,warnung+en abstufung,3.63032357059059
-3.249137895395898,-0.3876944581944066,-0.6258398338009452,-0.20240581702500593,-0.026516693354075773,unterschiedlich,3.4522904935744485
-3.249137895395898,-0.3876944581944066,-0.6258398338009452,-0.20240581702500593,-0.026516693354075773,abstufung unterschiedlich,3.4522904935744485
-3.385684816806998,-0.25513237391223487,-0.552036648232143,-0.1938187729897758,-0.02092577774981194,eingefärbt,3.272518638615171
-3.385684816806998,-0.25513237391223487,-0.552036648232143,-0.1938187729897758,-0.02092577774981194,unterschiedlich ein+ge+färb+t,3.272518638615171
1.689645799361493,-3.3617937828479656,0.3909466732504484,-0.41066361793337275,-1.6622258197693822,Eine,9.265404821677471
-3.481657639016384,-0.1637979517730166,-0.4969712896354018,-0.1874145985805788,-0.016799410378044166,grüne,3.147376518934343
-3.481657639016384,-0.1637979517730166,-0.4969712896354018,-0.1874145985805788,-0.016799410378044166,ein grün+e,3.147376518934343
-3.5086642709332505,-0.13844197532301616,-0.48098869840648484,-0.185565075594736,-0.015603971121792043,Einfärbung,3.1123816353072193
-3.5086642709332505,-0.13844197532301616,-0.48098869840648484,-0.185565075594736,-0.015603971121792043,grün+e einfärbung,3.1123816353072193
-1.6676059849253617,-1.1929033852658741,0.6942591035431682,0.16215041546040437,-1.1455761706136822,bedeutet,5.30217314569649
-3.5518648553896344,-0.09823674896127499,-0.4549730961885808,-0.18257063768340465,-0.013656403500233324,einfärbung bedeut+et,3.056625483550728
-3.5856500175768953,-0.0671170654011326,-0.4342406649617746,-0.18020317685746806,-0.01210045432081043,das…,3.013222481212461
-3.5856500175768953,-0.0671170654011326,-0.4342406649617746,-0.18020317685746806,-0.01210045432081043,bedeut+et das…,3.013222481212461
-3.8552571399598015,0.15030280603241186,-0.26340351811215906,-0.1675883836247678,0.003890560008349253,+1389,2.684135891160302
-3.8552571399598015,0.15030280603241186,-0.26340351811215906,-0.1675883836247678,0.003890560008349253,das… +1389,2.684135891160302
-3.868421431970714,0.16246297192146963,-0.253965020699781,-0.16652250223807263,0.004584758133891378,+1389 chars,2.667308499493023
-2.579606211367589,-0.6944080755072823,-0.5777933335247099,0.2653627670352994,-0.05707284398785856,Wieder,4.173242507796103
-3.102505361077232,-0.31753346809222904,-0.35210767094814566,0.28158525489979636,-0.034104355326679464,formentera wieder,3.5505175351056333
-2.3253744842463457,-0.8772155431373974,-0.6707777171690725,0.2608477690801202,-0.06583840704514515,wieder gewitter,4.477197927222986
-1.989959948799389,-1.1163032811186886,-0.7713668086550712,0.2686469652450646,-0.07989268796026161,gewitter regen,4.878117411899091
-3.347663657141433,-0.1396791095860499,-0.21016392955249558,0.3161814640426822,-0.023562828069371707,regen für,3.2600400775761895
-2.4759564905854243,-0.7594132304468286,-0.32121159666815574,0.6862632670269243,-0.05850072173941956,für donnerstag,4.307122967720313
-3.0049580200145454,-0.3882272422979036,-0.11984030796640507,0.6780312624633674,-0.032953122764341924,30.,3.68123988385356
-3.0049580200145454,-0.3882272422979036,-0.11984030796640507,0.6780312624633674,-0.032953122764341924,donnerstag 30.,3.68123988385356
-3.081617970531073,-0.335873933342979,-0.08776473041138577,0.6756435189070535,-0.029096142726636794,30. oktober,3.5915342333063514
-3.1347852346500082,-0.2999659683908833,-0.06664948669514206,0.6712859937324186,-0.02715714497382282,gilt,3.529393312309934
-3.1347852346500082,-0.2999659683908833,-0.06664948669514206,0.6712859937324186,-0.02715714497382282,oktober gelt,3.529393312309934
-2.99094743241873,-0.39259960113912884,-0.1669772846316778,0.618957859869607,-0.034310646285805435,gelt ibiza,3.6927413659635135
-3.3378314042716712,-0.1641558098017908,0.030073940955127443,0.6712062529624951,-0.017228104282728307,Wetter-Warnstufe,3.2939923821300923
-3.3378314042716712,-0.1641558098017908,0.030073940955127443,0.6712062529624951,-0.017228104282728307,formentera wetter+-+warn+stufe,3.2939923821300923
-1.1918194013517471,-1.6227663204148448,-0.6377016607330686,0.7667630022385961,-0.08811798618013517,GELB,5.821726237429346
-3.434263753332655,-0.10606914383218125,0.10142025642779562,0.7043230813499933,-0.010692273566118488,wetter+-+warn+stufe gelb,3.187136257753478
-1.9066944091682476,-1.1776675415327649,-0.3014952442674791,0.9788903679600487,-0.05453087833858866,spanischen,5.007216913002
-3.4653530958195016,-0.08995305977813817,0.13088138200664173,0.723942411345607,-0.00842075624381508,gelb spanisch+en,3.154416071703248
-2.0755283310158994,-1.0631977525808165,-0.2227444607164108,1.0187738018729962,-0.0511199373418087,spanisch+en wetter+dienst+es,4.809404830764791
-1.6765012874862313,-1.2951036435673653,-0.45299762832923607,0.8559761298464371,-0.07292232537980575,AEMET,5.252554439932747
-3.5134634402857583,-0.07648655420994066,0.20255964958768136,0.7924003122928692,-0.0042465371735878055,wetter+dienst+es aemet,3.111233114970819
-2.954025611176175,-0.43708474943192943,-0.059446384084167025,0.7967342398327262,-0.0322358630496683,Bis,3.752798095938677
-3.476963390452511,-0.11625218158080575,0.22368703476719437,0.8517055549062779,-0.005759768271378696,Liter,3.1635803276110037
-3.476963390452511,-0.11625218158080575,0.22368703476719437,0.8517055549062779,-0.005759768271378696,bis liter,3.1635803276110037
-3.4562530509112417,-0.13693155240762334,0.23011132106667576,0.8769071136265578,-0.006692819661327842,liter pro,3.1920039541062994
-2.7881189987714374,-0.5741041091531951,-0.02579871891594207,0.9429499094384649,-0.03576326125573692,sollen,3.965352378459317
-3.36510932061445,-0.22427270471930294,0.24622561852798797,0.9678637289523967,-0.010860399338714605,quadrat+meter soll+en,3.3145697642051295
1.3975811244134286,-3.347198930190295,-0.8436647977522895,1.086243826756698,-0.12361120468582448,Himmel,8.897849754013349
-3.2597202597968975,-0.3217706253144874,0.25380431081286936,1.052860265901176,-0.01564359957772185,soll+en himmel,3.4539509594510274
-3.1518848868203007,-0.4194528562867159,0.2559842172275275,1.1276587013605848,-0.020420154197876822,himmel komm+en,3.5952579967832436
4.725043887383218,-5.8576860428625555,-0.2037975134341949,2.2646858759117174,-0.1351644243040075,Blitz,13.063062052610729
-3.2206039004917093,-0.439879163660871,0.35769219011055287,1.2301931736964258,-0.01939434563914655,komm+en blitz,3.5538115906346492
2.3751531850439553,-4.1155370363742225,-0.4335857143202577,1.778925367440312,-0.12791787462879572,Donner,10.148456262285945
0.022269593734148607,-2.566604981756612,-0.285967096316999,1.585041138848946,-0.10384045840944839,blitz donner,7.357815077582919
-3.7523031094350108,0.06901138073327018,0.3402182561818172,0.7984615838613376,0.006100522230414268,angesagt,2.843258771996317
-3.7523031094350108,0.06901138073327018,0.3402182561818172,0.7984615838613376,0.006100522230414268,donner an+ge+sag+t,2.843258771996317
-3.885516212336702,0.17822018425097408,0.3607269386949955,0.7078999988315032,0.014334429468169603,Also,2.6766288392256974
-3.9703336513889673,0.25022553556387006,0.3673144731013921,0.6355471793996227,0.019530480719678063,also seh+en,2.568967245941226
-3.9629839928629766,0.262933716074661,0.31688543760016297,0.5660701635830114,0.016975264022140966,Wasserabf…,2.565560129905113
-3.9629839928629766,0.262933716074661,0.31688543760016297,0.5660701635830114,0.016975264022140966,seh+en wasserabf…,2.565560129905113
-3.875061155010296,0.2108912520766819,0.23825447388834198,0.5331154971401193,0.008463281208056776,wasserabf… für,2.6612750118993733
-3.3221637940731394,-0.39132368570312925,0.40962230856011694,1.2376648457501271,-0.015934903241561632,Blitz…,3.446269221206296
-3.3221637940731394,-0.39132368570312925,0.40962230856011694,1.2376648457501271,-0.015934903241561632,komm+en blitz…,3.446269221206296
-3.7647609111497577,0.017468076640801078,0.44261564395564945,0.9428143571039336,0.007728373212343001,+241,2.865371969830785
-3.7647609111497577,0.017468076640801078,0.44261564395564945,0.9428143571039336,0.007728373212343001,blitz… +241,2.865371969830785
-3.8659947842316074,0.11354395921219407,0.4455992216361403,0.8556357016302496,0.013685965713798619,+241 chars,2.731155802894814
-4.471056194735906,0.6618416390324258,0.2588498283271182,-0.10822610634670597,0.041287825701788385,Bekenntnis,1.9333393199245035
-4.427208858147147,0.627315930010972,0.21962806271809165,-0.10728334953033729,0.03601661017036412,CDU-Kandidat,1.9852500383137461
-4.524172392151363,0.7023479714839903,0.3076376835289134,-0.10936043586245327,0.047817531445622403,bekenntnis cdu+-+kandidat,1.8712583326324568
-4.4120910354091825,0.6152090590948156,0.20632592576642605,-0.10695801138975113,0.03422457693747063,cdu+-+kandidat hagel,2.003273790456977
-4.403915213017978,0.6086211979728342,0.19917913250000469,-0.10678212401832189,0.0332608946787896,verspricht,2.0130464588802783
-4.403915213017978,0.6086211979728342,0.19917913250000469,-0.10678212401832189,0.0332608946787896,hagel versprech+t,2.0130464588802783
-4.384359894292899,0.5927541900870548,0.18221889245067008,-0.10636179405181943,0.030971510418612493,Werde,2.0364904989865384
-4.384359894292899,0.5927541900870548,0.18221889245067008,-0.10636179405181943,0.030971510418612493,versprech+t werd+e,2.0364904989865384
-4.372394206501628,0.5829721357749946,0.17193391989719614,-0.1061049763830789,0.029581529041656708,werd+e nie,2.050882154492805
-4.34449780044833,0.5599642705788777,0.14822819962888228,-0.10550786411044881,0.026373063403773732,Kunst,2.0845642508739726
-4.34449780044833,0.5599642705788777,0.14822819962888228,-0.10550786411044881,0.026373063403773732,nie kunst,2.0845642508739726
-4.324203784060627,0.5430600641977881,0.1312208979934793,-0.10507532700645782,0.024067200972313234,sparen,2.109175306875263
-4.324203784060627,0.5430600641977881,0.1312208979934793,-0.10507532700645782,0.024067200972313234,kunst spar+en,2.109175306875263
-4.5971496022651674,0.7552088844915397,0.3769175000511117,-0.11088600361469221,0.05703561147594181,spar+en hier,1.7876267305603024
-4.610219698109529,0.7642867826793462,0.3895944707270095,-0.11115299956312306,0.05871517322318116,thema bekenntnis,1.7728765304132303
-4.569081328154305,0.735297336576339,0.34996720742083787,-0.110305441146984,0.0534575036578375,sie cdu+-+kandidat,1.8195458529803719
-4.356548243502921,0.5699366913540693,0.15842174437365159,-0.10576548136848878,0.027753515890456958,cdu+-+land+es+chef spitze+n+kandidat,2.06999282040419
-4.484891054809877,0.6725393421533329,0.27142301552612025,-0.108522721099841,0.04297352785817685,spitze+n+kandidat manuel,1.9170804092603793
-4.527555761477695,0.7048740624206572,0.3107924505057481,-0.10943218229691389,0.04823869720482749,versprochen,1.8673364296795456
-4.527555761477695,0.7048740624206572,0.3107924505057481,-0.10943218229691389,0.04823869720482749,hagel versprech+en,1.8673364296795456
-4.548982224340005,0.7207092387748673,0.33090123604050015,-0.10988460497131734,0.050920141644475815,Falle,1.8425960686518792
-4.548982224340005,0.7207092387748673,0.33090123604050015,-0.10988460497131734,0.050920141644475815,versprech+en fall+e,1.8425960686518792
-4.551039434952771,0.7222144806645798,0.3328437099656265,-0.10992784946989755,0.051178877857375744,künftigen,1.8402296598824548
-4.551039434952771,0.7222144806645798,0.3328437099656265,-0.10992784946989755,0.051178877857375744,fall+e künftig+en,1.8402296598824548
-4.5395568743213035,0.7137784995841804,0.32202790579775675,-0.10968602333090262,0.049737575446800526,Regierungsbeteiligung,1.8534583616599858
-4.5395568743213035,0.7137784995841804,0.32202790579775675,-0.10968602333090262,0.049737575446800526,künftig+en regierung+s+beteiligung,1.8534583616599858
-4.495202623077206,0.6804471826843055,0.2808558452575831,-0.10874334981660454,0.04423687692672904,regierung+s+beteiligung nie,1.9050018885976572
-4.467784353829265,0.6592973923992129,0.2558902300444469,-0.1081558757217304,0.04089073829178511,Kunst-,1.9371931588974851
-4.467784353829265,0.6592973923992129,0.2558902300444469,-0.1081558757217304,0.04089073829178511,nie kunst+-,1.9371931588974851
-4.4115047057733054,0.6147375380608895,0.2058122934125342,-0.10694539564561821,0.03415533863097998,Kultur-,2.0039740552024505
-4.4115047057733054,0.6147375380608895,0.2058122934125342,-0.10694539564561821,0.03415533863097998,kunst+- kultur+-,2.0039740552024505
-4.356548243502921,0.5699366913540693,0.15842174437365159,-0.10576548136848878,0.027753515890456958,Medienbereich,2.06999282040419
-4.356548243502921,0.5699366913540693,0.15842174437365159,-0.10576548136848878,0.027753515890456958,kultur+- medienbereich,2.06999282040419
-4.488528521721218,0.6753353797685699,0.27474449784049504,-0.10860059769753626,0.04341850741743925,kürzen,1.9128157024392864
-4.488528521721218,0.6753353797685699,0.27474449784049504,-0.10860059769753626,0.04341850741743925,medienbereich kürz+en,1.9128157024392864
-4.3281721734286815,0.5463760869554055,0.1345308918559336,-0.10515976553683769,0.02451623178442324,wolle,2.1043558721099096
-4.376442136553743,0.58628739071288,0.1754054017917061,-0.1061918173629368,0.030050828096428513,Partei,2.046009678823684
-4.543340340277782,0.7165673087864151,0.32558458253320655,-0.1097658236040228,0.0502117074775553,woll+e partei,1.8490941059099675
-4.5548615901325356,0.725003889002544,0.3364581491401225,-0.11000809610514255,0.051660183185820364,Beken…,1.8358373086526
-4.5548615901325356,0.725003889002544,0.3364581491401225,-0.11000809610514255,0.051660183185820364,partei beken…,1.8358373086526
-4.561530458823276,0.7298480553182126,0.3427815518767917,-0.11014779019814223,0.05250179341955905,+918,1.8281870092902643
-4.561530458823276,0.7298480553182126,0.3427815518767917,-0.11014779019814223,0.05250179341955905,beken… +918,1.8281870092902643
-4.565162103607917,0.7324736860260794,0.3462341117624488,-0.1102236844396955,0.0529610806148925,+918 char+s,1.8240281829380072
-4.548982224340005,0.7207092387748673,0.33090123604050015,-0.10988460497131734,0.050920141644475815,spar+en der,1.8425960686518792
-4.189989365165106,0.4283813590589891,0.023670994315830474,-0.10227630100857228,0.009410768079905839,CDU-Spitzenkandidat,2.2738809133356197
-4.423469682547815,0.6243306801412744,0.21632744100134937,-0.10720287640593722,0.03557215834439983,der cdu+-+spitze+n+kandidat,1.9897022016070127
-4.361080844544661,0.5736745802787604,0.16227423979025268,-0.10586251171622486,0.02827492311508068,cdu+-+spitze+n+kandidat stell+t,2.064520452955964
-4.324266894916676,0.5431128392257081,0.13127347856035532,-0.10507666929383803,0.024074334981085237,klar,2.1090986358597696
-4.324266894916676,0.5431128392257081,0.13127347856035532,-0.10507666929383803,0.024074334981085237,stell+t klar,2.1090986358597696
-4.278931123009154,0.5048944706981642,0.09399503521596148,-0.1041178058729398,0.019008649663759807,Theater,2.1643794626931094
-4.278931123009154,0.5048944706981642,0.09399503521596148,-0.1041178058729398,0.019008649663759807,klar theater,2.1643794626931094
-4.15342962129132,0.39645135585775715,-0.0041877360613516434,-0.10153798234697047,0.005593931196043317,Museen,2.3192339264787307
-4.15342962129132,0.39645135585775715,-0.0041877360613516434,-0.10153798234697047,0.005593931196043317,theater muse+en,2.3192339264787307
-4.071598640193226,0.32420876154335954,-0.06442043785413312,-0.09993127248125218,-0.0026859652944567214,Musikschulen,2.4213365026893703
-4.071598640193226,0.32420876154335954,-0.06442043785413312,-0.09993127248125218,-0.0026859652944567214,muse+en musik+schule+n,2.4213365026893703
-3.607499483998546,3.4951829879892315e-05,-0.38885118470207836,-0.14130997695507236,-0.024753799396723435,bleiben,2.9602063769039746
-4.287770070716375,0.5123920866266025,0.10118599355541436,-0.1043038398647073,0.01998702587026526,musik+schule+n bleib+en,2.153570564492398
-3.813632330081748,0.14623782811347108,-0.25222650846815875,-0.12220683129779338,-0.016136086428042387,Zukunft,2.7190148559866647
-4.356548243502921,0.5699366913540693,0.15842174437365159,-0.10576548136848878,0.027753515890456958,bleib+en zukunft,2.06999282040419
-4.388034546552227,0.5957472876539254,0.1853915254042927,-0.10644072743084661,0.03140002958103077,unangetastet,2.0320778175191525
-4.388034546552227,0.5957472876539254,0.1853915254042927,-0.10644072743084661,0.03140002958103077,zukunft un+an+ge+tast+et,2.0320778175191525
0.401619241081713,-2.691554964980419,-0.8253132781043031,0.9256601087523607,-0.11520578900257411,ganz,7.7143500036719175
-4.425636815575714,0.6260616046785533,0.218239555555717,-0.10724951661266029,0.03582965412229464,un+an+ge+tast+et ganz,1.9871213724761057
-4.435801788131022,0.6341527572943709,0.22723940730291914,-0.10746827359498641,0.03704102410608196,gleich,1.9750332384034808
-4.435801788131022,0.6341527572943709,0.22723940730291914,-0.10746827359498641,0.03704102410608196,ganz gleich,1.9750332384034808
-4.460006936721609,0.6532280891216089,0.24887633953021926,-0.1079888272813933,0.039949249850721825,Sparzwänge,1.9463671412560442
-4.460006936721609,0.6532280891216089,0.24887633953021926,-0.1079888272813933,0.039949249850721825,gleich spar+zwang+e,1.9463671412560442
-4.574228619518735,0.7389899666154545,0.3548812761496545,-0.11041257464615443,0.05411067977084478,herrschen,1.8136682889182825
-4.574228619518735,0.7389899666154545,0.3548812761496545,-0.11041257464615443,0.05411067977084478,spar+zwang+e herrsch+en,1.8136682889182825
-2.537417100062239,-0.6673498399830611,1.0041845836492445,0.4392868512706165,1.4720071579772145,mögen,4.331777037326522
-4.579133239282799,0.7424915976412944,0.35957549857069004,-0.11051439212024637,0.054734323284788895,herrsch+en mög+en,1.8080777414787739
-4.586372391792326,0.747629313830524,0.366525126736719,-0.11066417732257165,0.055657044684234526,Versprechen,1.79984410429307
-4.588765291641686,0.7493194402564564,0.36882781787444496,-0.11071355354940306,0.055962631122928964,versprechen halt+en,1.7971272365126372
-1.9024638940813672,-1.2746453089662246,-1.118124862584839,-0.19910258293041094,-0.09652831515399135,merk+liste hinzu+füg+en,5.015896622567997
-2.310573656091539,-0.9748794254582509,-0.9834643330479419,-0.18651978616350318,-0.08327307758264468,hinzu+füg+en der,4.523453523249851
-4.57315143919628,0.7382187002938608,0.35385184936171166,-0.1103901778645137,0.05397387625760628,herrsch…,1.8148974168942154
-4.57315143919628,0.7382187002938608,0.35385184936171166,-0.1103901778645137,0.05397387625760628,spar+zwang+e herrsch…,1.8148974168942154
-4.578211112136047,0.741834519475313,0.3586920490670581,-0.11049526947812381,0.05461697725332438,+1124,1.8091280870235678
-4.578211112136047,0.741834519475313,0.3586920490670581,-0.11049526947812381,0.05461697725332438,herrsch… +1124,1.8091280870235678
-4.580899078609775,0.7437482257850698,0.36126840690819584,-0.11055098460108388,0.05495915718677586,+1124 char+s,1.8060673358435357
0.7546811295208826,-3.051413303279067,-1.388800429573275,0.17290556998510065,-0.14180788265409222,Leben,8.170537155152854
-4.055626260299784,0.3574422147912242,0.21179307347122622,0.31592014690118814,0.022001783610519195,Tornadojägers,2.4340064155701424
-4.055626260299784,0.3574422147912242,0.21179307347122622,0.31592014690118814,0.022001783610519195,leben tornado+jäger+s,2.4340064155701424
-4.019297144986312,0.33184769657922186,0.19278940874042133,0.32535873447180996,0.01961276185227232,tornado+jäger+s der,2.4764925798070108
-3.9312564570620134,0.2726565706246846,0.13589119172376712,0.3286106520176411,0.012097873204307434,beste,2.5772403926031346
-4.00838113546267,0.3241702087247429,0.18703540091811433,0.32798789527866723,0.018900576324375425,der gut+e,2.489252129179134
-3.990839389167179,0.31184386944008935,0.17775183644318115,0.3320237386048999,0.017761598930312907,gut+e sturm,2.509751092053218
-3.946989199971469,0.2810829317165602,0.1543768231722662,0.34115619765916777,0.014944075449873341,Lebens,2.5609707608093695
-3.946989199971469,0.2810829317165602,0.1543768231722662,0.34115619765916777,0.014944075449873341,sturm leben+s,2.5609707608093695
-3.1932991723842035,-0.2635212234624664,-0.022296027687644993,0.6964716996986065,-0.02324503923659013,Jonas,3.463920420730896
-3.919183119589764,0.2616081295630619,0.1394570923180709,0.34629509524483576,0.013179436116200406,leben+s jona+s,2.593438039178705
-3.222268752576267,-0.24300762864346548,-0.014045732314722614,0.6888394851634936,-0.021340503450877513,Piontek,3.429514711794999
-3.222268752576267,-0.24300762864346548,-0.014045732314722614,0.6888394851634936,-0.021340503450877513,jona+s piontek,3.429514711794999
-3.851048241789701,0.21395606736168515,0.10270827204477628,0.3570108109876989,0.008927797554852353,fährt,2.6729789925115366
-3.851048241789701,0.21395606736168515,0.10270827204477628,0.3570108109876989,0.008927797554852353,piontek fahr+t,2.6729789925115366
-3.8148166729845414,0.1886396120033349,0.08311999304859752,0.36175354572620677,0.006708845460067489,Tausende,2.7152782063264356
-3.8148166729845414,0.1886396120033349,0.08311999304859752,0.36175354572620677,0.006708845460067489,fahr+t tausend+e,2.7152782063264356
-3.748760005711998,0.1424932013700113,0.047450873734445065,0.3689573416304016,0.0027381189331412703,tausend+e kilo+meter,2.7924232733954004
-3.5033987069958967,-0.029245489844305084,-0.08242993999185155,0.3840005920357515,-0.011176072496262651,Suche,3.079585038494692
-3.5033987069958967,-0.029245489844305084,-0.08242993999185155,0.3840005920357515,-0.011176072496262651,kilo+meter suche,3.079585038494692
-3.20357772367402,-0.2404018246021946,-0.2311603625584023,0.3882942016039795,-0.026485592643955832,Tornados,3.4322562194928286
-3.20357772367402,-0.2404018246021946,-0.2311603625584023,0.3882942016039795,-0.026485592643955832,suche tornado+s,3.4322562194928286
-2.2786945370221297,-0.8969249685187202,-0.6092750742811686,0.3722833398273301,-0.06422790040506299,tornado+s gewitter+n,4.530029506720458
-3.18584886504002,-0.2517082776414532,-0.20773277764669335,0.43360782329582825,-0.02833062187550547,ausbrechenden,3.453989902608945
-3.18584886504002,-0.2517082776414532,-0.20773277764669335,0.43360782329582825,-0.02833062187550547,gewitter+n aus+brech+end+en,3.453989902608945
-3.520424347537615,-0.020248348864156496,-0.011805976623380954,0.47293171368937426,-0.009057885203786725,Vulkanen,3.06441312076163
-3.520424347537615,-0.020248348864156496,-0.011805976623380954,0.47293171368937426,-0.009057885203786725,aus+brech+end+en vulkan+en,3.06441312076163
-3.6311059292187537,0.052632978061146085,0.06942242296152867,0.5018492205581931,-0.0019638783840746216,Allen,2.938500092501068
-3.676708176081632,0.081140506729527,0.1083802838862244,0.5206072155351156,0.0011512836271095755,Naturgewalten,2.8877395414726483
-3.676708176081632,0.081140506729527,0.1083802838862244,0.5206072155351156,0.0011512836271095755,all+en natur+gewalt+en,2.8877395414726483
-3.752729995246082,0.12101192513296821,0.1989392614643991,0.5882515969271607,0.006944434780281401,Trotz,2.8085303891065916
-3.752729995246082,0.12101192513296821,0.1989392614643991,0.5882515969271607,0.006944434780281401,natur+gewalt+en trotz,2.8085303891065916
-3.6428481377707786,-0.0023981806672690453,0.2866360899419539,0.8125865612345687,0.0022761208409963207,Sucht,2.969120816321131
-3.6428481377707786,-0.0023981806672690453,0.2866360899419539,0.8125865612345687,0.0022761208409963207,für such+t,2.969120816321131
-3.1635038406620195,-0.32983429729326064,0.11465941294262444,0.914770988803098,-0.022344920904617566,Als,3.5308476794525347
-3.1014545861021405,-0.49952673160334715,0.29914053875308666,1.2219923440273601,-0.02343670806997777,als blitz,3.681556046871525
-3.6486510918422312,-0.014046747010272087,0.3200634523040975,0.8575625468372476,0.0025382511977338623,500,2.972126901562526
-3.6486510918422312,-0.014046747010272087,0.3200634523040975,0.8575625468372476,0.0025382511977338623,blitz 500,2.972126901562526
-3.5907250198095255,-0.03135859642291394,0.25248251369713814,0.803857728669885,-0.0031086791920284518,Meter,3.02553234848138
-3.7133280743669514,0.04326626143012091,0.32063374649515375,0.8036504908737638,0.005877996930762547,500 meter,2.8883554545221184
-3.783946425688555,0.10534028439646392,0.32103742940725266,0.7421779775330969,0.00958403546556729,entfernt,2.797181482105592
-3.783946425688555,0.10534028439646392,0.32103742940725266,0.7421779775330969,0.00958403546556729,meter entfern+t,2.797181482105592
-3.858103517349396,0.1696989362402106,0.3216090583633414,0.6751546829311503,0.013545479049410787,einschlägt,2.7019266664572723
-3.858103517349396,0.1696989362402106,0.3216090583633414,0.6751546829311503,0.013545479049410787,entfern+t ein+schlag+t,2.7019266664572723
-3.6296242774286798,0.03362665823344679,0.14533722526097298,0.6130935090756945,-0.006320546879910155,fegt,2.953005749166245
-3.887706603051681,0.20447385984512234,0.2982154161766275,0.6117429121495763,0.01404476103101921,ein+schlag+t feg+t,2.6578099323793443
-3.879457601636803,0.20734153010062029,0.2691168482228544,0.5756419526856369,0.012191534823701479,Druckwelle,2.661490388487624
-3.879457601636803,0.20734153010062029,0.2691168482228544,0.5756419526856369,0.012191534823701479,feg+t druck+welle,2.661490388487624
-3.6854512896199947,0.08150027096349888,0.12074575986779829,0.5298290483359015,-0.005111505722866352,Donners,2.880080051294572
-3.6854512896199947,0.08150027096349888,0.12074575986779829,0.5298290483359015,-0.005111505722866352,druck+welle donner+s,2.880080051294572
-3.881363457237986,0.2202780035286538,0.225183532074198,0.5079523100965725,0.009973831420766709,donner+s jona+s,2.650612253864789
-3.2281986687768716,-0.22324994695904388,-0.17628482844112553,0.449590660247894,-0.02766731557094831,fast,3.405204844755942
-3.98788572040755,0.29538557840715307,0.27374891829224646,0.47661245547317127,0.01801094726999109,piontek fast,2.5256958897098096
-4.040007211504311,0.3330180405255161,0.2930194123608858,0.45239285446028804,0.021771677707114724,Füßen,2.4638918707178705
-4.040007211504311,0.3330180405255161,0.2930194123608858,0.45239285446028804,0.021771677707114724,fast fuß+en,2.4638918707178705
-4.061098166128515,0.34846755220202374,0.299926063313517,0.4408111202870354,0.023256842385843392,Danach,2.438722837675174
-2.0617747056581264,-1.0490706530767069,-0.2674823705811202,0.9607712185952361,-0.059637225003543626,erst,4.810121922402051
-4.099443340966079,0.37686015957087404,0.3113364637222774,0.41734019935646616,0.02590946051089913,danach erst,2.39274891019022
-4.10948551033559,0.38435283228807937,0.3141149489320074,0.41072609314987224,0.02659553529420753,mal,2.380669252056891
-4.10948551033559,0.38435283228807937,0.3141149489320074,0.41072609314987224,0.02659553529420753,erst mal,2.380669252056891
-4.127599456588193,0.39791788296097486,0.3189459867801878,0.398360032074108,0.02782584189060739,Lebensentscheidungen,2.358846024362873
-4.127599456588193,0.39791788296097486,0.3189459867801878,0.398360032074108,0.02782584189060739,mal leben+s+entscheidung+en,2.358846024362873
-4.159321806612054,0.42179837445477086,0.32695918474675045,0.37551232310126154,0.029963502284127107,überdacht,2.320544400159868
-4.159321806612054,0.42179837445477086,0.32695918474675045,0.37551232310126154,0.029963502284127107,leben+s+entscheidung+en überdenk+t,2.320544400159868
-4.186241860216242,0.44215070160376646,0.33345043972825417,0.35512729951216127,0.0317675999923026,lauwarme…,2.2879854400126023
-4.197958552671045,0.45102485372930556,0.33621996471488713,0.3460152393993949,0.032551706867728326,+10859,2.2738051298049196
-4.197958552671045,0.45102485372930556,0.33621996471488713,0.3460152393993949,0.032551706867728326,lauwarme… +10859,2.2738051298049196
-4.204924005904584,0.45630357129913857,0.3378558169823004,0.3405368414250669,0.03301783486471994,+10859 char+s,2.2653734899384053
2.136499750248702,-4.120440598644091,-1.8538772056360169,-0.298767634280641,-0.17192830189444824,Kaltfront,9.87331334277618
-3.2180029069587124,-0.29412845614197525,-0.6078653993725243,-0.16390699633461525,-0.042758454644000826,wetter kaltfront,3.427704152431368
-2.2974745607479234,-0.9838978854092755,-0.9897883884242967,-0.18913304675793502,-0.08291236698351118,kaltfront bring+t,4.538933934122581
2.529712402369106,-4.400640793012479,-1.882286729102224,-0.29593164843934916,-0.1801277224035806,Wolken,10.350557872222138
-2.036095695308191,-1.1766915558448559,-1.0763979221458881,-0.1954983657491387,-0.09221831188951057,bring+t wolke+n,4.8545981207319775
3.815922767640136,-5.263654167869177,-1.997555708249823,-0.33634843409946114,-0.1868071982806671,Schauer,11.885046059929675
-1.5742148012346293,-1.514555533826536,-1.2119470139646844,-0.20608814189103225,-0.10699333101943181,wolke+n schauer,5.412320494716562
4.513329334925406,-5.731085032481265,-2.0465199490453414,-0.35701795616878274,-0.1894707497717691,kurze,12.717838458906943
-0.3882159662508986,-2.363915779835782,-1.4889292430940553,-0.23801498433631335,-0.13476788561173164,schauer kurz+e,6.841039742301284
6.20957961659018,-6.864369397840163,-2.132562941498331,-0.4017585628162397,-0.19476017477251245,kurz+e gewitter,14.743812034542747
-2.74098019264599,-0.654004568589289,-0.8253077644615329,-0.1808602146161733,-0.06398718244096069,Offenbach,4.003495417177857
-3.366629621678353,-0.18181524219303258,-0.5339356029971638,-0.16237858609460176,-0.033722413814456564,gewitter offenbach,3.2489917526010603
-3.676266761940063,0.054860949647853596,-0.3570538621544031,-0.15180063468880306,-0.015712773532198604,lhe,2.8766164438889916
-3.676266761940063,0.054860949647853596,-0.3570538621544031,-0.15180063468880306,-0.015712773532198604,offenbach lhe,2.8766164438889916
-2.146394901577034,-1.0952098005676567,-1.044521473450486,-0.197693936571391,-0.08657916092987777,Rückseitig,4.721290541118835
-3.784422132798056,0.13779301174169545,-0.28890049149973007,-0.1479944799317638,-0.008753439322981615,lhe rückseitig,2.7469298350094524
-3.110868990628325,-0.375397262707446,-0.6606992355879782,-0.16816518697454502,-0.04777040935746907,rückseitig kaltfront,3.5569559413404446
-3.294885727092182,-0.2359867096009236,-0.5703766806429362,-0.16331582670987144,-0.03807809211955718,kaltfront stell+t,3.3351870955343674
-1.347665238616412,-1.6812608133850397,-1.268771101102287,-0.20778170701119847,-0.1147518374126229,Sonntag,5.686950854942423
-3.4534603174756415,-0.11521083896697215,-0.4859312135657916,-0.1582942886875704,-0.029366599133202356,stell+t sonntag,3.1442297238394414
-3.502259301988784,-0.07803019869948247,-0.45890164481283335,-0.15697169628785385,-0.02646562358511167,sonntag hessen,3.0855610586240565
-2.487063809227488,-0.8440779162006642,-0.9194113738567252,-0.18129109408194943,-0.07678809390297647,wechselhaftes,4.310375033398389
-3.470667700468567,-0.10231280233827911,-0.47698659149244965,-0.15849042421967813,-0.02810531088855719,hessen wechselhaft+es,3.1236539034431634
-2.9266606224262994,-0.5144481121990001,-0.7453759783873168,-0.17414919551654684,-0.056306391205223794,Schauerwetter,3.7792477144592778
-2.9266606224262994,-0.5144481121990001,-0.7453759783873168,-0.17414919551654684,-0.056306391205223794,wechselhaft+es schauer+wetter,3.7792477144592778
-2.114434135697465,-1.1207040383725686,-1.058814262130198,-0.20360822794924416,-0.08577305820453701,tag+es+verlauf kurz+e,4.760970219366969
-3.472289131188272,-0.10370536375697648,-0.4796898830610391,-0.16296308245163693,-0.026335899783752167,gewitter kopier+e,3.12312389989417
-4.088778946260047,0.3697484226218479,-0.07745185460510678,-0.13889282353126137,0.013796890601339255,hinzu+füg+en ein,2.3844867343576936
-3.420173164935264,-0.14043339106476505,-0.5035901862384967,-0.15862845262258274,-0.03151847990354695,ein kaltfront,3.1841990161316267
-3.4645596638501956,-0.10656355368027182,-0.47921791945315406,-0.1571999942886274,-0.029007568028312638,kaltfront sorg+t,3.130774112782308
-4.067895871011464,0.3535569351396137,-0.09346811793017062,-0.13999428091640453,0.012298745174180871,sorg+t un+beständig+es,2.4094107135683673
-3.9242295562767247,0.2428695659329192,-0.19794488864158605,-0.14628114159162509,0.002043443618606866,wetter hessen,2.5808856154775017
-2.886622773638152,-0.5517897954713753,-0.7513479828837628,-0.1602318070946797,-0.06372212502553065,Süden,3.8312619822466347
-3.487422334345023,-0.0926675446109444,-0.4717115705314464,-0.163048276602708,-0.02525324813879753,einzelne,3.1051929916794667
-3.487422334345023,-0.0926675446109444,-0.4717115705314464,-0.163048276602708,-0.02525324813879753,süden einzeln+e,3.1051929916794667
-2.666545678321136,-0.7132419718936043,-0.8604425339265458,-0.18965848404472319,-0.06460328832354395,einzeln+e gewitter,4.095319679870448
-3.488788057943994,-0.09167342689887281,-0.47098892963784145,-0.16305597820756607,-0.025155234108983373,auftreten,3.103576067562273
-3.488788057943994,-0.09167342689887281,-0.47098892963784145,-0.16305597820756607,-0.025155234108983373,gewitter auf+tret+en,3.103576067562273
-3.831533630974549,0.17132090307891024,-0.26134215143948714,-0.15027100431380153,-0.004149730734952922,der temperatur+en,2.6919225239873747
-3.962576726339551,0.2721468137736154,-0.1711322269478308,-0.14497107115774394,0.004828927845153111,temperatur+en bleib+en,2.5351946704423582
-4.016550254096435,0.3136638091307009,-0.13211554742720455,-0.14270919048151393,0.008701344806611673,mild,2.4707969855557828
-4.016550254096435,0.3136638091307009,-0.13211554742720455,-0.14270919048151393,0.008701344806611673,bleib+en mild,2.4707969855557828
-4.11248370680286,0.38737355821982056,-0.05987013333277552,-0.13856728636015636,0.015856275340082278,+1397,2.356611598561901
-4.11248370680286,0.38737355821982056,-0.05987013333277552,-0.13856728636015636,0.015856275340082278,rückseitig +1397,2.356611598561901
-4.132531205012097,0.4027549553324261,-0.04428213221637897,-0.1376816957644711,0.017397819306459096,+1397 chars,2.3328009098001568
-3.9109278921245343,0.2353663600263014,-0.20334551382026977,-0.14218979415557292,-0.0005754727108490884,sie kaltfront,2.5953250960962073
-2.457595329203073,-0.8658336719557274,-0.9372720411494676,-0.19117220429715343,-0.07454651436607962,gewitter möglich,4.34596556314872
-3.8388506250350556,0.17768206871665937,-0.2557131673956005,-0.14909485622107332,-0.003987457205738204,möglich deutsch+e,2.6827695588250418
-4.0482049487722565,0.33868752792717816,-0.10794946869907426,-0.1405044664992261,0.010712696647888605,dwd mit+teil+te,2.432714564406093
-4.130708492407799,0.40199281343380244,-0.04499908903758443,-0.13696241702160872,0.016968024012086975,mei…,2.334629117902019
-4.130708492407799,0.40199281343380244,-0.04499908903758443,-0.13696241702160872,0.016968024012086975,bleib+t mei…,2.334629117902019
-4.147766081983557,0.41505916044231195,-0.03162342369037918,-0.13622000665328443,0.018297535585279696,+1249,2.3143908877493216
-4.147766081983557,0.41505916044231195,-0.03162342369037918,-0.13622000665328443,0.018297535585279696,mei… +1249,2.3143908877493216
-4.163211957466693,0.42688273671723276,-0.01940174540280748,-0.13554498593022174,0.019512605384082067,+1249 char+s,2.2960781620432917
-2.273359692004795,-1.0016975163371367,-0.9982624387822289,-0.18992381680522757,-0.08373216611647999,kaltfront schauer,4.568038323940763
3.2409924676051984,-4.8715436564256045,-1.9594235755228646,-0.3291999740056145,-0.18034165707029776,schauer gewitter,11.19545440615092
1.9951318235401834,-4.025818307953972,-1.8357913528508631,-0.2918882586351359,-0.17169962451432558,Rheinland-Pfalz,9.705053540940462
-1.3362157509918662,-1.6854543311946655,-1.2787660294864147,-0.21691428642975324,-0.11180800177574751,gewitter rheinland-pfalz,5.698653864614228
1.3690716148244917,-3.6055318643288645,-1.7534530005207611,-0.2668004777710041,-0.16796765169990296,Saarland,8.959818723923114
1.3690716148244917,-3.6055318643288645,-1.7534530005207611,-0.2668004777710041,-0.16796765169990296,rheinland-pfalz saarland,8.959818723923114
-3.8680402752132235,0.20298423935408483,-0.2307488975769322,-0.14137364938711655,-0.004446697714170271,saarland hier,2.6462839738868915
-3.6914829269950085,0.0670628178855115,-0.3464293812883642,-0.14969043193758685,-0.015340786078823096,thema kaltfront,2.8580601653600763
-3.4064978228916227,-0.15071809084560317,-0.5102423838059986,-0.1580840580188128,-0.03264750213688722,sie schauer,3.2005792389889587
-3.980299723049603,0.2893246652875221,-0.15179134790174104,-0.13611630783953044,0.00310570304338776,sorg+t rheinland-pfalz,2.5121265157155928
-3.359416665898339,-0.1870158307586569,-0.5321449584067048,-0.15529232403129295,-0.03684021555363051,saarland sonntag,3.257460344366877
-4.129133360246875,0.4033250067218488,-0.04173042817873113,-0.13165603065426407,0.014880526421744304,sonntag wechselhaft+es,2.335138598553615
-4.258988343367553,0.501486466467483,0.060897434861886146,-0.1289030333889118,0.026426699240395417,dwd bleib+t,2.1820403347018216
-4.271250841251461,0.5107134270760922,0.07105244690502716,-0.12855315133796347,0.027528313626525157,bleib+t meist,2.1676375347572536
-4.300147436213055,0.5324291250297839,0.09530423537040861,-0.12767981211116913,0.03013828695925786,Norden,2.1337351454636346
-4.300147436213055,0.5324291250297839,0.09530423537040861,-0.12767981211116913,0.03013828695925786,bewölk+t norden,2.1337351454636346
-4.3063844693667805,0.5371108952436836,0.10059826259678356,-0.1274828896009947,0.03070450474793087,lockert,2.126424829824626
-4.3063844693667805,0.5371108952436836,0.10059826259678356,-0.1274828896009947,0.03070450474793087,norden locker+t,2.126424829824626
-4.316344064155394,0.5445828195062352,0.10909607072726701,-0.12716261123461264,0.03161098928281284,Bewölkun…,2.1147568049141974
-4.316344064155394,0.5445828195062352,0.10909607072726701,-0.12716261123461264,0.03161098928281284,locker+t bewölkun…,2.1147568049141974
-4.324758430373185,0.5508913615342559,0.11631779648523455,-0.12688662566093878,0.03237915623544221,+1300,2.1049043800734095
-4.324758430373185,0.5508913615342559,0.11631779648523455,-0.12688662566093878,0.03237915623544221,bewölkun… +1300,2.1049043800734095
-4.329091889497162,0.5541387876352211,0.1200522147619138,-0.12674261989948266,0.03277562959557479,+1300 char+s,2.099832240768333
-3.46107984480074,-0.10901001086487017,-0.4789373399176622,-0.1544415001872253,-0.030274801922569813,sonntag zeig+t,3.13482598122745
-2.8705022345664784,-0.5566858837951445,-0.7676783636939872,-0.17294828210545943,-0.059900530766892834,wetter rheinland-pfalz,3.847007627331515
-3.148596140387159,-0.3471215109077568,-0.6392745502889471,-0.16262781936274912,-0.047539201622924326,saarland wechselhaft,3.5115631795054054
-2.9634500474553236,-0.4868685501821757,-0.726113361327736,-0.16923681272505686,-0.05604155125242399,Neben,3.7348795375663353
-2.7742343687715847,-0.6295442601353511,-0.8065392269878496,-0.1733045861546596,-0.06502311573804737,Schauern,3.963525958560511
-2.7742343687715847,-0.6295442601353511,-0.8065392269878496,-0.1733045861546596,-0.06502311573804737,neben schau+ern,3.963525958560511
-2.2302244680514183,-1.03445428498686,-1.010873646206405,-0.18827793354228073,-0.08631290669529762,vereinzelten,4.6205742452440335
-2.2302244680514183,-1.03445428498686,-1.010873646206405,-0.18827793354228073,-0.08631290669529762,schau+ern vereinzel+t+en,4.6205742452440335
-0.6600322893281882,-2.1703076106960317,-1.4399818322379447,-0.23941848833492446,-0.1260401450346214,vereinzel+t+en gewitter+n,6.513577164228901
-2.8018668657551378,-0.6083981627850954,-0.8000222372065054,-0.1790641882041148,-0.06138704896970609,gewitter+n kurz+e,3.9299969601797047
-3.781272678593276,0.13516836822985567,-0.29130162812374794,-0.1485573732925879,-0.008795128745749003,Auflockerungen,2.7508154314667785
-3.781272678593276,0.13516836822985567,-0.29130162812374794,-0.1485573732925879,-0.008795128745749003,kurz+e auflockerung+en,2.7508154314667785
-3.9293669109518876,0.24882706441231517,-0.19184603012063828,-0.14309600737671907,0.001313142289544482,auflockerung+en möglich,2.573677116287993
-4.094487953852042,0.3753368674530637,-0.07153486009493631,-0.13684025421048307,0.013573356706114516,ruhiger,2.377058745401214
-4.094487953852042,0.3753368674530637,-0.07153486009493631,-0.13684025421048307,0.013573356706114516,woche+n+start ruhig+er,2.377058745401214
-4.1448448574339105,0.4148955977539568,-0.030737823986380086,-0.13260163819523363,0.016704193016516718,hin+zu+füg+en sonntag,2.3167512250931175
-3.781272678593276,0.13516836822985567,-0.29130162812374794,-0.1485573732925879,-0.008795128745749003,Aufloc…,2.7508154314667785
-3.781272678593276,0.13516836822985567,-0.29130162812374794,-0.1485573732925879,-0.008795128745749003,kurz+e aufloc…,2.7508154314667785
-3.8798722794623197,0.2108456825121463,-0.22592269208787022,-0.14493583814444222,-0.00215320198043234,+1772,2.6328075846562653
-3.8798722794623197,0.2108456825121463,-0.22592269208787022,-0.14493583814444222,-0.00215320198043234,aufloc… +1772,2.6328075846562653
-3.9293669109518876,0.24882706441231517,-0.19184603012063828,-0.14309600737671907,0.001313142289544482,+1772 chars,2.573677116287993
0.47303209042888295,-2.5579550593152316,0.49764145913866553,0.4889707575614848,-1.1935671810771413,Was,7.8087292612113295
-4.49360336912235,0.6792244801430524,0.2793894324510261,-0.10870916046941599,0.04404055350802661,Chemikalien,1.9068729152933779
-4.581325094961546,0.7440510667605075,0.3616770515333857,-0.11055980740337658,0.05501342302539176,was chemikalie+n,1.8055825075718714
-4.574228619518735,0.7389899666154545,0.3548812761496545,-0.11041257464615443,0.05411067977084478,chemikalie+n wolke+n,1.8136682889182825
-4.570295080292383,0.7361696974775005,0.35112481709504484,-0.11033072870221682,0.05361140256147404,auslösen,1.8181589463058305
-4.570295080292383,0.7361696974775005,0.35112481709504484,-0.11033072870221682,0.05361140256147404,wolke+n aus+lös+en,1.8181589463058305
-4.564464401562915,0.7319699383107243,0.3455703209350641,-0.11020911389336212,0.052872790466749066,Weltweit,1.8248267645362297
-4.564464401562915,0.7319699383107243,0.3455703209350641,-0.11020911389336212,0.052872790466749066,aus+lös+en weltweit,1.8248267645362297
-4.574228619518735,0.7389899666154545,0.3548812761496545,-0.11041257464615443,0.05411067977084478,weltweit wolke+n,1.8136682889182825
-4.581325094961546,0.7440510667605075,0.3616770515333857,-0.11055980740337658,0.05501342302539176,wolke+n chemikalie+n,1.8055825075718714
-4.516033651277318,0.6962437140818392,0.3000718724046203,-0.10918754759042322,0.0468069517516091,geimpft,1.8807090870507093
-4.516033651277318,0.6962437140818392,0.3000718724046203,-0.10918754759042322,0.0468069517516091,chemikalie+n ge+impf+t,1.8807090870507093
-4.476905786932085,0.6663768548385113,0.2641543964163704,-0.1083515939927026,0.041999259732402545,ge+impf+t regen,1.9264574592639998
-4.421211287035653,0.6225246819693792,0.2143372775887507,-0.10715427267037013,0.03530410486816755,erzeugen,1.9923930751773082
-4.421211287035653,0.6225246819693792,0.2143372775887507,-0.10715427267037013,0.03530410486816755,regen erzeug+en,1.9923930751773082
-4.356548243502921,0.5699366913540693,0.15842174437365159,-0.10576548136848878,0.027753515890456958,erzeug+en hagel,2.06999282040419
-3.9493000661755473,0.26258191009106935,-0.16737083804083608,-0.12841990872690268,-0.0024674894488980123,verhindern,2.5505627740523638
-3.9493000661755473,0.26258191009106935,-0.16737083804083608,-0.12841990872690268,-0.0024674894488980123,hagel verhinder+n,2.5505627740523638
-4.524005283808967,0.7022230283633074,0.30748201166116307,-0.10935689025978342,0.047796745638743594,Substanzen,1.8714521452554322
-4.524005283808967,0.7022230283633074,0.30748201166116307,-0.10935689025978342,0.047796745638743594,wie substanz+en,1.8714521452554322
-4.548982224340005,0.7207092387748673,0.33090123604050015,-0.10988460497131734,0.050920141644475815,substanz+en wolke+n,1.8425960686518792
-3.583411355448693,-0.017366706988601432,-0.41453010097710397,-0.1571936164022929,-0.02059209431914713,genau,2.9887414366451552
-4.555761760875247,0.7256594574535193,0.33731043102915004,-0.11002697623377251,0.05177364886054001,wolke+n genau,1.8348036616652807
-4.560758687243631,0.7292889472456163,0.3420486589967051,-0.11013164517808678,0.052404277229141295,wirken,1.829071477774241
-4.560758687243631,0.7292889472456163,0.3420486589967051,-0.11013164517808678,0.052404277229141295,genau wirk+en,1.829071477774241
-4.569081328154305,0.735297336576339,0.34996720742083787,-0.110305441146984,0.0534575036578375,bisher,1.8195458529803719
-4.569081328154305,0.735297336576339,0.34996720742083787,-0.110305441146984,0.0534575036578375,wirk+en bisher,1.8195458529803719
4.006660454760854,-5.388984739369474,-2.0185932405998877,-0.35044808697506413,-0.18452985187353027,bekannt,12.111459273558511
-4.5762817106827205,0.7404577832074701,0.35684489147926224,-0.11045522792694594,0.05437158980796867,bisher bekenn+t,1.8113268814860408
-3.280734632853921,-0.10984027228419291,1.0330955925399965,0.04391450544558968,1.4989512395382203,Mechanismus,3.4196967776622236
-4.580467031562552,0.7434409682037404,0.36085406608729154,-0.11054203479459489,0.05490413255953306,der mechanismus,1.8065591031704056
-4.572599366397243,0.7378231057384135,0.35332446698044273,-0.11037869433803395,0.053903785230876335,komplexer,1.8155275459303226
-4.572599366397243,0.7378231057384135,0.35332446698044273,-0.11037869433803395,0.053903785230876335,mechanismus komplex+er,1.8155275459303226
-4.563752863068404,0.7314558659809687,0.34489360810675695,-0.11019424943336549,0.05278277538322832,gedacht,1.825641380054809
-4.563752863068404,0.7314558659809687,0.34489360810675695,-0.11019424943336549,0.05278277538322832,komplex+er ge+denk+t,1.825641380054809
-4.543340340277782,0.7165673087864151,0.32558458253320655,-0.1097658236040228,0.0502117074775553,Studie,1.8490941059099675
-4.543340340277782,0.7165673087864151,0.32558458253320655,-0.1097658236040228,0.0502117074775553,ge+denk+t studie,1.8490941059099675
-3.2027580653924024,-0.30480745411850996,0.4109001566114213,-0.8040046771856616,1.447886430695311,Wien,3.5503774109926507
-4.522128246061563,0.7008184731152419,0.30573437546908255,-0.10931705196924,0.047563373759553086,studie wien,1.8736298169454098
-4.511527792174181,0.6928476352059068,0.2958972149386665,-0.10909165994770152,0.04624901399776244,wien zeig+t,1.8859512440564905
-4.457225858446887,0.6510505839928761,0.2463755662184185,-0.10792906195692513,0.03961341722108195,Wolkenbildung,1.9496520344937647
-4.457225858446887,0.6510505839928761,0.2463755662184185,-0.10792906195692513,0.03961341722108195,für wolke+n+bildung,1.9496520344937647
-4.400545363756793,0.6058978444876548,0.19624302943316657,-0.10670964899747136,0.0328648092937685,weiterer,2.017079529723765
-4.400545363756793,0.6058978444876548,0.19624302943316657,-0.10670964899747136,0.0328648092937685,wolke+n+bildung weit+er+er,2.017079529723765
-2.651595272669199,-0.6395156281280721,-0.1725654025661638,0.8082778686232045,-0.04470155063294251,Folge,4.105770707998684
-4.467784353829265,0.6592973923992129,0.2558902300444469,-0.1081558757217304,0.04089073829178511,weit+er+er folge,1.9371931588974851
-4.491959386250559,0.677966135224982,0.2778833240115569,-0.10867400348539476,0.043838886903005865,folge niederschlag+e,1.9087971458296233
-0.36492758067496744,-2.176388881727889,-0.6835815411599331,0.947312715155958,-0.09925307394147082,braucht,6.805982734545742
-4.525813061737727,0.7035737811273354,0.3091667975629798,-0.10939523682056317,0.04802168668061594,niederschlag+e brauch+t,1.8693560071013322
-4.542115571690216,0.7156655057742988,0.32443246498695344,-0.10974000343064415,0.050058139982044204,winzige,1.8505063043894947
-4.542115571690216,0.7156655057742988,0.32443246498695344,-0.10974000343064415,0.050058139982044204,brauch+t winzig+e,1.8505063043894947
-4.551039434952771,0.7222144806645798,0.3328437099656265,-0.10992784946989755,0.051178877857375744,Teilchen,1.8402296598824548
-4.551039434952771,0.7222144806645798,0.3328437099656265,-0.10992784946989755,0.051178877857375744,winzig+e teil+chen,1.8402296598824548
-4.562286391569751,0.7303953068846879,0.3434996828937571,-0.11016359831693671,0.05259733835277881,denen,1.8273209175780973
-4.562286391569751,0.7303953068846879,0.3434996828937571,-0.11016359831693671,0.05259733835277881,teil+chen der,1.8273209175780973
-4.566517757356784,0.7334515501123294,0.3475245464129544,-0.11025198152293934,0.05313270279447891,Wasser,1.8224770653313183
-4.566517757356784,0.7334515501123294,0.3475245464129544,-0.11025198152293934,0.05313270279447891,der wasser,1.8224770653313183
-4.565162103607917,0.7324736860260794,0.3462341117624488,-0.1102236844396955,0.0529610806148925,kondensiert,1.8240281829380072
-4.565162103607917,0.7324736860260794,0.3462341117624488,-0.1102236844396955,0.0529610806148925,wasser kondensiert,1.8240281829380072
-4.535417108308691,0.7107168770316127,0.3181442927278827,-0.1095985806755466,0.04921966746397278,natürliche,1.8582396597523236
-4.535417108308691,0.7107168770316127,0.3181442927278827,-0.1095985806755466,0.04921966746397278,sie natürlich+e,1.8582396597523236
-4.516033651277318,0.6962437140818392,0.3000718724046203,-0.10918754759042322,0.0468069517516091,Prozesse,1.8807090870507093
-4.516033651277318,0.6962437140818392,0.3000718724046203,-0.10918754759042322,0.0468069517516091,natürlich+e prozeß+e,1.8807090870507093
-4.488528521721218,0.6753353797685699,0.27474449784049504,-0.10860059769753626,0.04341850741743925,etwa,1.9128157024392864
-4.488528521721218,0.6753353797685699,0.27474449784049504,-0.10860059769753626,0.04341850741743925,prozeß+e etwa,1.9128157024392864
-4.444803742134534,0.6412790666424993,0.2352523037957625,-0.10766195333265367,0.03811871494504624,Staub,1.9643524121163423
-4.444803742134534,0.6412790666424993,0.2352523037957625,-0.10766195333265367,0.03811871494504624,etwa staub,1.9643524121163423
-4.373562424968735,0.5839295329653817,0.1729349520079338,-0.1061300340010239,0.02971687005085146,Sand,2.049475574560396
-4.373562424968735,0.5839295329653817,0.1729349520079338,-0.1061300340010239,0.02971687005085146,staub sand,2.049475574560396
-4.356548243502921,0.5699366913540693,0.15842174437365159,-0.10576548136848878,0.027753515890456958,Salz,2.06999282040419
-4.356548243502921,0.5699366913540693,0.15842174437365159,-0.10576548136848878,0.027753515890456958,sand salz,2.06999282040419
-4.484891054809877,0.6725393421533329,0.27142301552612025,-0.108522721099841,0.04297352785817685,mens…,1.9170804092603793
-4.484891054809877,0.6725393421533329,0.27142301552612025,-0.108522721099841,0.04297352785817685,salz mens…,1.9170804092603793
-4.506603349760205,0.6891227935318781,0.29134617878096536,-0.10898673519244005,0.0456405150240192,+3263,1.8916883545222127
-4.506603349760205,0.6891227935318781,0.29134617878096536,-0.10898673519244005,0.0456405150240192,mens… +3263,1.8916883545222127
-4.520177379292289,0.6993564692850678,0.30391983373537734,-0.10927562288239755,0.04732102510811315,+3263 chars,1.8758944597891012
-4.070000273954701,0.35802083045243194,-0.0837137424662115,-0.12976422132240034,0.008717766303127976,donnerstag wechselhaft+es,2.4053426973221903
-3.4034089140277857,-0.1563303581632196,-0.5042962722071217,-0.14804123181115164,-0.036604851259808696,morgigen,3.2059204162082766
-4.00927680206313,0.31131515724771286,-0.12848323358442348,-0.13187081499098408,0.004061130793729377,wetter morgig+en,2.477687736278871
-3.1037319490787696,-0.4001843899871149,-0.6457009693781648,-0.1439005666433264,-0.05722657244652435,morgig+en donnerstag,3.5755823136033387
-0.44635069410391104,-2.32188238919628,-1.4795543243506684,-0.2392126470647023,-0.1326146387393345,November,6.7706466961066365
-3.3731048861367117,-0.1771577205310364,-0.5235991315617012,-0.15314967819789227,-0.036729190719237054,donnerstag november,3.241257692301433
-3.3828697932420972,-0.16881327480278419,-0.5207882318524379,-0.15602200709929392,-0.035004939143525704,november zieh+t,3.2290504877077524
-3.3023040548181464,-0.23011462498338475,-0.5635997778393524,-0.15923110311947247,-0.03911869384161068,Kaltluftfront,3.3260921352570714
-3.3023040548181464,-0.23011462498338475,-0.5635997778393524,-0.15923110311947247,-0.03911869384161068,zieh+t kaltluftfront,3.3260921352570714
-2.8944075294893925,-0.5407702526291911,-0.7528977594625751,-0.16645718405526233,-0.06098141883975622,kaltluftfront ibiza,3.819188335497331
-2.1107149362028457,-1.1217158426499125,-1.052650547478553,-0.19394601347812002,-0.08955052156288545,formentera regen,4.764452879749841
-2.3285309651531585,-0.869164349416951,-0.6332392763273488,0.3127423130216325,-0.06743873300701464,bringen,4.4719667275918855
-2.6752737762101915,-0.7029084207656187,-0.8507317297650083,-0.18119459245955832,-0.06731946518818316,gewitter bring+en,4.082685014547583
-3.089528369906302,-0.39860029272910946,-0.6595764109168232,-0.15399075060379142,-0.05432864084797298,geht,3.5862949744005626
-3.500486039309794,-0.07923660577610936,-0.4594938713804789,-0.15650747907764717,-0.026762476170289897,aemet geh+t,3.0876116536658222
-3.5633113240143857,-0.031229058353658745,-0.4235910577609905,-0.15450810186556924,-0.023039326562934795,maximal,3.0120759969543833
-3.5633113240143857,-0.031229058353658745,-0.4235910577609905,-0.15450810186556924,-0.023039326562934795,geh+t maximal,3.0120759969543833
-4.1365405096002785,0.40792263264679196,-0.0384330141622001,-0.13437580555857687,0.016573230217298583,maximal liter+n,2.326931950592713
-4.162833463866906,0.4287553240568711,-0.016301053019891737,-0.1315614020708526,0.018025386150001606,Trotzdem,2.295374781704986
1.7844709393570568,-3.716276152982805,-1.4180287307404207,0.30778918084212764,-0.14765535301194216,zwei,9.387398870800144
-4.143437206363266,0.41424824851607345,-0.030650174996984497,-0.1311897017794903,0.01605181953396865,trotzdem zwei,2.318185444781241
-4.125604168091195,0.40069657119312874,-0.044162757989508916,-0.13140840453863223,0.014458968965555465,Warnstufen…,2.339284932996901
-4.125604168091195,0.40069657119312874,-0.044162757989508916,-0.13140840453863223,0.014458968965555465,zwei warnstufen…,2.339284932996901
-4.00927680206313,0.31131515724771286,-0.12848323358442348,-0.13187081499098408,0.004061130793729377,warnstufen… morgig+en,2.477687736278871
-4.150063073966618,0.4179327508955537,-0.02834788052947912,-0.13443034549756883,0.017864702883005477,+419,2.311075845239107
-4.150063073966618,0.4179327508955537,-0.02834788052947912,-0.13443034549756883,0.017864702883005477,maximal +419,2.311075845239107
-4.162118070411285,0.4271190197513246,-0.01886486764902212,-0.13397518966250915,0.018839749468294024,+419 chars,2.296805987351597
-1.5031280573528392,-1.5791972435743742,-1.2196727235828742,-0.19393947238722897,-0.11407253409905554,Überschwemmungen,5.50494385530774
-4.042437164482133,0.3351482781922408,-0.11113088962303144,-0.1394491022221816,0.009812809612641034,wieder überschwemmung+en,2.439109306614503
-3.9155183904916244,0.23772134064954886,-0.2021815638326444,-0.14447305610366085,0.0006497738766074804,überschwemmung+en ibiza,2.5904710350080205
-4.071930765417612,0.35775260017512256,-0.08907890343715907,-0.13826567813371132,0.012035968506798438,ibiza wie,2.4040277713369838
-3.038284441305369,-0.43090966957003607,-0.696803812625238,-0.17311816961774762,-0.050250498953144096,vorhergesagt,3.6448891018302785
-3.038284441305369,-0.43090966957003607,-0.696803812625238,-0.17311816961774762,-0.050250498953144096,wie vorhergesagt,3.6448891018302785
-0.25339988514234246,-2.2776129541083847,-0.9555404796370425,0.5848296986766037,-0.10980184256003672,schwere,6.9383930615396405
-2.2278196584776704,-1.035989154912762,-1.0191660001445038,-0.19811164308582357,-0.08275974295643285,vorhergesagt schwer+e,4.623437673521651
-0.7616233126334242,-2.098664302820193,-1.419558458346628,-0.238673532521042,-0.12311815260623965,schwer+e gewitter,6.391653281929577
0.1360525683399576,-2.7336331332709216,-1.5850202116069143,-0.25119187698067574,-0.14451046586826483,frühen,7.471686453258853
-2.4486379044757722,-0.8719605882840047,-0.939317856544163,-0.18976145479922046,-0.0755101308045511,gewitter früh+en,4.3564877224741325
-2.7146977682858706,-0.6734389103403688,-0.8348459832635776,-0.18006417102546124,-0.06567583959381079,früh+en morgen,4.03508886248506
-3.0399678858427976,-0.42897946522353125,-0.6938718434044913,-0.17026126689594567,-0.05121649876311435,morgen ibiza,3.6424847288853615
-2.9057677440045837,-0.5308435080157627,-0.7501911105524075,-0.1690656865704696,-0.05937631555216488,überzogen,3.8047708206042974
-2.9057677440045837,-0.5308435080157627,-0.7501911105524075,-0.1690656865704696,-0.05937631555216488,ibiza überzieh+en,3.8047708206042974
-3.194193522786335,-0.31325897174934747,-0.6153740887850756,-0.15902244382933034,-0.046067284617914234,Schaden,3.4569242560046485
-3.194193522786335,-0.31325897174934747,-0.6153740887850756,-0.15902244382933034,-0.046067284617914234,überzieh+en schaden,3.4569242560046485
-2.881159671970398,-0.5626879501836637,-0.7493207025227693,-0.15464667484225175,-0.0660890547077142,verursacht,3.8414003991887498
-2.881159671970398,-0.5626879501836637,-0.7493207025227693,-0.15464667484225175,-0.0660890547077142,schaden verursach+t,3.8414003991887498
-3.4955759580972687,-0.08263609886829171,-0.4598199543272474,-0.15350711338555167,-0.028222938788270587,starke,3.0933057623232747
-3.4955759580972687,-0.08263609886829171,-0.4598199543272474,-0.15350711338555167,-0.028222938788270587,der stark+e,3.0933057623232747
-3.5490151950703197,-0.04175540569283398,-0.42975652178004087,-0.15225954480065096,-0.024901938710142995,stark+e regen,3.0290243367177974
-3.6296980177013114,0.019990598208056154,-0.3828248451005,-0.1502449286351824,-0.019773700302407493,kurzer,2.9320778609856006
-3.6296980177013114,0.019990598208056154,-0.3828248451005,-0.1502449286351824,-0.019773700302407493,regen kurz+er,2.9320778609856006
-3.665907648651079,0.04771182714901334,-0.3611371069838789,-0.14929275689630728,-0.017423549617137657,Zeit,2.8886123572497047
-3.665907648651079,0.04771182714901334,-0.3611371069838789,-0.14929275689630728,-0.017423549617137657,kurz+er zeit,2.8886123572497047
-3.710665477595196,0.0820971202956533,-0.33317257195150496,-0.14730313401120537,-0.014761106129118566,zeit überschwemmung+en,2.8348595804282724
-2.646472883140425,-0.7251383259363733,-0.8647238613199223,-0.18534794300065627,-0.06726081864556482,geführt,4.1178700774785755
-3.7231050623202537,0.09170623569833958,-0.32470054618776073,-0.14598052785479898,-0.01429540954811806,überschwemmung+en ge+führ+t,2.81989466787523
-3.7039129362214203,0.07697300910335936,-0.33615475810344464,-0.14594623202706786,-0.01578373572654393,Bäume,2.8429181991199695
-3.7039129362214203,0.07697300910335936,-0.33615475810344464,-0.14594623202706786,-0.01578373572654393,ge+führ+t baum+e,2.8429181991199695
-0.18195547008403867,-2.3077970394128555,-0.841435726889494,0.7675516100045822,-0.1088108948653213,wurden,7.020281695723123
-3.6833079383527845,0.06110678941418368,-0.34834304062319227,-0.1459213157068951,-0.017363687170294545,baum+e werd+en,2.8676722103259777
-4.028898478404366,0.32653808379445803,-0.11469935060701864,-0.13189511287292444,0.005811911710188106,entwurzelt,2.4542358644238313
-4.028898478404366,0.32653808379445803,-0.11469935060701864,-0.13189511287292444,0.005811911710188106,werd+en entwurzel+t,2.4542358644238313
-3.962963155390497,0.27570276690187545,-0.16178628671458672,-0.1336286009571811,0.0006741574537759004,Flughafenstraße,2.5329409010743653
-3.962963155390497,0.27570276690187545,-0.16178628671458672,-0.1336286009571811,0.0006741574537759004,entwurzel+t flug+hafen+straße,2.5329409010743653
-3.99548907173148,0.30066456658930374,-0.1425876366800468,-0.13773950121175083,0.0050327980128985345,flug+hafen+straße zeitweise,2.4942018115583693
-3.972966033399921,0.2829815953082926,-0.15979293065154385,-0.13987607304804522,0.003860826271401656,gesperrt,2.521274056239008
-3.972966033399921,0.2829815953082926,-0.15979293065154385,-0.13987607304804522,0.003860826271401656,zeitweise ge+sperr+t,2.521274056239008
-3.9101700274319025,0.23418851212746628,-0.2050169082503901,-0.14362970824479093,-0.00010892862158921879,Flugha…,2.5965529714110778
-3.9101700274319025,0.23418851212746628,-0.2050169082503901,-0.14362970824479093,-0.00010892862158921879,der flugha…,2.5965529714110778
-3.8518286238650012,0.18904225208027414,-0.24528568877595464,-0.14650279710250225,-0.0038819374332229734,flugha… wie,2.6664942806951295
-4.24857184140098,0.49320974843760035,0.05162713631227994,-0.13001517968918253,0.025793345913667838,entwurzel…,2.1945127850863155
-4.24857184140098,0.49320974843760035,0.05162713631227994,-0.13001517968918253,0.025793345913667838,werd+en entwurzel…,2.1945127850863155
-4.263682599346065,0.5046240149051364,0.06415231155333095,-0.12949265266887366,0.027110063788900178,+506,2.1767355513970372
-4.263682599346065,0.5046240149051364,0.06415231155333095,-0.12949265266887366,0.027110063788900178,entwurzel… +506,2.1767355513970372
-4.269504901752679,0.5090190275397815,0.06900888215079476,-0.12928894791437212,0.027619777663657315,+506 chars,2.169889787638552
-4.6733926565997965,0.8062517699493595,0.4519749169037116,-0.11240506718028888,0.06694593184878023,Asbestgefahr,1.7026845739736833
-4.6733926565997965,0.8062517699493595,0.4519749169037116,-0.11240506718028888,0.06694593184878023,Hagelschäden,1.7026845739736833
-4.6733926565997965,0.8062517699493595,0.4519749169037116,-0.11240506718028888,0.06694593184878023,asbest+gefahr hagel+schaden,1.7026845739736833
-4.6733926565997965,0.8062517699493595,0.4519749169037116,-0.11240506718028888,0.06694593184878023,größer,1.7026845739736833
-4.6733926565997965,0.8062517699493595,0.4519749169037116,-0.11240506718028888,0.06694593184878023,hagel+schaden groß+er,1.7026845739736833
-3.9153641836284248,0.23942771482725056,-0.19705287932284865,-0.13791392796634766,-0.0017873763375926138,vermutet,2.5896484261266886
-4.6733926565997965,0.8062517699493595,0.4519749169037116,-0.11240506718028888,0.06694593184878023,groß+er vermut+et,1.7026845739736833
-4.6733926565997965,0.8062517699493595,0.4519749169037116,-0.11240506718028888,0.06694593184878023,vermut+et der,1.7026845739736833
-4.6733926565997965,0.8062517699493595,0.4519749169037116,-0.11240506718028888,0.06694593184878023,Zuge,1.7026845739736833
-4.6733926565997965,0.8062517699493595,0.4519749169037116,-0.11240506718028888,0.06694593184878023,der zug+e,1.7026845739736833
-4.6733926565997965,0.8062517699493595,0.4519749169037116,-0.11240506718028888,0.06694593184878023,Klimawandels,1.7026845739736833
-4.6733926565997965,0.8062517699493595,0.4519749169037116,-0.11240506718028888,0.06694593184878023,zug+e klima+wandel+s,1.7026845739736833
-4.6733926565997965,0.8062517699493595,0.4519749169037116,-0.11240506718028888,0.06694593184878023,klima+wandel+s immer,1.7026845739736833
-4.6733926565997965,0.8062517699493595,0.4519749169037116,-0.11240506718028888,0.06694593184878023,häufiger,1.7026845739736833
-4.6733926565997965,0.8062517699493595,0.4519749169037116,-0.11240506718028888,0.06694593184878023,immer häufig+er,1.7026845739736833
-4.6733926565997965,0.8062517699493595,0.4519749169037116,-0.11240506718028888,0.06694593184878023,auftretenden,1.7026845739736833
-4.6733926565997965,0.8062517699493595,0.4519749169037116,-0.11240506718028888,0.06694593184878023,häufig+er auf+tret+end+en,1.7026845739736833
-4.6733926565997965,0.8062517699493595,0.4519749169037116,-0.11240506718028888,0.06694593184878023,Hagelunwetter,1.7026845739736833
-4.6733926565997965,0.8062517699493595,0.4519749169037116,-0.11240506718028888,0.06694593184878023,auf+tret+end+en hagel+unwetter,1.7026845739736833
-4.6733926565997965,0.8062517699493595,0.4519749169037116,-0.11240506718028888,0.06694593184878023,bergen,1.7026845739736833
-4.6733926565997965,0.8062517699493595,0.4519749169037116,-0.11240506718028888,0.06694593184878023,hagel+unwetter berg+en,1.7026845739736833
-2.124600799810461,-0.9892831738267871,-0.39443220048588046,0.752833363630404,-0.059189570682779746,Gefahr,4.719481115847859
-4.6733926565997965,0.8062517699493595,0.4519749169037116,-0.11240506718028888,0.06694593184878023,berg+en gefahr,1.7026845739736833
-4.6733926565997965,0.8062517699493595,0.4519749169037116,-0.11240506718028888,0.06694593184878023,steigender,1.7026845739736833
-4.6733926565997965,0.8062517699493595,0.4519749169037116,-0.11240506718028888,0.06694593184878023,gefahr steig+end+er,1.7026845739736833
-4.6733926565997965,0.8062517699493595,0.4519749169037116,-0.11240506718028888,0.06694593184878023,Asbest-Freisetzung,1.7026845739736833
-4.6733926565997965,0.8062517699493595,0.4519749169037116,-0.11240506718028888,0.06694593184878023,steig+end+er asbest+-+freisetzung,1.7026845739736833
-4.6733926565997965,0.8062517699493595,0.4519749169037116,-0.11240506718028888,0.06694593184878023,Darauf,1.7026845739736833
-3.403161621808834,-0.19372958487381675,0.24346597837155992,0.934882696663426,-0.014669255675658577,machte,3.266018001640643
-4.6733926565997965,0.8062517699493595,0.4519749169037116,-0.11240506718028888,0.06694593184878023,darauf mach+te,1.7026845739736833
-4.6733926565997965,0.8062517699493595,0.4519749169037116,-0.11240506718028888,0.06694593184878023,Elementarschaden,1.7026845739736833
-4.6733926565997965,0.8062517699493595,0.4519749169037116,-0.11240506718028888,0.06694593184878023,mach+te elementarschad+en,1.7026845739736833
-4.6733926565997965,0.8062517699493595,0.4519749169037116,-0.11240506718028888,0.06694593184878023,Präventionszentrum,1.7026845739736833
-4.6733926565997965,0.8062517699493595,0.4519749169037116,-0.11240506718028888,0.06694593184878023,elementarschad+en prävention+s+zentrum,1.7026845739736833
-4.6733926565997965,0.8062517699493595,0.4519749169037116,-0.11240506718028888,0.06694593184878023,EPZ,1.7026845739736833
-4.6733926565997965,0.8062517699493595,0.4519749169037116,-0.11240506718028888,0.06694593184878023,prävention+s+zentrum epz,1.7026845739736833
-4.6733926565997965,0.8062517699493595,0.4519749169037116,-0.11240506718028888,0.06694593184878023,Plattform,1.7026845739736833
-4.6733926565997965,0.8062517699493595,0.4519749169037116,-0.11240506718028888,0.06694593184878023,epz plattform,1.7026845739736833
-4.4869786409276085,0.6549377001805409,0.5166559271879846,0.25720110744763963,0.05347361319721362,österreichischen,1.9380752231439242
-4.6733926565997965,0.8062517699493595,0.4519749169037116,-0.11240506718028888,0.06694593184878023,plattform österreichisch+en,1.7026845739736833
-4.6733926565997965,0.8062517699493595,0.4519749169037116,-0.11240506718028888,0.06694593184878023,Brandverhütungsstellen,1.7026845739736833
-4.6733926565997965,0.8062517699493595,0.4519749169037116,-0.11240506718028888,0.06694593184878023,österreichisch+en brand+verhütung+s+stelle+n,1.7026845739736833
-4.6733926565997965,0.8062517699493595,0.4519749169037116,-0.11240506718028888,0.06694593184878023,Pres…,1.7026845739736833
-4.6733926565997965,0.8062517699493595,0.4519749169037116,-0.11240506718028888,0.06694593184878023,brand+verhütung+s+stelle+n pres…,1.7026845739736833
-4.6733926565997965,0.8062517699493595,0.4519749169037116,-0.11240506718028888,0.06694593184878023,Hagelkörner,1.7026845739736833
-4.6733926565997965,0.8062517699493595,0.4519749169037116,-0.11240506718028888,0.06694593184878023,pres… hagel+korn+er,1.7026845739736833
-4.6733926565997965,0.8062517699493595,0.4519749169037116,-0.11240506718028888,0.06694593184878023,Durchmesser,1.7026845739736833
-4.6733926565997965,0.8062517699493595,0.4519749169037116,-0.11240506718028888,0.06694593184878023,hagel+korn+er durchmesser,1.7026845739736833
-4.6733926565997965,0.8062517699493595,0.4519749169037116,-0.11240506718028888,0.06694593184878023,vier,1.7026845739736833
-4.6733926565997965,0.8062517699493595,0.4519749169037116,-0.11240506718028888,0.06694593184878023,durchmesser vier,1.7026845739736833
-4.6733926565997965,0.8062517699493595,0.4519749169037116,-0.11240506718028888,0.06694593184878023,fünf,1.7026845739736833
-4.6733926565997965,0.8062517699493595,0.4519749169037116,-0.11240506718028888,0.06694593184878023,vier fünf,1.7026845739736833
-4.6733926565997965,0.8062517699493595,0.4519749169037116,-0.11240506718028888,0.06694593184878023,Zentimetern,1.7026845739736833
-4.6733926565997965,0.8062517699493595,0.4519749169037116,-0.11240506718028888,0.06694593184878023,fünf zentimeter+n,1.7026845739736833
-4.6733926565997965,0.8062517699493595,0.4519749169037116,-0.11240506718028888,0.06694593184878023,Seltenheit,1.7026845739736833
-4.6733926565997965,0.8062517699493595,0.4519749169037116,-0.11240506718028888,0.06694593184878023,zentimeter+n seltenheit,1.7026845739736833
-1.5464735299783614,-1.2825859143231395,0.27568203955808557,-0.43707443939470036,-1.1967636470178071,mehr,5.4269900025909
-4.6733926565997965,0.8062517699493595,0.4519749169037116,-0.11240506718028888,0.06694593184878023,seltenheit mehr,1.7026845739736833
-4.6733926565997965,0.8062517699493595,0.4519749169037116,-0.11240506718028888,0.06694593184878023,Gegenden,1.7026845739736833
-4.6733926565997965,0.8062517699493595,0.4519749169037116,-0.11240506718028888,0.06694593184878023,mehr gegend+en,1.7026845739736833
-4.19993285900383,0.45710499040691044,0.013459185838224308,-0.12997807713176013,0.02100725016882448,treten,2.2514520705122285
-4.6733926565997965,0.8062517699493595,0.4519749169037116,-0.11240506718028888,0.06694593184878023,gegend+en tret+en,1.7026845739736833
-4.6733926565997965,0.8062517699493595,0.4519749169037116,-0.11240506718028888,0.06694593184878023,tret+en durchmesser,1.7026845739736833
-4.6733926565997965,0.8062517699493595,0.4519749169037116,-0.11240506718028888,0.06694593184878023,sieben,1.7026845739736833
-4.6733926565997965,0.8062517699493595,0.4519749169037116,-0.11240506718028888,0.06694593184878023,durchmesser sieben,1.7026845739736833
-4.6733926565997965,0.8062517699493595,0.4519749169037116,-0.11240506718028888,0.06694593184878023,sieben zentimeter+n,1.7026845739736833
-4.6733926565997965,0.8062517699493595,0.4519749169037116,-0.11240506718028888,0.06694593184878023,EPZ-Bereichsleiter,1.7026845739736833
-4.6733926565997965,0.8062517699493595,0.4519749169037116,-0.11240506718028888,0.06694593184878023,zentimeter+n epz-bereichsleiter,1.7026845739736833
-4.6733926565997965,0.8062517699493595,0.4519749169037116,-0.11240506718028888,0.06694593184878023,Michael,1.7026845739736833
-4.6733926565997965,0.8062517699493595,0.4519749169037116,-0.11240506718028888,0.06694593184878023,epz-bereichsleiter michael,1.7026845739736833
-4.6733926565997965,0.8062517699493595,0.4519749169037116,-0.11240506718028888,0.06694593184878023,Stu…,1.7026845739736833
-4.6733926565997965,0.8062517699493595,0.4519749169037116,-0.11240506718028888,0.06694593184878023,michael stu…,1.7026845739736833
-4.6733926565997965,0.8062517699493595,0.4519749169037116,-0.11240506718028888,0.06694593184878023,+1762,1.7026845739736833
-4.6733926565997965,0.8062517699493595,0.4519749169037116,-0.11240506718028888,0.06694593184878023,stu… +1762,1.7026845739736833
-4.6733926565997965,0.8062517699493595,0.4519749169037116,-0.11240506718028888,0.06694593184878023,+1762 chars,1.7026845739736833
-4.356548243502921,0.5699366913540693,0.15842174437365159,-0.10576548136848878,0.027753515890456958,CSU,2.06999282040419
-4.356548243502921,0.5699366913540693,0.15842174437365159,-0.10576548136848878,0.027753515890456958,cdu csu,2.06999282040419
-4.421211287035653,0.6225246819693792,0.2143372775887507,-0.10715427267037013,0.03530410486816755,csu baden-württemberg,1.9923930751773082
-0.6655544276482415,-2.1716190016069916,-1.4265727417754195,-0.22390282187992877,-0.13158003612883445,Bayern,6.509606131454758
-4.356548243502921,0.5699366913540693,0.15842174437365159,-0.10576548136848878,0.027753515890456958,baden-württemberg bayern,2.06999282040419
-4.4810251975675,0.6695600901715791,0.2679001618639594,-0.10843990153852177,0.04250141689866652,Südschiene,1.9216175360377563
-4.4810251975675,0.6695600901715791,0.2679001618639594,-0.10843990153852177,0.04250141689866652,bayern süd+schiene,1.9216175360377563
-4.513829247560952,0.6945837094049753,0.29802825394281107,-0.10914065102326863,0.04653385312445941,reloaded,1.8832728340615592
-4.513829247560952,0.6945837094049753,0.29802825394281107,-0.10914065102326863,0.04653385312445941,süd+schiene reloaded,1.8832728340615592
-4.491959386250559,0.677966135224982,0.2778833240115569,-0.10867400348539476,0.043838886903005865,reloaded der,1.9087971458296233
-4.29601986867414,0.5193703742639437,0.10793119831191389,-0.10447789491345859,0.02090423033149983,Parteichefs,2.1434953092615565
-4.29601986867414,0.5193703742639437,0.10793119831191389,-0.10447789491345859,0.02090423033149983,der partei+chef+s,2.1434953092615565
-2.9189436934671957,-0.7114725336355723,-0.6805337254439243,-0.08507255482384123,-0.08942106724222754,Söder,3.888991785290692
-4.130144339297035,0.3759947879500487,-0.021622071228309808,-0.10107411770626261,0.0032011695326656445,partei+chef+s söder,2.3482094461656327
-3.6827635757787505,-0.02636246582664059,-0.31496795529989985,-0.09330292069275574,-0.03751448301340855,söder hagel,2.9133975135766277
-4.20811330658379,0.4441157994549194,0.03770493317443818,-0.1026466030682076,0.01133039888737395,betonen,2.251466694932588
-4.20811330658379,0.4441157994549194,0.03770493317443818,-0.1026466030682076,0.01133039888737395,hagel beton+en,2.251466694932588
-4.324266894916676,0.5431128392257081,0.13127347856035532,-0.10507666929383803,0.024074334981085237,Bedeutung,2.1090986358597696
-4.324266894916676,0.5431128392257081,0.13127347856035532,-0.10507666929383803,0.024074334981085237,beton+en bedeutung,2.1090986358597696
-4.388034546552227,0.5957472876539254,0.1853915254042927,-0.10644072743084661,0.03140002958103077,Nachbarländer,2.0320778175191525
-4.388034546552227,0.5957472876539254,0.1853915254042927,-0.10644072743084661,0.03140002958103077,bedeutung nachbar+land+er,2.0320778175191525
-4.427805760536091,0.6277919100194802,0.22015559758068554,-0.10729619579453974,0.03608763413206926,Ohne,1.9845396731735256
-4.444803742134534,0.6412790666424993,0.2352523037957625,-0.10766195333265367,0.03811871494504624,ohne süden,1.9643524121163423
-4.3394233228012045,0.5557500759276888,0.14395682342571142,-0.10539954566934805,0.025794259063679985,wäre,2.090709919094291
-4.454315368926494,0.6487677362697696,0.24376253249263524,-0.10786650014881143,0.03926242565916147,süden sei,1.9530922501397354
-4.4613773550222815,0.6542996978491085,0.2501100439688658,-0.10801827182634503,0.04011489710833042,sei deutschland,1.9447493131992455
-4.475832991060463,0.6655464223761904,0.26318028655512193,-0.10832858761427332,0.04186864146763839,pleite,1.927718770604205
-4.475832991060463,0.6655464223761904,0.26318028655512193,-0.10832858761427332,0.04186864146763839,deutschland pleite,1.927718770604205
-4.483946922488536,0.6718124641697021,0.27056196983687786,-0.10850249955273215,0.0428581504516149,pleite sag+t,1.9181880411346839
-4.302482408746411,0.5248232941897288,0.11323780936613487,-0.10461451382850427,0.021625458498486384,Bayer,2.1356118774908808
-4.491959386250559,0.677966135224982,0.2778833240115569,-0.10867400348539476,0.043838886903005865,sag+t bayer,1.9087971458296233
-3.876005035296583,0.20787559768428743,-0.2202189114919722,-0.13421192234759521,-0.006466478404878705,Blick,2.6373365269899804
-4.500475642258365,0.6844687403769256,0.2856998167316197,-0.10885599687374779,0.044885191425075056,mit blick,1.898838770199759
-4.589091126757088,0.7495492645580752,0.3691415801627458,-0.11072027164975727,0.056004264281295686,blick land+tag+s+wahl,1.7967574718968402
-4.180495608406315,0.42011345451507065,0.016379095702952484,-0.10208343940488272,0.008412519413691345,Südwesten,2.285640714852902
-4.583369447168768,0.7455025592300744,0.3636392469380748,-0.11060211700574434,0.055273959885687264,land+tag+s+wahl süd+westen,1.803256966110451
-4.572599366397243,0.7378231057384135,0.35332446698044273,-0.11037869433803395,0.053903785230876335,Wunsch,1.8155275459303226
-4.572599366397243,0.7378231057384135,0.35332446698044273,-0.11037869433803395,0.053903785230876335,süd+westen wunsch,1.8155275459303226
-4.2258205854667334,0.47749344366251356,0.03726688581565496,-0.12552496324538992,0.02189332643377282,di…,2.220492187943533
-4.5884356130276185,0.7490868277625204,0.36851040586460815,-0.11070675489478764,0.055920512283168224,blick di…,1.7975014078715885
-4.59004630488454,0.7502225513180265,0.37006165780932654,-0.11073995816554795,0.05612634156892916,+2304,1.7956737709099935
-4.59004630488454,0.7502225513180265,0.37006165780932654,-0.11073995816554795,0.05612634156892916,di… +2304,1.7956737709099935
-4.591862326224582,0.75150082380085,0.3718121396606847,-0.1107773560766487,0.056358565434831705,+2304 chars,1.7936144503120457
-4.312940733923685,0.5432895922659873,0.10856614529742387,-0.12447604608876693,0.030282867265143933,Treffen,2.1180714736422335
-4.619714554654028,0.7708005067588143,0.39885387249209014,-0.11134545145840317,0.05994049691204723,treffen söder,1.7622080797581194
-4.619125435547622,0.7703983782366678,0.39827814255234195,-0.11133354945387731,0.05986434476367145,söder cdu+-+land+es+chef,1.7628688462864806
-4.617138507292752,0.7690401292698839,0.39633755969945406,-0.11129336889277112,0.05960762757006522,Syrer,1.765098567857875
-4.617138507292752,0.7690401292698839,0.39633755969945406,-0.11129336889277112,0.05960762757006522,hagel syrer,1.765098567857875
-4.616557365439017,0.7686422877690604,0.3957703196838117,-0.11128160562154583,0.05953257790164344,syrer soll+ten,1.7657510562054584
-4.559970513075458,0.7287175504472534,0.34130048706029903,-0.11011515114514468,0.05230472052111402,Heimat,1.8299749831988392
-4.615753545172111,0.7680915743986793,0.3949859868990565,-0.11126532671208923,0.05942879779184427,soll+ten heimat,1.766653809324855
-4.615021308351496,0.7675894713048543,0.3942717637828729,-0.11125048920132276,0.05933428666657815,wiederaufbauen,1.7674764190087213
-4.615021308351496,0.7675894713048543,0.3942717637828729,-0.11125048920132276,0.05933428666657815,heimat wiederaufbau+en,1.7674764190087213
-4.613352655540606,0.766443719412242,0.39264509427487315,-0.1112166474824386,0.05911900680987751,Nagold,1.769351906940956
-4.613352655540606,0.766443719412242,0.39264509427487315,-0.1112166474824386,0.05911900680987751,wiederaufbau+en nagold,1.769351906940956
-4.611403648519779,0.7651027714267999,0.39074676823701804,-0.11117706878414284,0.05886772698540627,nagold debatte,1.771544060058757
-4.387409323258935,0.5952383970378619,0.18485124895886168,-0.10642729539392683,0.03132706429281023,Rückführung,2.0328283778642002
-4.609391358992876,0.7637152520704925,0.3887886668767351,-0.11113614792480477,0.058608480830602695,debatte rückführung,1.773809146271247
-4.607011152315128,0.7620700916722659,0.3864750019660276,-0.11108767154569159,0.05830208880901314,Syrern,1.7764906610104716
-4.607011152315128,0.7620700916722659,0.3864750019660276,-0.11108767154569159,0.05830208880901314,rückführung syrer+n,1.7764906610104716
-4.605210435769756,0.7608226344307534,0.38472639127921193,-0.11105094499684838,0.058070474787441546,syrer+n deutschland,1.7785209702644371
-4.615753545172111,0.7680915743986793,0.3949859868990565,-0.11126532671208923,0.05942879779184427,deutschland heimat,1.766653809324855
-4.538232201186613,0.712799970796478,0.32078428754308674,-0.10965805699945398,0.049571751808257326,baden-württembergische,1.8549876324142258
-4.598317009210418,0.7560248621273125,0.3780465228617823,-0.11090994435110844,0.05718528704388041,heimat baden-württembergisch+e,1.7863062670367111
-4.619125435547622,0.7703983782366678,0.39827814255234195,-0.11133354945387731,0.05986434476367145,baden-württembergisch+e cdu+-+land+es+chef,1.7628688462864806
-4.58776441736366,0.7486130101373585,0.3678643436193475,-0.11069290939866099,0.05583477900648227,cdu+-+land+es+chef manuel,1.7982633266325836
-4.579584263569078,0.7428127677376779,0.36000775329288826,-0.11052374178380796,0.054791734488345574,hagel kopier+e,1.807564129979812
-4.538219240863957,0.7127903917071002,0.3207721244772118,-0.10965778331599706,0.04957012988728258,Trümmerfrauen,1.8550025976669944
-4.538219240863957,0.7127903917071002,0.3207721244772118,-0.10965778331599706,0.04957012988728258,hin+zu+füg+en trümmer+frau+en,1.8550025976669944
-4.503963014529131,0.6871200057469559,0.288910976258026,-0.10893042508842156,0.04531480438769273,Vorbild,1.8947678099329828
-4.503963014529131,0.6871200057469559,0.288910976258026,-0.10893042508842156,0.04531480438769273,trümmer+frau+en vorbild,1.8947678099329828
-4.457225858446887,0.6510505839928761,0.2463755662184185,-0.10792906195692513,0.03961341722108195,Syrien,1.9496520344937647
-4.457225858446887,0.6510505839928761,0.2463755662184185,-0.10792906195692513,0.03961341722108195,vorbild syrien,1.9496520344937647
-4.356548243502921,0.5699366913540693,0.15842174437365159,-0.10576548136848878,0.027753515890456958,hagel söder,2.06999282040419
-1.370783047885423,-1.5410295951033688,-0.3284246528496458,1.1412997851627835,-0.08098635755143663,sprechen,5.644635428865299
-4.42988874542605,0.6294516803327133,0.2219978961433829,-0.10734102442851777,0.036335642937399555,söder sprech+en,1.9820615119153193
-4.444803742134534,0.6412790666424993,0.2352523037957625,-0.10766195333265367,0.03811871494504624,sprech+en rückführung,1.9643524121163423
-4.356548243502921,0.5699366913540693,0.15842174437365159,-0.10576548136848878,0.027753515890456958,Verantwortung,2.06999282040419
-4.356548243502921,0.5699366913540693,0.15842174437365159,-0.10576548136848878,0.027753515890456958,rückführung verantwortung,2.06999282040419
-4.5011906690037975,0.6850128883410457,0.28635772148478267,-0.10887126194992662,0.04497322170365665,spielen,1.8980037566580967
-4.5011906690037975,0.6850128883410457,0.28635772148478267,-0.10887126194992662,0.04497322170365665,dabei spiel+en,1.8980037566580967
-4.529237218436715,0.7061269222818352,0.31236238539472905,-0.1094678098112996,0.04844823671791205,christliche,1.8653888551010067
-4.529237218436715,0.7061269222818352,0.31236238539472905,-0.1094678098112996,0.04844823671791205,spiel+en christlich+e,1.8653888551010067
-4.545689082188121,0.7182940604877659,0.3277960465632216,-0.10981530495333565,0.05050642703758405,Werte,1.8463874935624132
-4.545689082188121,0.7182940604877659,0.3277960465632216,-0.10981530495333565,0.05050642703758405,christlich+e wert+e,1.8463874935624132
-4.556641474257837,0.7262996178192203,0.33814372336451115,-0.11004542014119321,0.0518845769121501,Roll…,1.8337938062482793
-4.556641474257837,0.7262996178192203,0.33814372336451115,-0.11004542014119321,0.0518845769121501,wert+e roll…,1.8337938062482793
-4.562286391569751,0.7303953068846879,0.3434996828937571,-0.11016359831693671,0.05259733835277881,+1161,1.8273209175780973
-4.562286391569751,0.7303953068846879,0.3434996828937571,-0.11016359831693671,0.05259733835277881,roll… +1161,1.8273209175780973
-4.566517757356784,0.7334515501123294,0.3475245464129544,-0.11025198152293934,0.05313270279447891,+1161 chars,1.8224770653313183
-4.6733926565997965,0.8062517699493595,0.4519749169037116,-0.11240506718028888,0.06694593184878023,wiederaufbau+en hier,1.7026845739736833
-4.6733926565997965,0.8062517699493595,0.4519749169037116,-0.11240506718028888,0.06694593184878023,thema treffen,1.7026845739736833
-4.6733926565997965,0.8062517699493595,0.4519749169037116,-0.11240506718028888,0.06694593184878023,sie cdu+-+land+es+chef,1.7026845739736833
-2.659086522906853,-0.7160233696707277,-0.8602651812416823,-0.18570422692595767,-0.06647509899071191,deutsche,4.102808065705065
-4.6733926565997965,0.8062517699493595,0.4519749169037116,-0.11240506718028888,0.06694593184878023,hagel deutsch+e,1.7026845739736833
-4.6733926565997965,0.8062517699493595,0.4519749169037116,-0.11240506718028888,0.06694593184878023,Nachkriegszeit,1.7026845739736833
-4.6733926565997965,0.8062517699493595,0.4519749169037116,-0.11240506718028888,0.06694593184878023,deutsch+e nachkriegszeit,1.7026845739736833
-4.6733926565997965,0.8062517699493595,0.4519749169037116,-0.11240506718028888,0.06694593184878023,verwiesen,1.7026845739736833
-4.6733926565997965,0.8062517699493595,0.4519749169037116,-0.11240506718028888,0.06694593184878023,nachkriegszeit verweis+en,1.7026845739736833
-2.1933813000963633,-0.9509567539064752,-0.2889449800532424,0.871811422132186,-0.05537977097089969,Wer,4.647307653900337
-4.6733926565997965,0.8062517699493595,0.4519749169037116,-0.11240506718028888,0.06694593184878023,dieses…,1.7026845739736833
-4.6733926565997965,0.8062517699493595,0.4519749169037116,-0.11240506718028888,0.06694593184878023,wer dieses…,1.7026845739736833
-4.6733926565997965,0.8062517699493595,0.4519749169037116,-0.11240506718028888,0.06694593184878023,+998,1.7026845739736833
-4.6733926565997965,0.8062517699493595,0.4519749169037116,-0.11240506718028888,0.06694593184878023,dieses… +998,1.7026845739736833
-4.6733926565997965,0.8062517699493595,0.4519749169037116,-0.11240506718028888,0.06694593184878023,+998 char+s,1.7026845739736833
-4.6733926565997965,0.8062517699493595,0.4519749169037116,-0.11240506718028888,0.06694593184878023,deutsch+e vorbild,1.7026845739736833
-4.6733926565997965,0.8062517699493595,0.4519749169037116,-0.11240506718028888,0.06694593184878023,vorbild manuel,1.7026845739736833
-4.6733926565997965,0.8062517699493595,0.4519749169037116,-0.11240506718028888,0.06694593184878023,fordert,1.7026845739736833
-4.6733926565997965,0.8062517699493595,0.4519749169037116,-0.11240506718028888,0.06694593184878023,hagel forder+t,1.7026845739736833
-4.6733926565997965,0.8062517699493595,0.4519749169037116,-0.11240506718028888,0.06694593184878023,forder+t syrer,1.7026845739736833
-4.6733926565997965,0.8062517699493595,0.4519749169037116,-0.11240506718028888,0.06694593184878023,Wiederaufbau,1.7026845739736833
-4.6733926565997965,0.8062517699493595,0.4519749169037116,-0.11240506718028888,0.06694593184878023,syrer wiederaufbau,1.7026845739736833
-4.6733926565997965,0.8062517699493595,0.4519749169037116,-0.11240506718028888,0.06694593184878023,wiederaufbau heimat,1.7026845739736833
-4.6733926565997965,0.8062517699493595,0.4519749169037116,-0.11240506718028888,0.06694593184878023,heimat der,1.7026845739736833
-4.6733926565997965,0.8062517699493595,0.4519749169037116,-0.11240506718028888,0.06694593184878023,der baden-württembergisch+e,1.7026845739736833
-4.6733926565997965,0.8062517699493595,0.4519749169037116,-0.11240506718028888,0.06694593184878023,verweist,1.7026845739736833
-4.6733926565997965,0.8062517699493595,0.4519749169037116,-0.11240506718028888,0.06694593184878023,hagel verweis+t,1.7026845739736833
-4.6733926565997965,0.8062517699493595,0.4519749169037116,-0.11240506718028888,0.06694593184878023,verweis+t debatte,1.7026845739736833
-4.6733926565997965,0.8062517699493595,0.4519749169037116,-0.11240506718028888,0.06694593184878023,Rückführungen,1.7026845739736833
-4.6733926565997965,0.8062517699493595,0.4519749169037116,-0.11240506718028888,0.06694593184878023,debatte rückführung+en,1.7026845739736833
-4.6733926565997965,0.8062517699493595,0.4519749169037116,-0.11240506718028888,0.06694593184878023,rückführung+en syrien,1.7026845739736833
-4.6733926565997965,0.8062517699493595,0.4519749169037116,-0.11240506718028888,0.06694593184878023,syrien wiederaufbau,1.7026845739736833
-4.088468407858976,0.36633085341767324,-0.0626984561184295,-0.11878791123882408,0.006242231389883925,Deutschlands,2.386326515394267
-4.6733926565997965,0.8062517699493595,0.4519749169037116,-0.11240506718028888,0.06694593184878023,wiederaufbau deutschland+s,1.7026845739736833
-4.6733926565997965,0.8062517699493595,0.4519749169037116,-0.11240506718028888,0.06694593184878023,1945,1.7026845739736833
-4.6733926565997965,0.8062517699493595,0.4519749169037116,-0.11240506718028888,0.06694593184878023,deutschland+s 1945,1.7026845739736833
-4.6733926565997965,0.8062517699493595,0.4519749169037116,-0.11240506718028888,0.06694593184878023,wer syrien,1.7026845739736833
-4.6733926565997965,0.8062517699493595,0.4519749169037116,-0.11240506718028888,0.06694593184878023,aufbauen,1.7026845739736833
-4.6733926565997965,0.8062517699493595,0.4519749169037116,-0.11240506718028888,0.06694593184878023,syrien auf+bau+en,1.7026845739736833
-4.6733926565997965,0.8062517699493595,0.4519749169037116,-0.11240506718028888,0.06694593184878023,eigenen,1.7026845739736833
-4.6733926565997965,0.8062517699493595,0.4519749169037116,-0.11240506718028888,0.06694593184878023,auf+bau+en eigen+en,1.7026845739736833
-4.6733926565997965,0.8062517699493595,0.4519749169037116,-0.11240506718028888,0.06694593184878023,Staatsbürger,1.7026845739736833
-4.6733926565997965,0.8062517699493595,0.4519749169037116,-0.11240506718028888,0.06694593184878023,eigen+en staat+s+bürger,1.7026845739736833
-4.6733926565997965,0.8062517699493595,0.4519749169037116,-0.11240506718028888,0.06694593184878023,fragte,1.7026845739736833
-4.6733926565997965,0.8062517699493595,0.4519749169037116,-0.11240506718028888,0.06694593184878023,staat+s+bürger frag+te,1.7026845739736833
-4.6733926565997965,0.8062517699493595,0.4519749169037116,-0.11240506718028888,0.06694593184878023,Auftri…,1.7026845739736833
-4.6733926565997965,0.8062517699493595,0.4519749169037116,-0.11240506718028888,0.06694593184878023,frag+te auftri…,1.7026845739736833
-4.6733926565997965,0.8062517699493595,0.4519749169037116,-0.11240506718028888,0.06694593184878023,auftri… der,1.7026845739736833
-4.6733926565997965,0.8062517699493595,0.4519749169037116,-0.11240506718028888,0.06694593184878023,wenns,1.7026845739736833
-4.6733926565997965,0.8062517699493595,0.4519749169037116,-0.11240506718028888,0.06694593184878023,auf+bau+en wenn+s,1.7026845739736833
-4.6733926565997965,0.8062517699493595,0.4519749169037116,-0.11240506718028888,0.06694593184878023,+1234,1.7026845739736833
-4.6733926565997965,0.8062517699493595,0.4519749169037116,-0.11240506718028888,0.06694593184878023,wenn+s +1234,1.7026845739736833
-4.6733926565997965,0.8062517699493595,0.4519749169037116,-0.11240506718028888,0.06694593184878023,+1234 chars,1.7026845739736833
-4.569388827165556,0.7355184398957931,0.35026041592684487,-0.11031184908450241,0.05349648612419867,Unvereinbarkeit,1.8191944305748322
-4.619210791317392,0.7704566581935145,0.3983615484336961,-0.11133527422634883,0.05987537720574702,unvereinbarkeit hagel,1.7627731000740012
-4.550306706012863,0.7216786604580501,0.33215161164715956,-0.10991245101779666,0.051086696660675286,schwört,1.8410723339463075
-4.550306706012863,0.7216786604580501,0.33215161164715956,-0.10991245101779666,0.051086696660675286,hagel schwör+t,1.8410723339463075
-4.548100549667025,0.7200632976824008,0.330069364809915,-0.10986606021334398,0.0508093214183511,schwör+t cdu,1.8436107486595201
-4.380282066134659,0.5894266137168933,0.17870593951898522,-0.10627423398669193,0.030496886213743614,Kampf,2.0413912003631154
-4.546061280150822,0.7185673740099445,0.32814673715803366,-0.10982314194631125,0.05055315718923518,cdu kampf,1.845958774346589
-4.54096148256413,0.7148148853512879,0.3233475037429252,-0.1097156623350251,0.04991350761363184,kampf afd,1.8518375167856607
-4.614914393463938,0.7675161240681753,0.39416749998267286,-0.11124832209644787,0.059320489121029225,afd hier,1.7675965493059622
-4.620602539728724,0.7714061285836425,0.39972197995657655,-0.11136338151264515,0.06005531298723949,thema unvereinbarkeit,1.7612123946319715
-4.60398459395352,0.7599720368814304,0.3835368914693743,-0.11102591786042422,0.057912893561548835,sie hagel,1.7799039133570584
-4.418250632023299,0.620153754199456,0.21173208702734442,-0.10709055731148011,0.034953141239018166,cdu+-+spitze+n+kandidat manuel,1.995922778723585
-4.580467031562552,0.7434409682037404,0.36085406608729154,-0.11054203479459489,0.05490413255953306,AfD-Wählern,1.8065591031704056
-4.580467031562552,0.7434409682037404,0.36085406608729154,-0.11054203479459489,0.05490413255953306,hagel afd-wähler+n,1.8065591031704056
-4.57315143919628,0.7382187002938608,0.35385184936171166,-0.1103901778645137,0.05397387625760628,Landtagswahlkampf,1.8148974168942154
-4.57315143919628,0.7382187002938608,0.35385184936171166,-0.1103901778645137,0.05397387625760628,afd-wähler+n land+tag+s+wahl+kampf,1.8148974168942154
-4.556641474257837,0.7262996178192203,0.33814372336451115,-0.11004542014119321,0.0518845769121501,goldene,1.8337938062482793
-4.556641474257837,0.7262996178192203,0.33814372336451115,-0.11004542014119321,0.0518845769121501,land+tag+s+wahl+kampf golden+e,1.8337938062482793
-4.548982224340005,0.7207092387748673,0.33090123604050015,-0.10988460497131734,0.050920141644475815,Brücke,1.8425960686518792
-4.548982224340005,0.7207092387748673,0.33090123604050015,-0.10988460497131734,0.050920141644475815,golden+e brücke,1.8425960686518792
-4.488022070314904,0.6749465036484456,0.27428164924123155,-0.10858975782796983,0.043356507957863534,Union,1.9134092300963013
-4.5339480201551305,0.7096278572077891,0.31676811986862863,-0.10956751875762376,0.04903609665023854,brücke union,1.8599379170714738
-4.38797165239435,0.5956961028319121,0.1853371677447771,-0.1064393762042433,0.03139268863971701,bauen,2.032153315551077
-4.524005283808967,0.7022230283633074,0.30748201166116307,-0.10935689025978342,0.047796745638743594,union bau+en,1.8714521452554322
-3.39485506630114,-0.1090268729180377,-0.15012113549104333,0.36751808871250813,-0.02317779750802823,Wir,3.2074721650431757
-4.495202623077206,0.6804471826843055,0.2808558452575831,-0.10874334981660454,0.04423687692672904,kämpfen,1.9050018885976572
-4.495202623077206,0.6804471826843055,0.2808558452575831,-0.10874334981660454,0.04423687692672904,wir kämpf+en,1.9050018885976572
-4.421211287035653,0.6225246819693792,0.2143372775887507,-0.10715427267037013,0.03530410486816755,radikale,1.9923930751773082
-4.421211287035653,0.6225246819693792,0.2143372775887507,-0.10715427267037013,0.03530410486816755,kämpf+en radikal+e,1.9923930751773082
-4.356548243502921,0.5699366913540693,0.15842174437365159,-0.10576548136848878,0.027753515890456958,populistische,2.06999282040419
-4.356548243502921,0.5699366913540693,0.15842174437365159,-0.10576548136848878,0.027753515890456958,radikal+e populistisch+e,2.06999282040419
-4.476905786932085,0.6663768548385113,0.2641543964163704,-0.1083515939927026,0.041999259732402545,Parteien,1.9264574592639998
-4.476905786932085,0.6663768548385113,0.2641543964163704,-0.1083515939927026,0.041999259732402545,populistisch+e partei+en,1.9264574592639998
-4.527555761477695,0.7048740624206572,0.3107924505057481,-0.10943218229691389,0.04823869720482749,partei+en bau+en,1.8673364296795456
-4.077605733236611,0.36210423183843665,-0.07458941825674748,-0.12473364765122626,0.007515402226004969,deren,2.3971635537664846
-4.536840055577947,0.7117704304557314,0.3194782490148177,-0.10962865170211837,0.04939758287072236,bau+en der,1.8565954920385361
-4.5445309892753585,0.7174430863950572,0.32670530529727915,-0.10979091285324054,0.05036107325516726,Wählerinnen,1.8477217839369406
-4.5445309892753585,0.7174430863950572,0.32670530529727915,-0.10979091285324054,0.05036107325516726,der wähler+in+nen,1.8477217839369406
-4.559165343984047,0.7281334103791848,0.3405364930167897,-0.11009829536986944,0.05220305056415731,+2885,1.8308982194483323
-4.559165343984047,0.7281334103791848,0.3405364930167897,-0.11009829536986944,0.05220305056415731,wähler+in+nen +2885,1.8308982194483323
-4.563752863068404,0.7314558659809687,0.34489360810675695,-0.11019424943336549,0.05278277538322832,+2885 chars,1.825641380054809
-4.6733926565997965,0.8062517699493595,0.4519749169037116,-0.11240506718028888,0.06694593184878023,Immer,1.7026845739736833
-4.6733926565997965,0.8062517699493595,0.4519749169037116,-0.11240506718028888,0.06694593184878023,afd immer,1.7026845739736833
-4.6733926565997965,0.8062517699493595,0.4519749169037116,-0.11240506718028888,0.06694593184878023,debattiert,1.7026845739736833
-4.6733926565997965,0.8062517699493595,0.4519749169037116,-0.11240506718028888,0.06694593184878023,immer debattier+t,1.7026845739736833
-4.6733926565997965,0.8062517699493595,0.4519749169037116,-0.11240506718028888,0.06694593184878023,debattier+t union,1.7026845739736833
-4.6733926565997965,0.8062517699493595,0.4519749169037116,-0.11240506718028888,0.06694593184878023,union brand+mauer,1.7026845739736833
-4.6733926565997965,0.8062517699493595,0.4519749169037116,-0.11240506718028888,0.06694593184878023,cdu+-+chef hagel,1.7026845739736833
-4.6733926565997965,0.8062517699493595,0.4519749169037116,-0.11240506718028888,0.06694593184878023,hagel land+tag+s+wahl,1.7026845739736833
-4.6733926565997965,0.8062517699493595,0.4519749169037116,-0.11240506718028888,0.06694593184878023,land+tag+s+wahl blick,1.7026845739736833
-4.6733926565997965,0.8062517699493595,0.4519749169037116,-0.11240506718028888,0.06694593184878023,pocht,1.7026845739736833
-4.6733926565997965,0.8062517699493595,0.4519749169037116,-0.11240506718028888,0.06694593184878023,blick poch+t,1.7026845739736833
-4.6733926565997965,0.8062517699493595,0.4519749169037116,-0.11240506718028888,0.06694593184878023,scharfe,1.7026845739736833
-4.6733926565997965,0.8062517699493595,0.4519749169037116,-0.11240506718028888,0.06694593184878023,poch+t scharf+e,1.7026845739736833
-4.6733926565997965,0.8062517699493595,0.4519749169037116,-0.11240506718028888,0.06694593184878023,Abgrenzung,1.7026845739736833
-4.6733926565997965,0.8062517699493595,0.4519749169037116,-0.11240506718028888,0.06694593184878023,scharf+e abgrenzung,1.7026845739736833
-4.6733926565997965,0.8062517699493595,0.4519749169037116,-0.11240506718028888,0.06694593184878023,Wählern,1.7026845739736833
-4.6733926565997965,0.8062517699493595,0.4519749169037116,-0.11240506718028888,0.06694593184878023,radikaler,1.7026845739736833
-4.6733926565997965,0.8062517699493595,0.4519749169037116,-0.11240506718028888,0.06694593184878023,wähler+n radikal+er,1.7026845739736833
-4.6733926565997965,0.8062517699493595,0.4519749169037116,-0.11240506718028888,0.06694593184878023,radikal+er partei+en,1.7026845739736833
-4.6733926565997965,0.8062517699493595,0.4519749169037116,-0.11240506718028888,0.06694593184878023,partei+en brücke,1.7026845739736833
-4.6733926565997965,0.8062517699493595,0.4519749169037116,-0.11240506718028888,0.06694593184878023,brücke bau+en,1.7026845739736833
-4.6733926565997965,0.8062517699493595,0.4519749169037116,-0.11240506718028888,0.06694593184878023,hinzu+füg+en immer,1.7026845739736833
-4.6733926565997965,0.8062517699493595,0.4519749169037116,-0.11240506718028888,0.06694593184878023,radi…,1.7026845739736833
-4.6733926565997965,0.8062517699493595,0.4519749169037116,-0.11240506718028888,0.06694593184878023,wähler+n radi…,1.7026845739736833
-4.6733926565997965,0.8062517699493595,0.4519749169037116,-0.11240506718028888,0.06694593184878023,+3353,1.7026845739736833
-4.6733926565997965,0.8062517699493595,0.4519749169037116,-0.11240506718028888,0.06694593184878023,radi… +3353,1.7026845739736833
-4.6733926565997965,0.8062517699493595,0.4519749169037116,-0.11240506718028888,0.06694593184878023,+3353 chars,1.7026845739736833
-4.294121395070599,0.5177662099541889,0.10637609117601793,-0.10443780572377669,0.020692813944635423,CSU-Chef,2.1458127195477728
-3.9901936911903393,0.29618498648632663,-0.14113988670980948,-0.13100467955166156,0.002057235786524503,versucht,2.500669184719817
-4.580028809588544,0.7431291860753347,0.36043389455624386,-0.11053295491380559,0.05484833118174277,csu+-+chef versuch+t,1.8070579768731423
-4.57527144487928,0.7397358762660261,0.35587840147155203,-0.11043424522079749,0.05424317672715016,Darum,1.8124788067678979
-4.57527144487928,0.7397358762660261,0.35587840147155203,-0.11043424522079749,0.05424317672715016,versuch+t darum,1.8124788067678979
-4.572037966405851,0.7374206142250892,0.3527883246839756,-0.11036701348094562,0.05383252605739767,joggt,1.8161684461526204
-4.572037966405851,0.7374206142250892,0.3527883246839756,-0.11036701348094562,0.05383252605739767,darum jogg+t,1.8161684461526204
-4.202402959064465,0.4391654934537017,0.03326709955924484,-0.10252963626593133,0.010723597541389636,Markus,2.2585236265737505
-4.56845796153837,0.7348489164930776,0.34937295039172256,-0.11029244789404545,0.05337849276870261,jogg+t markus,1.8202583769831837
-4.019703013930956,0.27795519466413987,-0.10115432475787453,-0.09894790631722127,-0.00775375248782656,markus söder,2.4864446156494338
-4.553940152416016,0.7243322875776717,0.33558613864797027,-0.10998876232466669,0.051544080834794344,söder mehr,1.836895697798763
-3.5276292078777707,-0.058189964384451676,-0.44086613502457633,-0.1514335178213984,-0.026734913480521826,Warum,3.054769193335193
-4.548982224340005,0.7207092387748673,0.33090123604050015,-0.10988460497131734,0.050920141644475815,mehr warum,1.8425960686518792
-4.455630163005206,0.6497995038835892,0.24494243268982252,-0.10789476388519902,0.039420924390439545,warum csu+-+chef,1.951537844569192
-4.381075006262922,0.5900741635217734,0.1793883984697499,-0.10629125725633344,0.030589102539896156,lieber,2.040437934488053
-4.381075006262922,0.5900741635217734,0.1793883984697499,-0.10629125725633344,0.030589102539896156,csu+-+chef lieber,2.040437934488053
-4.280777526111597,0.506462439464777,0.09549411748903985,-0.1041566276522292,0.019212656903500262,Blutwurst,2.1621203582046045
-4.351805426390779,0.5660177185959303,0.15440131711345134,-0.10566402546566035,0.027209196460319808,lieber blut+wurst,2.0757239777366
-4.287770070716375,0.5123920866266025,0.10118599355541436,-0.1043038398647073,0.01998702587026526,statt,2.153570564492398
-4.287770070716375,0.5123920866266025,0.10118599355541436,-0.1043038398647073,0.01998702587026526,blut+wurst statt,2.153570564492398
-4.222705658399767,0.4567346804586545,0.049113313338017495,-0.10294669917489134,0.012889339246621813,Salat,2.2334555205897715
-4.222705658399767,0.4567346804586545,0.049113313338017495,-0.10294669917489134,0.012889339246621813,statt salat,2.2334555205897715
-4.103225973455464,0.35224279870622865,-0.04148221264553523,-0.10054438923939794,0.0004716423484222576,isst,2.381785715792048
-4.103225973455464,0.35224279870622865,-0.04148221264553523,-0.10054438923939794,0.0004716423484222576,salat ess+st,2.381785715792048
-4.222705658399767,0.4567346804586545,0.049113313338017495,-0.10294669917489134,0.012889339246621813,Sportarten,2.2334555205897715
-4.222705658399767,0.4567346804586545,0.049113313338017495,-0.10294669917489134,0.012889339246621813,ess+st sport+art+en,2.2334555205897715
-4.341619231955564,0.5575747668207356,0.14580366526027327,-0.10544640631309647,0.02604454611280308,bevorzugt,2.088049778853856
-4.341619231955564,0.5575747668207356,0.14580366526027327,-0.10544640631309647,0.02604454611280308,sport+art+en bevorzug+t,2.088049778853856
0.3147939666115702,-2.65054900036373,-0.7191485606008976,1.053717373436299,-0.11735003634954283,Ein,7.624676734616256
-4.400545363756793,0.6058978444876548,0.19624302943316657,-0.10670964899747136,0.0328648092937685,ein gespräch,2.017079529723765
-4.120865678397146,0.3947496593562756,-0.04080128727924995,-0.12199003361744988,0.010478211892067484,CDU-Politiker,2.3460241900426757
-4.431918293851028,0.6310670126314835,0.22379500030604832,-0.10738470202837759,0.03657752775938445,gespräch cdu+-+politiker,1.9796480807353527
-4.455785551877187,0.6499213882170242,0.24508193578221416,-0.10789810403431908,0.03943966301868591,cdu+-+politiker manuel,1.951354171076353
-4.45863729540758,0.6521561698647019,0.24764426507473247,-0.10795939560150937,0.039783802465472064,hagel geb+t,1.9479846152115456
-3.6401972738248127,0.02481194145213328,-0.3689510435907257,-0.13971037392039287,-0.022934766358994205,Einblicke,2.921064390783514
-4.451281093063404,0.6463834612854126,0.2410428363147793,-0.1078012623325978,0.03889701661206444,geb+t einblick+e,1.9566814479518717
-4.582971578141179,0.7452203018012112,0.36325721078956097,-0.11059388654494388,0.055223237988475594,csu+-+chef markus,1.803709425285398
-4.589091126757088,0.7495492645580752,0.3691415801627458,-0.11072027164975727,0.056004264281295686,frühere,1.7967574718968402
-4.589091126757088,0.7495492645580752,0.3691415801627458,-0.11072027164975727,0.056004264281295686,söder früh+er+e,1.7967574718968402
-4.591567962469403,0.7512937863228706,0.37152829308783064,-0.11077129691250871,0.05632091246138227,Jogging-Ambitio…,1.7939481571530913
-4.591567962469403,0.7512937863228706,0.37152829308783064,-0.11077129691250871,0.05632091246138227,früh+er+e jogging-ambitio…,1.7939481571530913
-4.5964222329611495,0.7546999738659776,0.37621437208540276,-0.11087107809368489,0.05694238809749209,+2011,1.7884497573235012
-4.5964222329611495,0.7546999738659776,0.37621437208540276,-0.11087107809368489,0.05694238809749209,jogging-ambitio… +2011,1.7884497573235012
-4.597856567839003,0.7557031485797718,0.37760114385481425,-0.11090050390675064,0.057126244894293306,+2011 chars,1.7868270066496708
-4.437708333479138,0.6356651597163661,0.22893312466496302,-0.10750929885024944,0.037268885683324544,hagel ein,1.9727691987416143
-4.462707766852214,0.6553391404967011,0.2513086238937562,-0.10804685298003756,0.04027581002636644,launiger,1.9431792553553735
-4.462707766852214,0.6553391404967011,0.2513086238937562,-0.10804685298003756,0.04027581002636644,ein launig+er,1.9431792553553735
-4.4810251975675,0.6695600901715791,0.2679001618639594,-0.10843990153852177,0.04250141689866652,Plausch,1.9216175360377563
-4.4810251975675,0.6695600901715791,0.2679001618639594,-0.10843990153852177,0.04250141689866652,launig+er plausch,1.9216175360377563
-4.388034546552227,0.5957472876539254,0.1853915254042927,-0.10644072743084661,0.03140002958103077,Essen,2.0320778175191525
-4.388034546552227,0.5957472876539254,0.1853915254042927,-0.10644072743084661,0.03140002958103077,plausch essen,2.0320778175191525
-4.356548243502921,0.5699366913540693,0.15842174437365159,-0.10576548136848878,0.027753515890456958,Migration,2.06999282040419
-4.356548243502921,0.5699366913540693,0.15842174437365159,-0.10576548136848878,0.027753515890456958,essen migration,2.06999282040419
-4.457225858446887,0.6510505839928761,0.2463755662184185,-0.10792906195692513,0.03961341722108195,migration der,1.9496520344937647
-4.529237218436715,0.7061269222818352,0.31236238539472905,-0.1094678098112996,0.04844823671791205,baden-württembergischen,1.8653888551010067
-4.529237218436715,0.7061269222818352,0.31236238539472905,-0.1094678098112996,0.04844823671791205,spitze+n+kandidat baden-württembergisch+en,1.8653888551010067
-4.557501497277568,0.7269249614987626,0.33895872682817385,-0.11006344433546648,0.051993061239633105,baden-württembergisch+en cdu,1.8328068422100872
-4.506052936337953,0.688705608610021,0.29083824434908256,-0.10897499954885854,0.04557258465962347,cdu manuel,1.8923301139985589
-4.570886106718937,0.736594124665542,0.3516887619842074,-0.11034303672370362,0.05368636978848113,trifft,1.817483816120058
-4.570886106718937,0.736594124665542,0.3516887619842074,-0.11034303672370362,0.05368636978848113,hagel treff+t,1.817483816120058
-4.576775159224052,0.7408101314813296,0.3573171362549996,-0.11046547254493576,0.054434330109532726,treff+t markus,1.8107643915522886
-4.582971578141179,0.7452203018012112,0.36325721078956097,-0.11059388654494388,0.055223237988475594,Erst,1.803709425285398
-4.584909485973753,0.7465940465608696,0.36511871294613696,-0.11063395742926628,0.055470365406652046,erst geh+t,1.8015062388949579
-4.59004630488454,0.7502225513180265,0.37006165780932654,-0.11073995816554795,0.05612634156892916,geh+t gut+e,1.7956737709099935
-4.591862326224582,0.75150082380085,0.3718121396606847,-0.1107773560766487,0.056358565434831705,gut+e blut+wurst,1.7936144503120457
-4.595418922322598,0.7539973646832864,0.3752449096765078,-0.11085047915034556,0.056813841677125256,blut+wurst bayern,1.7895853836896705
-4.597387476867482,0.755375231703172,0.3771475011592822,-0.11089088328903816,0.0570661043861101,Dann,1.7873576215465392
-4.600077384013066,0.7572534118238626,0.37975023321406975,-0.11094601182577983,0.05741111542614994,Diskussion,1.7843161932262586
-4.600077384013066,0.7572534118238626,0.37975023321406975,-0.11094601182577983,0.05741111542614994,dann diskussion,1.7843161932262586
-4.603253484073928,0.7594641946208549,0.3828277926568433,-0.11101098158428853,0.05781894481678169,syrische,1.780729030423048
-4.603253484073928,0.7594641946208549,0.3828277926568433,-0.11101098158428853,0.05781894481678169,diskussion syrisch+e,1.780729030423048
-4.6048668891098155,0.760584364546389,0.3843929584125658,-0.11104393311918133,0.05802630466574111,Flüchtlinge,1.7789084794357173
-4.6048668891098155,0.760584364546389,0.3843929584125658,-0.11104393311918133,0.05802630466574111,syrisch+e flüchtling+e,1.7789084794357173
-4.610754265572074,0.764655342972516,0.39011466542223316,-0.11116386957329981,0.05878404463974444,jahr baden-württembergisch+e,1.7722748281015464
-4.61358349161557,0.7666023461955201,0.39287004517841273,-0.11122133145738856,0.05914877995684562,baden-württembergisch+e cdu,1.7690923843918758
4.480886282397143,-5.709219636522837,-2.044705428030174,-0.3564106694460393,-0.1892369501716606,Jahren,12.679020575605398
-4.6166554816983885,0.7687094750675961,0.395866077830772,-0.11128359200906697,0.05954524767252856,hagel jahr+en,1.7656408836866313
-4.5688596890071,0.7351379300676548,0.34975589680879715,-0.1103008218294325,0.05342940889596901,Ministerpräsidenten,1.8197991745282422
-4.618338515953995,0.7698608119338559,0.39750935877804905,-0.11131764309910804,0.05976264982991109,jahr+en minister+präsident+en,1.7637517123291864
-4.620042649457539,0.771024344881288,0.3991745803044654,-0.11135207769394496,0.05998291505908344,stellen,1.7618401503678274
-4.620042649457539,0.771024344881288,0.3991745803044654,-0.11135207769394496,0.05998291505908344,minister+präsident+en stell+en,1.7618401503678274
-4.620759279598913,0.7715129641750876,0.39987524912813244,-0.11136654513187645,0.06007558327209523,Früher,1.7610366812826248
-4.621297011256326,0.77187934212737,0.4004011602360925,-0.11137739578980367,0.06014513394043814,hätte,1.7604339409567231
-4.621297011256326,0.77187934212737,0.4004011602360925,-0.11137739578980367,0.06014513394043814,früher hab+e,1.7604339409567231
-4.6223245541850355,0.7725788191939063,0.40140648768029585,-0.11139811779633559,0.06027807533515989,hab+e minister+präsident+en,1.759282536930559
-4.62395226541527,0.7736851530379181,0.40300000697718785,-0.11143090972363849,0.060488767500044845,minister+präsident+en union,1.7574595974442455
-4.624893480172188,0.7743239332409663,0.4039220087942732,-0.11144985262751723,0.06061065610246583,staatstragende…,1.7564060416226872
-4.624893480172188,0.7743239332409663,0.4039220087942732,-0.11144985262751723,0.06061065610246583,union staatstragende…,1.7564060416226872
-4.625897527576735,0.7750045857683462,0.4049060111651731,-0.11147004476124388,0.060740727600456575,+397,1.7552825979790505
-4.625897527576735,0.7750045857683462,0.4049060111651731,-0.11147004476124388,0.060740727600456575,staatstragende… +397,1.7552825979790505
-4.626181108192432,0.7751966831750512,0.4051840144745409,-0.11147574489429078,0.060777473249950566,+397 char+s,1.754965378615307
-3.10467082887595,-0.2118672111188431,0.9364105891650144,0.021385625053782567,1.4931421199514363,Wissenschaft,3.615268130513357
-3.9797583716303997,0.2998798974117389,0.19941298364870602,0.37542396994555616,0.018230579037622215,wissenschaft wir,2.52642330737849
-3.7556477967465214,0.14753109915688323,0.06461655876353511,0.3868662942586616,0.000318062182250535,gerade,2.7845716541064918
-3.9455454186542918,0.2756599883971109,0.18331304321978792,0.3855447928970076,0.016149094526995,wir gerade,2.566625205798671
-3.8914554073836407,0.23751613451075726,0.15751778954840712,0.3998190498675715,0.01291174002488616,Unerwartetes,2.6301114542695503
-3.8914554073836407,0.23751613451075726,0.15751778954840712,0.3998190498675715,0.01291174002488616,gerade un+erwart+et+es,2.6301114542695503
-0.001163915218050704,-2.2640913510074285,0.43471705438731345,0.5202931346538145,1.4114075482874522,Eis,7.270384611209306
-3.787939441183386,0.16492743579274105,0.10727509772608412,0.42191981171353626,0.006890828299734045,un+erwart+et+es eis,2.751422647032158
-3.757846653660973,0.14390376925121062,0.0925223639246468,0.4272163599042192,0.005181855142268238,gelernt,2.786657017410851
-3.757846653660973,0.14390376925121062,0.0925223639246468,0.4272163599042192,0.005181855142268238,eis ge+lern+t,2.786657017410851
-3.6282546005708984,0.05361957727566846,0.028703856270462846,0.4452586700662921,-0.001975131009843978,dürfte,2.93832533890013
-3.6282546005708984,0.05361957727566846,0.028703856270462846,0.4452586700662921,-0.001975131009843978,ge+lern+t dürf+te,2.93832533890013
-3.276803130684335,-0.1908083855904863,-0.14098400296953612,0.4680546236893138,-0.01984972263816645,Gründe,3.350192249735054
-3.276803130684335,-0.1908083855904863,-0.14098400296953612,0.4680546236893138,-0.01984972263816645,dürf+te grund+e,3.350192249735054
-2.3433447459283823,-0.8448653196623619,-0.5240767806125277,0.4640760458702877,-0.05818888683927248,Gewitterblitze,4.453328772826159
-2.3433447459283823,-0.8448653196623619,-0.5240767806125277,0.4640760458702877,-0.05818888683927248,grund+e gewitter+blitz+e,4.453328772826159
-3.3362051308058436,-0.15529672263709404,-0.039220822582745646,0.5728569410131547,-0.01514165605254697,gewitter+blitz+e wie,3.287471920369744
-1.3354066788292638,-1.351256281668237,0.4351864246301075,0.14262281723698084,1.4388802420423574,entsteht,5.6692021850876975
-1.7344984560093355,-1.093377229494699,0.5474682232813349,0.1541919114873081,1.4500801277341215,wie entsteh+t,5.204748960033739
2.30825468168912,-3.710065790851373,0.21976202198143613,0.1871785014419297,1.7107102697271044,Gewitterwolken,9.97859994808737
0.1494428438356845,-2.3277261721078184,0.16141181329893572,0.17470538690238185,1.4117562232291643,entsteh+t gewitter+wolke+n,7.417014559878121
-1.5407627120028833,-1.2700882156421178,0.7233761562232298,0.4741959760160453,1.4492638711359047,Kraft,5.469657302394235
-1.5407627120028833,-1.2700882156421178,0.7233761562232298,0.4741959760160453,1.4492638711359047,gewitter+wolke+n kraft,5.469657302394235
14.917599677246386,-12.121162088426999,1.1996027023751523,1.6945077645508098,1.7167145939061184,Blitze,25.125005059887496
-0.8842943271293757,-1.8173723016428514,0.8421450678295638,0.8459962797653031,1.4362554386158528,kraft blitz+e,6.315213126036383
-0.13316020643449544,-2.157668148462722,0.4224491566800873,0.4754754248628882,1.41894596128661,Und,7.10333266649938
-2.234085887040067,-0.8274010832918881,0.8718658109993062,0.3995762876193073,1.4665344832662346,züngeln,4.663343053286557
-2.234085887040067,-0.8274010832918881,0.8718658109993062,0.3995762876193073,1.4665344832662346,und züngel+n,4.663343053286557
-2.5531837307204683,-0.6014819128876341,0.8966227325728083,0.280499024063571,1.475506699919147,schließlich,4.278749736741514
-2.5531837307204683,-0.6014819128876341,0.8966227325728083,0.280499024063571,1.475506699919147,züngel+n schließlich,4.278749736741514
-2.756634430836842,-0.45954518761488705,0.9184678453853136,0.20310385350446553,1.4817581112855562,gen,4.035156960283399
-2.756634430836842,-0.45954518761488705,0.9184678453853136,0.20310385350446553,1.4817581112855562,schließlich gen,4.035156960283399
-2.810368923224879,-0.42231998884440847,0.9250841268431614,0.1824279913986207,1.4834871006449968,Boden,3.971030306338527
-2.810368923224879,-0.42231998884440847,0.9250841268431614,0.1824279913986207,1.4834871006449968,gen boden,3.971030306338527
4.693401118488059,-5.360477188819621,-0.4169711189770908,-0.061283431195838636,1.35821193023267,Auf,12.815154083310048
-2.9134207565053787,-0.35328757408188727,0.9451266608287229,0.1515170662809469,1.4869743201127645,beide,3.849709121419963
-2.9134207565053787,-0.35328757408188727,0.9451266608287229,0.1515170662809469,1.4869743201127645,auf beide,3.849709121419963
-2.9060670398372195,-0.36496428532807945,0.9631805074157233,0.18171530537775954,1.4869239688154092,Fragen,3.8629373613621514
-2.9060670398372195,-0.36496428532807945,0.9631805074157233,0.18171530537775954,1.4869239688154092,beide frage+n,3.8629373613621514
-2.854809079637216,-0.4179579079559552,0.9992011715280095,0.26296012335706936,1.485501822255827,Wissenschaftler,3.935494328941793
-2.854809079637216,-0.4179579079559552,0.9992011715280095,0.26296012335706936,1.485501822255827,frage+n wissenschaftler,3.935494328941793
-2.665783667237661,-0.5844204997756708,1.0380204642908955,0.4218625190675618,1.4793160799169802,wissenschaftler neu+e,4.182993855345582
-2.536661767469881,-0.6930004868254378,1.047886908910748,0.501800193152885,1.4750806467515398,Antworten,4.348572272903295
-2.536661767469881,-0.6930004868254378,1.047886908910748,0.501800193152885,1.4750806467515398,neu+e antwort+en,4.348572272903295
-2.432251360980273,-0.7553209274791439,1.013464910904836,0.5039655514129082,1.469182478977837,blitz+e eis,4.466561953672062
-2.6211761924076082,-0.6182963355513138,1.0345998976638282,0.43981712043155874,1.4760173311624158,eis mög+en,4.237691010336156
-2.8998316731589835,-0.4111508967743003,1.0568019046520423,0.319022584266524,1.4862855622181248,optisch,3.897197302944863
-2.8998316731589835,-0.4111508967743003,1.0568019046520423,0.319022584266524,1.4862855622181248,mög+en optisch,3.897197302944863
-2.9897553202887286,-0.33838134511853424,1.0515880844088987,0.2583028524776248,1.4891507320442636,unterschieden,3.7835588277357033
-2.9897553202887286,-0.33838134511853424,1.0515880844088987,0.2583028524776248,1.4891507320442636,optisch unterscheid+en,3.7835588277357033
0.08219040740189065,-2.2886759464834365,0.2991445097242893,0.3529517968755205,1.4109242170852945,Tag,7.346589843291787
-2.8329710558004084,-0.40978353399489187,0.9204505382970759,0.16113720581767627,1.4771799845641862,unterscheid+en tag,3.9444486208652707
1.2322922957073779,-3.064916280070894,-0.11660427311153015,-0.011327541082497908,1.3868502068335151,Nacht,8.701570388921372
-2.8696399451438754,-0.38104860574347743,0.9128843690932266,0.12909660578166188,1.4779092572234482,tag nacht,3.8982703109362857
-3.05632934689826,-0.2585044831915242,0.9739543601637269,0.10490740428563923,1.487372076512391,Physikalisch,3.681509288404416
-3.2196822396283578,-0.15099582765508957,1.0199634444826562,0.06604247992999597,1.4955034787798607,hängen,3.491394274288499
-3.2196822396283578,-0.15099582765508957,1.0199634444826562,0.06604247992999597,1.4955034787798607,physikalisch häng+en,3.491394274288499
-2.2946216045819416,-0.7224882547091522,0.6036986282937178,-0.009846697308291616,1.4576239006417668,wohl,4.542471921843032
-3.3326700126919415,-0.07544596084553468,1.045996703509724,0.02650175418254537,1.5009414338768248,häng+en wohl,3.3590093130038126
-3.359472680895409,-0.05735973205008249,1.0515028834587632,0.015594382405087218,1.502208231375239,enger,3.3274891001120466
-3.359472680895409,-0.05735973205008249,1.0515028834587632,0.015594382405087218,1.502208231375239,wohl eng+er,3.3274891001120466
-3.161559144231145,-0.17115405727124822,0.941141942670035,-0.009018873972399241,1.493873066491403,zusammen,3.546499388951762
-3.3882901621876838,-0.03785333282899761,1.0571756635510723,0.003258991909755385,1.5035617824418042,eng+er zusammen,3.293557186231447
-3.421216349991246,-0.011962543364911538,1.0522219807139326,-0.027988323201628626,1.504425557138532,dachten,3.25223025027464
-3.421216349991246,-0.011962543364911538,1.0522219807139326,-0.027988323201628626,1.504425557138532,zusammen denk+en,3.25223025027464
-3.258134106968091,-0.10881022065598889,0.9611081192811274,-0.045883884300984765,1.4932201952023123,Bildquelle,3.433719670508135
-3.3850611823776147,-0.02727215257698279,1.0101726522206658,-0.06342294893590704,1.5005532053547614,Unsplash,3.2879353420109956
-3.3850611823776147,-0.02727215257698279,1.0101726522206658,-0.06342294893590704,1.5005532053547614,bild+quelle unsplash,3.2879353420109956
-3.331118286241762,-0.05904684051661202,0.9746244528769022,-0.0769000185282178,1.4964624694036592,Johannes,3.347506338326113
-3.331118286241762,-0.05904684051661202,0.9746244528769022,-0.0769000185282178,1.4964624694036592,unsplash johannes,3.347506338326113
-3.2142552746897204,-0.13378634917179344,0.9116422351635437,-0.08816050554178083,1.4885681435109452,Plenio,3.480540209647107
-3.2142552746897204,-0.13378634917179344,0.9116422351635437,-0.08816050554178083,1.4885681435109452,johannes plenio,3.480540209647107
-3.144760457457088,-0.17999853822704148,0.8711219043910005,-0.10098101777214806,1.4837001173733357,Aaron,3.5604324890318395
-3.144760457457088,-0.17999853822704148,0.8711219043910005,-0.10098101777214806,1.4837001173733357,plenio aaron,3.5604324890318395
-3.2956239005858308,-0.0791268107095997,0.9364434537700205,-0.10772592327818835,1.4927706981203654,Burden,3.3854062289718216
-3.2956239005858308,-0.0791268107095997,0.9364434537700205,-0.10772592327818835,1.4927706981203654,aaron burden,3.3854062289718216
-3.4070580031220987,-0.006795202957994739,0.9843008536934258,-0.11731445826167496,1.4995717266187512,Jeder,3.2573215821291264
-3.4070580031220987,-0.006795202957994739,0.9843008536934258,-0.11731445826167496,1.4995717266187512,burden jed+er,3.2573215821291264
-3.479046973523191,0.039180424282350135,1.0139056444177634,-0.12736060442773212,1.5039369722490847,+6382,3.174930031271739
-3.479046973523191,0.039180424282350135,1.0139056444177634,-0.12736060442773212,1.5039369722490847,jed+er +6382,3.174930031271739
-3.5105953844826305,0.0592265397596794,1.0262989909146119,-0.13311564360658523,1.505826240310259,+6382 char+s,3.1388514525383675
-4.611275398638872,0.7650144319524366,0.39062191548384584,-0.11117446248383807,0.05885119852640242,Spitzenkandidatur,1.7716883683749494
-4.608675424603058,0.7632208592613613,0.38809246837729294,-0.1111215752279051,0.05851629327300543,Welche,1.7746154495507183
-4.608675424603058,0.7632208592613613,0.38809246837729294,-0.1111215752279051,0.05851629327300543,spitze+n+kandidatur welche,1.7746154495507183
-4.607631200244548,0.7624990700928918,0.38707746003549304,-0.11110030735574612,0.05838187794371203,Sticheleien,1.7757918833563915
-4.607631200244548,0.7624990700928918,0.38707746003549304,-0.11110030735574612,0.05838187794371203,welche stichelei+en,1.7757918833563915
-4.605716133056962,0.7611732047100874,0.3852173019766376,-0.11106126346772001,0.05813550325256201,stichelei+en hagel,1.777950653807748
-3.1796861308491637,-0.3235674773818902,-0.6286080986992687,-0.1674828407886612,-0.04381648477623115,wegen,3.474124252676946
-4.604693141970873,0.7604638270646926,0.384224347382362,-0.11104038627983447,0.05800396802549213,hagel wegen,1.7791044799036682
-4.602305990426313,0.7588054567508482,0.3819091985919403,-0.11099161393800851,0.05769722938352826,Alters,1.7817986976694176
-4.602305990426313,0.7588054567508482,0.3819091985919403,-0.11099161393800851,0.05769722938352826,wegen alter+s,1.7817986976694176
-4.600912021905296,0.7578351001280488,0.38055851573330135,-0.11096309806023368,0.05751823968751938,erdulden,1.7833731131473058
-4.600912021905296,0.7578351001280488,0.38055851573330135,-0.11096309806023368,0.05751823968751938,alter+s erduld+en,1.7833731131473058
-4.597387476867482,0.755375231703172,0.3771475011592822,-0.11089088328903816,0.0570661043861101,erduld+en cdu+-+spitze+n+kandidat,1.7873576215465392
-4.499631425478359,0.6838259123358184,0.2849233676351386,-0.10883797058720336,0.044781292252523204,jüngster,1.8998248724232134
-4.499631425478359,0.6838259123358184,0.2849233676351386,-0.10883797058720336,0.044781292252523204,hagel jung+st+er,1.8998248724232134
-4.499674676947646,0.68385885569468,0.28496313863263467,-0.10883889420371685,0.044786614327747144,jung+st+er minister+präsident,1.8997743460137855
-4.496384205109673,0.6813496614947201,0.2819400917984015,-0.1087686028422205,0.04438201813614876,Landes,1.9036200523891007
-4.496384205109673,0.6813496614947201,0.2819400917984015,-0.1087686028422205,0.04438201813614876,minister+präsident land+es,1.9036200523891007
-4.4893419930200915,0.6759597128560352,0.27548819913080147,-0.10861800677851326,0.04351812189919347,erzählt,1.9118625414203216
-4.471929230467872,0.6625196148548352,0.2596404441726312,-0.10824484132841573,0.04139388344930476,junges,1.9323115456988535
-4.471929230467872,0.6625196148548352,0.2596404441726312,-0.10824484132841573,0.04139388344930476,erzähl+t jung+es,1.9323115456988535
-0.7660713440768987,-2.0943135982574983,-1.415193017730418,-0.233961283815598,-0.12474900704300579,Alter,6.385621608537275
-4.46280792797815,0.6554173604713069,0.25139889547359995,-0.10804900457864831,0.04028792852605421,jung+es alter,1.9430610739186904
-4.452604967883702,0.6474242779953212,0.24222889644077206,-0.10782972782628113,0.03905638288332667,einst,1.9551151236794553
-4.452604967883702,0.6474242779953212,0.24222889644077206,-0.10782972782628113,0.03905638288332667,alter einst,1.9551151236794553
-4.427369951988315,0.6274444044654373,0.21977041805203112,-0.10728681652311316,0.036035776327654374,Außenseiter,1.985058313138972
-4.427369951988315,0.6274444044654373,0.21977041805203112,-0.10728681652311316,0.036035776327654374,einst außenseiter,1.985058313138972
-4.421211287035653,0.6225246819693792,0.2143372775887507,-0.10715427267037013,0.03530410486816755,außenseiter mach+te,1.9923930751773082
-2.9905942211559493,-0.45174417454116567,-0.23573820978529092,0.5167157846475342,-0.052637636176465386,warum,3.718557971312271
-4.356548243502921,0.5699366913540693,0.15842174437365159,-0.10576548136848878,0.027753515890456958,mach+te warum,2.06999282040419
-4.437708333479138,0.6356651597163661,0.22893312466496302,-0.10750929885024944,0.037268885683324544,Frauen,1.9727691987416143
-4.437708333479138,0.6356651597163661,0.22893312466496302,-0.10750929885024944,0.037268885683324544,warum frau+en,1.9727691987416143
-4.356548243502921,0.5699366913540693,0.15842174437365159,-0.10576548136848878,0.027753515890456958,verbunden,2.06999282040419
-4.356548243502921,0.5699366913540693,0.15842174437365159,-0.10576548136848878,0.027753515890456958,frau+en verbind+en,2.06999282040419
-4.388034546552227,0.5957472876539254,0.1853915254042927,-0.10644072743084661,0.03140002958103077,fühlt,2.0320778175191525
-4.388034546552227,0.5957472876539254,0.1853915254042927,-0.10644072743084661,0.03140002958103077,verbind+en fühl+t,2.0320778175191525
-4.561530458823276,0.7298480553182126,0.3427815518767917,-0.11014779019814223,0.05250179341955905,hin+zu+füg+en cdu+-+spitze+n+kandidat,1.8281870092902643
-4.608820547227197,0.7633211058649418,0.3882335710752848,-0.11112452975206612,0.058534978032535136,+1085,1.7744519906680778
-4.608820547227197,0.7633211058649418,0.3882335710752848,-0.11112452975206612,0.058534978032535136,außenseiter +1085,1.7744519906680778
-4.609671107253427,0.7639083285889408,0.3890607685934313,-0.11114184017846453,0.05864450947135159,+1085 chars,1.7734941477985697
-4.154322652098933,0.29854604818834174,0.5969477223968592,0.7981834137647472,0.030412817120567544,Theaterfestspiele,2.4030750788259514
-3.5404739187619927,-0.29567233684578254,0.527941447420419,1.2555538570954266,-0.00855748941353024,Blitzschutz,3.220140816325017
-3.5404739187619927,-0.29567233684578254,0.527941447420419,1.2555538570954266,-0.00855748941353024,theater+fest+spiel+e blitz+schutz,3.220140816325017
-3.998428691726465,0.196557906279327,0.5142478073873632,0.8321649228456965,0.017493390867619356,Sprühnebel,2.580899382138177
-3.998428691726465,0.196557906279327,0.5142478073873632,0.8321649228456965,0.017493390867619356,blitz+schutz sprüh+nebel,2.580899382138177
-4.188591588538587,0.3537367617789289,0.5688089615764507,0.7144068484692657,0.032085757165764416,Bühnen,2.3443068663593776
-4.188591588538587,0.3537367617789289,0.5688089615764507,0.7144068484692657,0.032085757165764416,sprüh+nebel bühne+n,2.3443068663593776
-4.237475494656682,0.3978029944117649,0.5772139888421983,0.671284307548172,0.035893208826212004,trotzen,2.281338505785009
-4.237475494656682,0.3978029944117649,0.5772139888421983,0.671284307548172,0.035893208826212004,bühne+n trotz+en,2.281338505785009
-4.277276783085611,0.43475008274471705,0.5819934672842955,0.6315376243756481,0.03900539276182608,Wetterkapriolen,2.2294243959319116
-4.277276783085611,0.43475008274471705,0.5819934672842955,0.6315376243756481,0.03900539276182608,trotz+en wetter+kapriole+n,2.2294243959319116
-4.330614828688978,0.4855899616056636,0.5851585602828573,0.5711094750619109,0.04318377703886759,Bad,2.1590233227509623
-4.330614828688978,0.4855899616056636,0.5851585602828573,0.5711094750619109,0.04318377703886759,wetter+kapriole+n bad,2.1590233227509623
-4.340662228280597,0.4953134077451353,0.5853016399442702,0.5587401799050735,0.04397052874480802,Vilbel/Bad,2.1456657790134757
-4.340662228280597,0.4953134077451353,0.5853016399442702,0.5587401799050735,0.04397052874480802,bad vilbel/bad,2.1456657790134757
-4.364014247282059,0.5180614842491464,0.5850326529736668,0.5287037630368813,0.04579678948637001,Hersfeld/Mayen,2.114516649003825
-4.364014247282059,0.5180614842491464,0.5850326529736668,0.5287037630368813,0.04579678948637001,vilbel/bad hersfeld/mayen,2.114516649003825
-2.3290660957827383,-0.8667250439502387,-0.3441082482118874,0.7257393950408203,-0.06431167186797926,Starkregen,4.485108145250867
-4.391547495953537,0.5451035693024993,0.5835649898152554,0.490860573996093,0.047942812580018986,hersfeld/mayen stark+reg+en,2.0776248823094186
-3.77956121118769,0.07770233960153727,0.3327721463804426,0.7627584460550196,-0.0020673041275096823,Hitze,2.814531067136951
-4.16253005021823,0.3200989076702345,0.5792103050944009,0.7604959751531816,0.03051615977609417,stark+reg+en hitze,2.384025805574189
-4.160449157581291,0.32516850963493193,0.5686889076722028,0.7459830784938075,0.030072289043184507,hitze hagel,2.382509709035518
-3.805998621245772,0.0958810084274535,0.3794004649251487,0.8103985223004166,0.011310644354397388,Organisatoren,2.786905865888454
-4.39252846943236,0.5614759235188751,0.5485700080584961,0.43374016658997855,0.04690767221576985,hagel organisator+en,2.066339510404027
-4.113944366538739,0.31988840629949733,0.4993695388439523,0.6877777588448557,0.02470949306585441,Theaterfestivals,2.4198807602581573
-4.375961086413441,0.5569024824963154,0.5207923256405637,0.4113252382887409,0.04465994602473678,organisator+en theater+festival+s,2.080844192762359
-4.337766130584194,0.5366930474886411,0.4781847327091182,0.39330642688196815,0.04018776312428362,theater+festival+s bring+en,2.120523704045029
-4.298605299161949,0.5123100020751121,0.44199104261579003,0.3858949313290537,0.0358861487067312,Klimawandel,2.163551668261723
-4.298605299161949,0.5123100020751121,0.44199104261579003,0.3858949313290537,0.0358861487067312,bring+en klima+wandel,2.163551668261723
-3.4039815470671226,-0.1898907570670707,-0.0013211918648124987,0.576770348288648,-0.03565507229936016,Wetterextreme,3.248419185486761
-4.21175716869232,0.4539645246955806,0.36543325935997706,0.37251984759316303,0.026588661672795548,klima+wandel wetter+extrem+e,2.2614814843878848
-4.368791017431491,0.5640079448091788,0.4778031609679215,0.35349298434805754,0.04256518368639187,wetter+extrem+e kopier+e,2.080668889729499
-4.391547495953537,0.5451035693024993,0.5835649898152554,0.490860573996093,0.047942812580018986,hin+zu+füg+en stark+reg+en,2.0776248823094186
-4.311831427245335,0.5329040900622943,0.3988084226147237,0.30383760128112214,0.03518947541467266,fordern,2.139496824601837
-4.311831427245335,0.5329040900622943,0.3988084226147237,0.30383760128112214,0.03518947541467266,hagel forder+n,2.139496824601837
-4.375961086413441,0.5569024824963154,0.5207923256405637,0.4113252382887409,0.04465994602473678,forder+n theater+festival+s,2.080844192762359
-4.41352803981034,0.6033009193026275,0.4744672964266826,0.2904383576066538,0.04595378044874212,theater+festival+s heraus,2.0231260916014073
-4.440787839291732,0.6219935109925512,0.4927118593121008,0.28257903613325414,0.04881673541440116,Veranstalter,1.9919393447612523
-4.440787839291732,0.6219935109925512,0.4927118593121008,0.28257903613325414,0.04881673541440116,wie veranstalter,1.9919393447612523
-4.458725252131968,0.6344579274712239,0.5035485099076441,0.2753109100708963,0.05067156525042712,kreativen,1.9712741839576848
-4.458725252131968,0.6344579274712239,0.5035485099076441,0.2753109100708963,0.05067156525042712,veranstalter kreativ+en,1.9712741839576848
-4.466890396710162,0.6402103929976377,0.508057354391109,0.271264565407821,0.051504326878170324,Lösungen,1.9618047261609446
-4.466890396710162,0.6402103929976377,0.508057354391109,0.271264565407821,0.051504326878170324,kreativ+en lösung+en,1.9618047261609446
-4.477014526273601,0.6474358145285363,0.5131969221680417,0.26547402455802405,0.05252406781554241,lösung+en wetter+extrem+e,1.9499916553098693
-4.484826658370968,0.6530953495995396,0.5167726284608526,0.2603423303425146,0.05329959228481616,wappnen,1.9408121144678203
-4.484826658370968,0.6530953495995396,0.5167726284608526,0.2603423303425146,0.05329959228481616,wetter+extrem+e wappn+en,1.9408121144678203
-4.4906047154711874,0.6573353457629502,0.519173175048584,0.2561341199911505,0.053865970944262744,Starkrege…,1.9339817474020333
-4.495726389559041,0.6611356994619609,0.5211132501567638,0.25208782366393623,0.05436239202945562,+5596,1.9278955596064824
-4.495726389559041,0.6611356994619609,0.5211132501567638,0.25208782366393623,0.05436239202945562,starkrege… +5596,1.9278955596064824
-4.498082379660634,0.6628978638381344,0.5219433379271899,0.2501217871699786,0.054588868276361564,+5596 chars,1.925085324614443
-4.090239288080127,0.37275180079599024,-0.06638309211142848,-0.12619748651268714,0.00922955726808742,wetter wolke+n,2.3816653649534603
-0.3374180660314776,-2.400870462514197,-1.497189112788209,-0.2372845938214438,-0.13651136623064225,teils,6.902685862396803
-3.501307414205956,-0.08939233144797387,-0.44440649307882585,-0.13658778607902022,-0.034163497236503054,wolke+n teils,3.0921057257146387
-4.103908468176851,0.3838354436864475,-0.057226189184701515,-0.12744092671735402,0.010960572614831528,teils regen,2.3651263658707853
-4.131709224850072,0.4055051025277687,-0.037324292085306965,-0.12846263968657257,0.013936204172475604,regen rheinland-pfalz,2.331947825065981
-4.131709224850072,0.4055051025277687,-0.037324292085306965,-0.12846263968657257,0.013936204172475604,saarland rheinland-pfalz,2.331947825065981
-3.4436984418184817,-0.12318463166333737,-0.48551676044227354,-0.15101272501983015,-0.03275103194643436,saarland bring+t,3.1561865663892865
-2.2895357659386697,-1.013226305034502,-0.9737796042527228,-0.16590799955265761,-0.0917738825466573,Ende,4.560799826219717
-3.455583611773048,-0.11329336422229064,-0.481296668840254,-0.15372392537754137,-0.030921581413369894,bring+t ende,3.1414786157925194
-2.4615865439518716,-0.8626762974046507,-0.9296159694546915,-0.1829660008456952,-0.07741100320322081,ende woche,4.340970978863568
-3.3336892277249666,-0.21035354790597505,-0.5405605056491847,-0.14923100202992784,-0.040802167778606846,woche wolke+n,3.2903639103362337
-2.9283534209710465,-0.5170416789199543,-0.7359252973958321,-0.16269867769030905,-0.060467686784910546,wolke+n zeitweise,3.779149205915003
-3.271880172372321,-0.2545786432413444,-0.5758313230041976,-0.15573758822538475,-0.04238349114880258,zeitweise regen,3.3634198967123186
-1.4021310755261256,-1.6378231664367449,-1.2618939318942415,-0.21543399769011456,-0.10996328898528968,Samstag,5.6191676298433055
-2.7087726604058906,-0.677986191107459,-0.8380028155414173,-0.18122249760812098,-0.06555582915996516,für samstag,4.042312496233521
-0.7722952227197917,-2.091151568717119,-1.4173765005581624,-0.238596069150816,-0.12280667278255492,samstag gewitter,6.3788555526344
-2.6695717216529777,-0.7080548137993654,-0.8558365618432745,-0.18507119968672942,-0.06616785472763298,gewitter ganz,4.090072955210987
-3.719489974310683,0.08701791331387554,-0.3317663753068854,-0.15216174478845013,-0.012285373160643542,ausgeschlossen,2.825284898719766
-3.719489974310683,0.08701791331387554,-0.3317663753068854,-0.15216174478845013,-0.012285373160643542,ganz aus+ge+schließ+en,2.825284898719766
-3.217863666734489,-0.29422111920501415,-0.6076736454628924,-0.16357072252882193,-0.042892452713273216,Aussichten,3.42786214290569
-3.9412568464550857,0.2574153525469405,-0.18431004785200344,-0.1435902671224767,0.0025035256072869216,der aussicht+en,2.559769922680023
-4.07351568987575,0.3609123298744996,-0.08246834571732259,-0.13148971960632694,0.009682619975051425,hin+zu+füg+en rheinland-pfalz,2.401077190012783
-3.40510727038658,-0.1525445707249704,-0.5134099272308168,-0.16123859108905003,-0.03156849642548376,au…,3.202683792603197
-3.719489974310683,0.08701791331387554,-0.3317663753068854,-0.15216174478845013,-0.012285373160643542,ganz au…,2.825284898719766
-3.794771611613563,0.14484853195655245,-0.2835491992971133,-0.14929780909819884,-0.007452034706105261,+899,2.7350096843185154
-3.794771611613563,0.14484853195655245,-0.2835491992971133,-0.14929780909819884,-0.007452034706105261,au… +899,2.7350096843185154
-3.853641709943086,0.19008955999807453,-0.24455668569572192,-0.1470250121267524,-0.00354211432389398,+899 char+s,2.66450992564917
-4.609107867146568,0.7635195314016751,0.3885129612543512,-0.11113037837020641,0.05857197392495259,Wahlkampf,1.7741283950507616
-4.607167819255179,0.7621785085591597,0.3866272074788043,-0.1110908647290434,0.05832224729040195,wahl+kampf baden-württemberg,1.776314085670002
-4.60398459395352,0.7599720368814304,0.3835368914693743,-0.11102591786042422,0.057912893561548835,Rivalen,1.7799039133570584
-4.60398459395352,0.7599720368814304,0.3835368914693743,-0.11102591786042422,0.057912893561548835,baden-württemberg rivale+n,1.7799039133570584
-4.599864142922634,0.757104714218246,0.37954377830386665,-0.11094164499800412,0.057383751818425956,rivale+n sie,1.7845571880576632
-4.59899202645574,0.7564962200122796,0.3786996392512245,-0.11092377925656048,0.05727186306610003,stimmen,1.7855430148395182
-4.59899202645574,0.7564962200122796,0.3786996392512245,-0.11092377925656048,0.05727186306610003,sie stimm+en,1.7855430148395182
-4.592726551208816,0.7521083057657144,0.3726457246075706,-0.11079513900709924,0.05646913608196517,stimm+en stuttgart,1.7926349280920477
-4.413677384778379,0.6164840608702917,0.20771644044843834,-0.10699214525912916,0.03441200414758338,diskutieren,2.001379638325622
-4.589731561976915,0.7500007672735306,0.36975843305669387,-0.11073347244595937,0.056086110559714526,stuttgart diskutier+en,1.796030821559253
-4.584149528853702,0.7460556435534236,0.3643885050979774,-0.11061824871704788,0.055373430956591814,ersten,1.802370041415125
-4.584149528853702,0.7460556435534236,0.3643885050979774,-0.11061824871704788,0.055373430956591814,diskutier+en erst+en,1.802370041415125
-4.581325094961546,0.7440510667605075,0.3616770515333857,-0.11055980740337658,0.05501342302539176,Mal,1.8055825075718714
-4.581325094961546,0.7440510667605075,0.3616770515333857,-0.11055980740337658,0.05501342302539176,erst+en mal,1.8055825075718714
-4.5777396732125615,0.7414983592414786,0.3582405413883708,-0.11048548933817985,0.05455700063114955,Spitzenkandidaten,1.8096652113227831
-4.5777396732125615,0.7414983592414786,0.3582405413883708,-0.11048548933817985,0.05455700063114955,mal spitze+n+kandidat+en,1.8096652113227831
-4.562286391569751,0.7303953068846879,0.3434996828937571,-0.11016359831693671,0.05259733835277881,spitze+n+kandidat+en land+tag+s+wahl,1.8273209175780973
-4.551039434952771,0.7222144806645798,0.3328437099656265,-0.10992784946989755,0.051178877857375744,miteinander,1.8402296598824548
-4.551039434952771,0.7222144806645798,0.3328437099656265,-0.10992784946989755,0.051178877857375744,land+tag+s+wahl miteinander,1.8402296598824548
-4.535417108308691,0.7107168770316127,0.3181442927278827,-0.1095985806755466,0.04921966746397278,Rauflustig,1.8582396597523236
-4.491959386250559,0.677966135224982,0.2778833240115569,-0.10867400348539476,0.043838886903005865,Favoriten,1.9087971458296233
-4.491959386250559,0.677966135224982,0.2778833240115569,-0.10867400348539476,0.043838886903005865,rauflustig favorit+en,1.9087971458296233
-3.9340968276386747,0.20112268141727707,-0.15939123170408803,-0.0973902230948017,-0.015815673419069136,Cem,2.5943291152587875
-4.444803742134534,0.6412790666424993,0.2352523037957625,-0.10766195333265367,0.03811871494504624,favorit+en cem,1.9643524121163423
-3.535475881806998,-0.15986944433295647,-0.39672316052855977,-0.09124499046829145,-0.04901002716364605,Özdemir,3.1012904881457093
-3.8517200135686185,0.12676076741564835,-0.21280548090899423,-0.0959699224763483,-0.02323922960512955,cem özdemir,2.698594373290369
-4.356548243502921,0.5699366913540693,0.15842174437365159,-0.10576548136848878,0.027753515890456958,özdemir manuel,2.06999282040419
-3.006911247755604,-0.45447277171858413,-0.7053079545841408,-0.16638339790924694,-0.05459469789947491,Stattdessen,3.6826150475953874
-4.5339480201551305,0.7096278572077891,0.31676811986862863,-0.10956751875762376,0.04903609665023854,heiter,1.8599379170714738
-4.5339480201551305,0.7096278572077891,0.31676811986862863,-0.10956751875762376,0.04903609665023854,stattdessen heiter,1.8599379170714738
-4.543340340277782,0.7165673087864151,0.32558458253320655,-0.1097658236040228,0.0502117074775553,getuschelt,1.8490941059099675
-4.543340340277782,0.7165673087864151,0.32558458253320655,-0.1097658236040228,0.0502117074775553,heiter ge+tuschel+t,1.8490941059099675
-4.555761760875247,0.7256594574535193,0.33731043102915004,-0.11002697623377251,0.05177364886054001,Roell,1.8348036616652807
-4.068597156342808,0.3561727352096278,-0.08284545268273563,-0.12717423833736557,0.007616184554490833,beklagt,2.407388260535873
-4.560758687243631,0.7292889472456163,0.3420486589967051,-0.11013164517808678,0.052404277229141295,roell beklag+t,1.829071477774241
-4.569081328154305,0.735297336576339,0.34996720742083787,-0.110305441146984,0.0534575036578375,Fachkräftemangel,1.8195458529803719
-4.569081328154305,0.735297336576339,0.34996720742083787,-0.110305441146984,0.0534575036578375,beklag+t fach+kraft+e+mangel,1.8195458529803719
-4.580467031562552,0.7434409682037404,0.36085406608729154,-0.11054203479459489,0.05490413255953306,lähmende,1.8065591031704056
-4.580467031562552,0.7434409682037404,0.36085406608729154,-0.11054203479459489,0.05490413255953306,fach+kraft+e+mangel lähm+end+e,1.8065591031704056
-4.584149528853702,0.7460556435534236,0.3643885050979774,-0.11061824871704788,0.055373430956591814,Bürokratie,1.802370041415125
-4.584149528853702,0.7460556435534236,0.3643885050979774,-0.11061824871704788,0.055373430956591814,lähm+end+e bürokratie,1.802370041415125
-4.5884356130276185,0.7490868277625204,0.36851040586460815,-0.11070675489478764,0.055920512283168224,Außerdem,1.7975014078715885
-4.591270357890618,0.7510844060024799,0.37124136327358914,-0.11076516994921652,0.05628284934105902,wären,1.7942855749540296
-4.591270357890618,0.7510844060024799,0.37124136327358914,-0.11076516994921652,0.05628284934105902,außerdem sei,1.7942855749540296
-3.6561824555582603,0.03964368433583343,-0.36279459642919787,-0.14399947380181594,-0.02012896178415101,steigenden,2.900560131451861
-4.596175070772019,0.7545269566058616,0.3759755041022763,-0.11086600480992063,0.05691071648870983,sei steig+end+en,1.788729475382854
-4.5987690644078345,0.756340564836053,0.37848388739709904,-0.11091921016669422,0.05724326402465072,Staatsausgaben,1.7857950998649796
-4.5987690644078345,0.756340564836053,0.37848388739709904,-0.11091921016669422,0.05724326402465072,steig+end+en staat+s+ausgabe+n,1.7857950998649796
-4.605380268426069,0.7609403907993195,0.3848912446400804,-0.11105441072887194,0.05809231246260869,Wirtschaftsleistung,1.7783294236127372
-4.605380268426069,0.7609403907993195,0.3848912446400804,-0.11105441072887194,0.05809231246260869,staat+s+ausgabe+n wirtschaft+s+leistung,1.7783294236127372
-4.608529312049244,0.7631199127761489,0.38795041313178846,-0.11111860025104704,0.05849748209107997,Schritt,1.7747800327531023
-4.608529312049244,0.7631199127761489,0.38795041313178846,-0.11111860025104704,0.05849748209107997,wirtschaft+s+leistung schritt,1.7747800327531023
-4.609671107253427,0.7639083285889408,0.3890607685934313,-0.11114184017846453,0.05864450947135159,hielten,1.7734941477985697
-4.609671107253427,0.7639083285889408,0.3890607685934313,-0.11114184017846453,0.05864450947135159,schritt halt+en,1.7734941477985697
-0.9800037812658795,-1.7710211798309103,-0.7051386260038082,0.7380426160974235,-0.09565807152837741,sei,6.073802852878072
-4.611403648519779,0.7651027714267999,0.39074676823701804,-0.11117706878414284,0.05886772698540627,der sei,1.771544060058757
-4.612401651685172,0.7657897755546587,0.3917185983758943,-0.11119734218719037,0.05899637376110812,recipe,1.7704213426061908
-4.612401651685172,0.7657897755546587,0.3917185983758943,-0.11119734218719037,0.05899637376110812,sei recipe,1.7704213426061908
-4.613236223989816,0.7663636940869927,0.392531640575569,-0.11121428463580306,0.05910399048674087,for,1.7694828166295355
-4.613236223989816,0.7663636940869927,0.392531640575569,-0.11121428463580306,0.05910399048674087,recipe for,1.7694828166295355
-4.613697909189083,0.7666809569701162,0.3929815548812745,-0.11122365285693554,0.05916353844113679,disast…,1.7689637566577936
-4.613697909189083,0.7666809569701162,0.3929815548812745,-0.11122365285693554,0.05916353844113679,for disast…,1.7689637566577936
-4.614698777790206,0.7673681777027846,0.3939572469585335,-0.11124395117728807,0.05929266522552335,+4504,1.7678388319958058
-4.614698777790206,0.7673681777027846,0.3939572469585335,-0.11124395117728807,0.05929266522552335,disast… +4504,1.7678388319958058
-4.615338546454311,0.7678070556945668,0.3945811668955711,-0.11125691845121284,0.05937523000348236,+4504 char+s,1.7671199980161036
-3.9366057512314288,0.2545564752208205,-0.18649958071869283,-0.14247476898341183,0.001699000005213544,Wetter-Wirbel,2.5649412442792183
3.6679867005178535,-4.850481169681722,-0.9336063541019853,1.2315060586128312,-0.1456185918899519,Berlin,11.599534595319195
-3.7695355029075435,0.12640610312992062,-0.2984381350762513,-0.148448176131603,-0.009761375465157825,wetter+-+wirbel berlin,2.764747107193166
-3.634552663102119,0.02294025900912411,-0.3823205964571519,-0.15315431380690875,-0.018334268531328954,berlin nach,2.9266768484177326
-1.5683602085244308,-1.5210893799962024,-1.2105055677811172,-0.20245091326753517,-0.10854846540309887,Frost,5.420570975687945
-3.5086098862410147,-0.07341990780219132,-0.4558610250769258,-0.15746290095935161,-0.025836936400182527,nach frost,3.078055375175704
-0.6375758550327921,-2.1865382344325326,-1.445280764081899,-0.24076902656605503,-0.12622934267309488,drohen,6.5407575221189616
-3.263928686520636,-0.25990503188823655,-0.5872315428531061,-0.1656333747649446,-0.039205766066755854,frost droh+en,3.372712397647464
-2.4982499252852044,-0.8355382996461951,-0.9219250660839055,-0.18972911372221357,-0.07309569283362699,droh+en gewitter,4.296827328192997
-3.383647553436426,-0.16814087475170036,-0.5208638089079288,-0.1566437581380935,-0.03472110473035023,Schneeregen,3.2280776836241722
-3.383647553436426,-0.16814087475170036,-0.5208638089079288,-0.1566437581380935,-0.03472110473035023,gewitter schnee+regen,3.2280776836241722
-3.7055091307349577,0.07798710730285352,-0.3371643261275742,-0.14848227693450228,-0.014718479887618693,schnee+regen der,2.841135742836387
-3.766758702174726,0.12489904995801715,-0.29875350603317957,-0.1467047480953766,-0.010624644113946043,Wochenend-Wetter,2.767733074387465
-3.766758702174726,0.12489904995801715,-0.29875350603317957,-0.1467047480953766,-0.010624644113946043,der woche+n+end+-+wetter,2.767733074387465
-3.7695355029075435,0.12640610312992062,-0.2984381350762513,-0.148448176131603,-0.009761375465157825,woche+n+end+-+wetter berlin,2.764747107193166
2.9675442176355906,-4.407028967839136,-0.9709354746129446,1.1069371724657975,-0.14621607645975682,Brandenburg,10.77240300829423
2.9675442176355906,-4.407028967839136,-0.9709354746129446,1.1069371724657975,-0.14621607645975682,berlin brandenburg,10.77240300829423
-4.038035349367661,0.33352795247398515,-0.11068658487357735,-0.13509327726132164,0.007818229629765,November-Blues,2.4433987967004027
-4.038035349367661,0.33352795247398515,-0.11068658487357735,-0.13509327726132164,0.007818229629765,brandenburg november+-+blues,2.4433987967004027
-4.103868528916529,0.3836883171100678,-0.06215154012193086,-0.13380090237431908,0.013322930615421884,verfallen,2.365289616098119
-4.103868528916529,0.3836883171100678,-0.06215154012193086,-0.13380090237431908,0.013322930615421884,november+-+blues verfall+en,2.365289616098119
-1.9509067691397215,-1.1132056656719032,-0.6067918377883248,0.5236918389636335,-0.0732754870522328,Auch,4.918300529409736
-4.162787743817104,0.42842995195735023,-0.016974042784660803,-0.132334943882983,0.018304712118636803,auch woche+n+start,2.2955857173217886
-4.189611561059703,0.44875755635093184,0.004149870102075015,-0.13158432175748858,0.02059756137329658,woche+n+start geb+t,2.2639142962531253
-4.195169067425142,0.4531608115542789,0.008938673557113308,-0.13098385652175132,0.020914469334479276,geb+t un+gemütlich+e,2.2572529740170406
-4.198831420786227,0.4562609728533462,0.012559328835847983,-0.13003420836704188,0.020921071947117613,un+gemütlich+e aussicht+en,2.2527566339459293
-4.196182416072597,0.454530561388123,0.011217654540264965,-0.12916291777146494,0.020344109269958395,Grau,2.25573102720573
-4.191743773965779,0.451280906518323,0.008148216415632237,-0.12870890565118026,0.019747153935393703,grau nass,2.2609049403553207
-4.184211443627097,0.44564599770864977,0.0027208321236976696,-0.12822430256245426,0.01884094452084848,trüb,2.269751250152688
-4.184211443627097,0.44564599770864977,0.0027208321236976696,-0.12822430256245426,0.01884094452084848,nass trüb,2.269751250152688
-4.17204172880887,0.4364081850981294,-0.006201514754320014,-0.12768331602991595,0.01747088375582235,trüb der,2.284119476620301
-2.854673961739349,-0.5689920196622249,-0.7729915711724694,-0.17146377466120405,-0.06132851879369022,der wetter,3.8663160728750694
-4.09803373273099,0.3786884236685897,-0.06034957673982161,-0.12576445173457207,0.009785235812840791,wetter berlin,2.3724222162981645
-4.210067395859059,0.4654718632812276,0.024454803794641655,-0.12608466683186292,0.02055560376461505,brandenburg woche+n+ende,2.239111336402633
-4.242524475388323,0.490097326329342,0.05002277619770057,-0.12614528964031652,0.023775544797489674,endgültig,2.200844253531356
-4.242524475388323,0.490097326329342,0.05002277619770057,-0.12614528964031652,0.023775544797489674,woche+n+ende endgültig,2.200844253531356
-4.268906215439113,0.5099526396734289,0.07124063154203808,-0.1260672342038684,0.026384039373519096,November-Modus,2.169852127015148
-4.268906215439113,0.5099526396734289,0.07124063154203808,-0.1260672342038684,0.026384039373519096,endgültig november+-+modus,2.169852127015148
-4.291309305572694,0.5267255687902479,0.08958711311691875,-0.12589535102265242,0.02858806366212862,angekommen,2.1436001892467154
-4.291309305572694,0.5267255687902479,0.08958711311691875,-0.12589535102265242,0.02858806366212862,november+-+modus an+ge+komm+en,2.1436001892467154
-4.309899340598129,0.5405977427771489,0.10505007163933189,-0.12567390005591544,0.030407941725321207,der samstag,2.121854889850023
-4.3178365290916645,0.5465106822696866,0.11171957863586712,-0.1255573497765729,0.031182512969733213,samstag bleib+t,2.112579794514356
-4.327658092359563,0.5538206355274375,0.1200289075054996,-0.12539516579631788,0.03213912841983243,bleib+t aussicht+en,2.101109669585229
-4.339453535163818,0.5625911430873984,0.13009099513569555,-0.12517477257835563,0.03328562899014622,aussicht+en deutsch+en,2.08734390495984
-3.929609214833925,0.2502995149802114,-0.18840264247084615,-0.13900603196260197,-0.00017607726451756428,zufolge,2.572683034804371
-4.359664272659726,0.5776006916444065,0.14754210604979712,-0.12473542703436076,0.03524559752215609,dwd zufolge,2.0637797770835453
-4.364193596444505,0.5809616172170302,0.15148937520430078,-0.12462686663990134,0.03568432282742185,durchgehe…,2.058502711370024
-4.364193596444505,0.5809616172170302,0.15148937520430078,-0.12462686663990134,0.03568432282742185,zufolge durchgehe…,2.058502711370024
-4.370570349527068,0.5856917834110815,0.157069188885885,-0.12446809889344408,0.03630182739257771,+1582,2.05107552696575
-4.370570349527068,0.5856917834110815,0.157069188885885,-0.12446809889344408,0.03630182739257771,durchgehe… +1582,2.05107552696575
-4.373589719082036,0.5879308486519028,0.15972038494465485,-0.12439056950185072,0.03659417271448597,+1582 chars,2.047559719087566
-1.9674010854420008,-1.0948608258593224,-0.5101623385569316,0.6560038125961426,-0.06767787613204762,Meteorologen,4.9003058222671
-4.087024832316905,0.3697450770630717,-0.0770318947152148,-0.13692167159513746,0.01291976401889134,wetter meteorologe+n,2.385859147732578
-4.034394646803107,0.3294846545720176,-0.11633995623697965,-0.13888636578785646,0.008889749520023561,rechnen,2.4484133860357837
-4.034394646803107,0.3294846545720176,-0.11633995623697965,-0.13888636578785646,0.008889749520023561,meteorologe+n rechn+en,2.4484133860357837
9.258601269037797,-8.52319681013688,-1.3071025496072064,0.8930610393774883,-0.16651533462755713,Schnee,18.23969253527335
-3.9700607319444003,0.28020370842521225,-0.162904154116442,-0.14125560792600272,0.004116859744996516,rechn+en schnee,2.5250351445317225
-3.8976571593125304,0.224686765485705,-0.21345601581648443,-0.14388382132548172,-0.0010625047021059,Oberharz,2.611448056824336
-3.8976571593125304,0.224686765485705,-0.21345601581648443,-0.14388382132548172,-0.0010625047021059,schnee ober+harz,2.611448056824336
-3.8076698444707686,0.1556569289918044,-0.27371524453419943,-0.1471002874843328,-0.0072319581007905046,ober+harz schauer,2.7190730274687684
-2.774487422360698,-0.6287602215232697,-0.8108198657410463,-0.1790272392598512,-0.062879586389809,schauer kühl+e,3.9629566405536774
-0.5755349989203689,-2.2300549114092685,-1.4565010085339032,-0.2400486921528892,-0.12841228488987894,temperatur+en gewitter,6.615109795176523
-2.2302244680514183,-1.03445428498686,-1.010873646206405,-0.18827793354228073,-0.08631290669529762,gewitter sogar,4.6205742452440335
-2.7955879851422814,-0.6142962903310654,-0.796192412047283,-0.1708045415503131,-0.0648004278810832,sogar schnee,3.9381319054862263
-2.893331802378679,-0.5394702558302824,-0.7581421870519383,-0.17273807882611958,-0.05870701824208191,schnee der,3.819426340143554
-3.430781724413773,-0.1322729106502547,-0.49751366055316565,-0.15790583052557944,-0.03106509025086956,lädt,3.17138885295571
-3.430781724413773,-0.1322729106502547,-0.49751366055316565,-0.15790583052557944,-0.03106509025086956,tag+en lad+t,3.17138885295571
-3.4739903334267175,-0.09931015204957072,-0.47376506962850423,-0.1566234760789013,-0.028568509026941438,eher,3.119395839580013
-3.4739903334267175,-0.09931015204957072,-0.47376506962850423,-0.1566234760789013,-0.028568509026941438,lad+t eher,3.119395839580013
-3.5342977005387675,-0.053256317790532526,-0.4398141872762058,-0.15480908478465555,-0.025004391168650827,gemütlichen,3.046868153125345
-3.5342977005387675,-0.053256317790532526,-0.4398141872762058,-0.15480908478465555,-0.025004391168650827,eher gemütlich+en,3.046868153125345
-3.6092842609876854,0.004075764481795474,-0.3962334970572057,-0.15251157121044318,-0.02043746883848606,Abenden,2.9567611164288374
-3.6092842609876854,0.004075764481795474,-0.3962334970572057,-0.15251157121044318,-0.02043746883848606,gemütlich+en abend+en,2.9567611164288374
-3.6514939946434235,0.0363767530417638,-0.37100583314290736,-0.15119722962864035,-0.017797764313892364,daheim,2.9060811699969076
-3.6514939946434235,0.0363767530417638,-0.37100583314290736,-0.15119722962864035,-0.017797764313892364,abend+en daheim,2.9060811699969076
-4.170459917422893,0.4336221023461464,-0.012040718220822866,-0.13339686452244165,0.019422818343653066,Autofahrer,2.2868567102579593
-4.193133260427568,0.4508630063077721,0.0060282418369848045,-0.13256593748720208,0.021294713433390823,auto+fahrer soll+ten,2.260058321794279
-4.064278886422541,0.35367109914806183,-0.08820055509325836,-0.13024025701874603,0.008375905783779773,jedoch,2.4121299215453442
-4.203463568677131,0.4586810834966253,0.014293950914600007,-0.13223609364248345,0.02217380743268251,soll+ten jedoch,2.247874538542921
-4.194982916148211,0.45209599289861213,0.007260661637127408,-0.13279011173913047,0.02155457857412566,aufpassen,2.257965086707779
-4.194982916148211,0.45209599289861213,0.007260661637127408,-0.13279011173913047,0.02155457857412566,jedoch auf+pass+en,2.257965086707779
-4.1545078036878005,0.4212620147448829,-0.024945132816629634,-0.13436356795195975,0.01826014763488474,auf+pass+en teils,2.3058445997589363
-4.139227023279015,0.4096089843505102,-0.03691049932266266,-0.1349469104356102,0.017033389951287815,glatt,2.3239425300904566
-4.139227023279015,0.4096089843505102,-0.03691049932266266,-0.1349469104356102,0.017033389951287815,teils glatt,2.3239425300904566
-3.8076698444707686,0.1556569289918044,-0.27371524453419943,-0.1471002874843328,-0.0072319581007905046,hin+zu+füg+en schauer,2.7190730274687684
-4.170459917422893,0.4336221023461464,-0.012040718220822866,-0.13339686452244165,0.019422818343653066,Autofahrer…,2.2868567102579593
-4.196928406815402,0.45374686319387814,0.009075608945048441,-0.13242593205754327,0.021610212583615195,+2347,2.2555756020291486
-4.196928406815402,0.45374686319387814,0.009075608945048441,-0.13242593205754327,0.021610212583615195,autofahrer… +2347,2.2555756020291486
-4.207784571433544,0.46199292140473536,0.01782939295096808,-0.132023969105103,0.022516191398420586,+2347 char+s,2.2427573112333734
-4.052721216550862,0.3441437868696049,-0.09505842191027533,-0.1282493518979681,0.0065814607125408014,wetter schnee,2.4262019928314986
2.1320368998096777,-4.116459113097418,-1.8550576979298001,-0.3006477500213623,-0.17115910256527428,Glätte,9.86748158420087
-3.9966768403112396,0.3001058381673727,-0.134748100128213,-0.12835342810693007,0.0016257872905434123,schnee glätte,2.493467514861768
-4.0804002249284235,0.3661545974164131,-0.0766987355748665,-0.13047111624497298,0.009931242486373636,Mitteldeutschland,2.3929042606266995
-4.0804002249284235,0.3661545974164131,-0.0766987355748665,-0.13047111624497298,0.009931242486373636,glätte mittel+deutsch+land,2.3929042606266995
-2.8321640445257352,-0.5009739755925238,-0.22686688030547278,0.628984133248906,-0.039625518053832076,Bergen,3.8792427106817486
-4.107958291907924,0.38683145893131576,-0.05898234293325083,-0.13360093607255552,0.013627313309609555,mittel+deutsch+land berg+en,2.3604270536907532
-3.611310149032007,0.005789681561880755,-0.39443026999538466,-0.15167505373884405,-0.02059924785064919,Mitteldeutschlands,2.9542352465793753
-3.611310149032007,0.005789681561880755,-0.39443026999538466,-0.15167505373884405,-0.02059924785064919,berg+en mittel+deutsch+land+s,2.9542352465793753
-3.496453026796499,-0.08264208467195777,-0.4625907183531073,-0.1576920244806287,-0.026605363703410097,schneien,3.0926426903623456
-3.496453026796499,-0.08264208467195777,-0.4625907183531073,-0.1576920244806287,-0.026605363703410097,mittel+deutsch+land+s schnei+en,3.0926426903623456
-3.400999817302203,-0.15582556362118827,-0.5159128890437725,-0.16173661149233637,-0.031660529501788076,tieferen,3.2077112714879203
-3.400999817302203,-0.15582556362118827,-0.5159128890437725,-0.16173661149233637,-0.031660529501788076,schnei+en tief+er+en,3.2077112714879203
-3.3078761173147013,-0.22696661968323162,-0.5655604717962813,-0.1653254374560515,-0.03648847330978258,tief+er+en lieg+en,3.3200073637317233
-3.098152786597267,-0.3862345927912356,-0.6697851457545994,-0.17251997425089272,-0.046913456844509954,lieg+en regen,3.5729731465932764
-0.9053309344854661,-1.995140198358048,-1.3857447944296588,-0.2323174905387274,-0.12086772665857665,Graupel,6.218054347009134
-2.924934390109658,-0.5170407173926592,-0.7492148777468262,-0.17821815533460406,-0.054885290828808386,regen graupel,3.782051329365564
-2.559218841765207,-0.7909941780398344,-0.9001024026101788,-0.18969689653802474,-0.07007380091489773,graupel teils,4.223661878870645
-2.086996782664757,-1.1404464018921558,-1.0672693573772283,-0.20368536079850846,-0.08695057483534335,teils sogar,4.793853727336942
9.825895962060766,-8.930975640542709,-1.4760300769777421,0.6414532265776729,-0.16614026129063014,sogar gewitter,18.926207587774343
-2.3483694595541826,-0.9473839533749309,-0.9778841765711094,-0.19563735147997707,-0.07810389720256827,gewitter erwart+et,4.478161245363559
-2.93857218084026,-0.5061119110479724,-0.7420321287205394,-0.1763034192703356,-0.05482726417190348,der wetter+dienst,3.7652275220780487
-3.808808122668839,0.15745189213460198,-0.2703592612726445,-0.14376791685072837,-0.008374046097905999,kündigt,2.7172005943634865
-3.808808122668839,0.15745189213460198,-0.2703592612726445,-0.14376791685072837,-0.008374046097905999,wetter+dienst kündig+t,2.7172005943634865
-3.8044604438479857,0.15404370890429364,-0.27072080174992025,-0.1406729357343608,-0.00987558497258021,kündig+t glätte,2.722415397132856
-3.818374000220397,0.1640336467483281,-0.2596317190030685,-0.13753120072428915,-0.009933329653682918,glätte frost,2.7060920378865427
-3.9857516591743356,0.2934812786787022,-0.14824217700462858,-0.1363795520543698,0.003678348222450875,frost nacht,2.505644317491401
-4.149724135445856,0.41782490790144955,-0.028383347007009452,-0.13417268389918563,0.01773887838896384,hin+zu+füg+en berg+en,2.311397019913953
-3.944208822133579,0.25846904379106217,-0.1836840378739374,-0.14518442251665498,0.003336599614143995,kündi…,2.5568913082382574
-3.944208822133579,0.25846904379106217,-0.1836840378739374,-0.14518442251665498,0.003336599614143995,wetter+dienst kündi…,2.5568913082382574
-4.000357971608923,0.3016588167939911,-0.143468690928609,-0.1428507227196235,0.0073316867521234855,+705,2.4898684981150074
-4.000357971608923,0.3016588167939911,-0.143468690928609,-0.1428507227196235,0.0073316867521234855,kündi… +705,2.4898684981150074
-4.029045066889951,0.3237143694168314,-0.12244986688881421,-0.14164049951612478,0.009418055363133941,+705 char+s,2.455669494207191
-3.9346444711450257,0.23697412009309105,-0.19965527210362072,-0.1555403207925256,0.006233667826193404,Ibiza/Formentera,2.575756488329061
-3.500434763036749,-0.16449884659455383,-0.4893413905632755,-0.18938032233638635,-0.014820334966112042,ibiza/formentera warnung,3.1326958952575428
-3.7312786827206965,0.08667073158557215,-0.33162947237171325,-0.16020408894723326,-0.00844416569690748,warnung stark+reg+en,2.816125733336796
-3.324940294992093,-0.2161509862204103,-0.5593183896854832,-0.16809404561859642,-0.03434801865920986,stark+reg+en nacht,3.3006165477302867
-0.8480500951885954,-2.0379009771607524,-1.401683393501982,-0.23805043372939788,-0.12057034447952947,nacht gewitter,6.288069501140716
-2.549669465875217,-0.796592654251874,-0.9000267017433551,-0.18504911997530182,-0.07229149133175822,heftiger,4.234344925194258
-2.7257238890659172,-0.666943037589439,-0.8344298761079242,-0.18509309461935647,-0.06321330430343292,gewitter heftig+er,4.022754398233291
-3.0205869877795584,-0.4451524716783828,-0.706424334477352,-0.1755815652950895,-0.05036931172781178,heftig+er regen,3.666726667960008
-3.21413587626828,-0.29839311601264984,-0.613495816948104,-0.16882470202177596,-0.041170045910972036,ganzen,3.4331102027515072
-3.21413587626828,-0.29839311601264984,-0.613495816948104,-0.16882470202177596,-0.041170045910972036,regen ganz+en,3.4331102027515072
-3.3083841385088664,-0.22658930995184456,-0.5653122092980675,-0.16532785957677448,-0.036454561371223465,ganz+en tag,3.3194001801101365
-3.3626082361910288,-0.1851780209007099,-0.5366381894324863,-0.1632352149271875,-0.03367121845120838,davor,3.2539993854395934
-3.3626082361910288,-0.1851780209007099,-0.5366381894324863,-0.1632352149271875,-0.03367121845120838,tag davor,3.2539993854395934
-3.4174221313974464,-0.14324069125744043,-0.5068979407154782,-0.1610409160623099,-0.030808694681402234,turnt,3.1879042064692458
-3.4174221313974464,-0.14324069125744043,-0.5068979407154782,-0.1610409160623099,-0.030808694681402234,davor turn+t,3.1879042064692458
-3.4898752643291617,-0.08768702010645613,-0.4663361033672314,-0.1579683558762915,-0.026962829865088658,turn+t spanisch+e,3.100567047527096
-3.62630592364289,0.017337264855387557,-0.38519299113724603,-0.15079294709185936,-0.01982114648184395,Stufe,2.9361848519964786
-3.62630592364289,0.017337264855387557,-0.38519299113724603,-0.15079294709185936,-0.01982114648184395,aemet stufe,2.9361848519964786
-3.638944212990251,0.02709296992029908,-0.37714292263199245,-0.14976993035163416,-0.01926380411289208,stufe gelb,2.920961467079466
-3.6481286651037226,0.034176359843297366,-0.3710877261293172,-0.14879537276067062,-0.018941653114794788,Dazu,2.9099019795984447
-3.3355364144723274,-0.205018537480548,-0.545334203471533,-0.15687231146330471,-0.037827877468029486,empfindlich,3.2861395824615114
-3.6545064986296834,0.03899183078909707,-0.3658558851435526,-0.14678642765087402,-0.019213042783807893,dazu empfindlich,2.90226558941956
-3.6305142943653057,0.0200536493237522,-0.3785415299540612,-0.1452119256700884,-0.021590554504747214,empfindlich kühl+er,2.931347536127283
-3.4262497893233292,-0.14183183687885692,-0.4893057100780421,-0.14371436325877585,-0.03667671482660265,kühl+er ibiza,3.179923081612704
-3.54630432112068,-0.04534823345961625,-0.42657729574464137,-0.14603417646905315,-0.02742101276811437,runter,3.0330245036299264
-3.54630432112068,-0.04534823345961625,-0.42657729574464137,-0.14603417646905315,-0.02742101276811437,formentera runter,3.0330245036299264
-3.427374101810377,-0.1348395662185915,-0.4992036643993276,-0.15779549858653474,-0.031338452169575676,Grad,3.1754716910604355
-4.0316148395527645,0.3282685462584758,-0.11656281856743231,-0.13676770489066475,0.007863881085246244,runter grad,2.45122833499787
-4.023071297516978,0.3215329646697762,-0.12329482932202696,-0.13765634207427108,0.007432030194219091,Höchsttemperatur,2.4615008950690322
-4.023071297516978,0.3215329646697762,-0.12329482932202696,-0.13765634207427108,0.007432030194219091,grad höchsttemperatur,2.4615008950690322
-3.9550348032067095,0.26857924291219937,-0.17372876160967574,-0.14201714961499662,0.003103734698740368,höchsttemperatur freitag,2.543010910091195
-3.861018390670775,0.19584616459382298,-0.23946894697595827,-0.14659435774506563,-0.003096550771002911,und halt+en,2.6556357680915914
-3.7865193721265156,0.13835093176996094,-0.28912855989654207,-0.1498631855454371,-0.007899251922028123,halt+en sie,2.7449831019014765
-3.307645606145445,-0.2287915397353364,-0.567796078309726,-0.168019080586496,-0.03550254382258161,sie nacht,3.3211772705549762
-4.199084793404598,0.45699034514558834,0.014587021463120797,-0.1277610261482025,0.020107831961989904,13…,2.252160657994751
-4.199084793404598,0.45699034514558834,0.014587021463120797,-0.1277610261482025,0.020107831961989904,runter 13…,2.252160657994751
-4.213205184315574,0.46768465989688224,0.025635437227406188,-0.12770918105552237,0.02146433584275626,+594,2.2355107658497655
-4.213205184315574,0.46768465989688224,0.025635437227406188,-0.12770918105552237,0.02146433584275626,13… +594,2.2355107658497655
-4.225382517759757,0.4768816902579578,0.03525307471623279,-0.12763790471720682,0.02263217977546416,+594 chars,2.2211711216538395
-4.0703072929557935,0.32306145187587076,-0.06534803544560264,-0.09990645727465601,-0.0028137684070455027,schnee hagel,2.4229535446382573
-3.815769532708231,0.09422358565167199,-0.2353501867132612,-0.09537468575879236,-0.026380808402131046,Windhose,2.744207541668079
-4.294248931179466,0.5178740070549868,0.10648050660949637,-0.10444049819720434,0.02070701004198152,hagel wind+hose,2.1456570184482127
-4.398071768869418,0.6038958671963954,0.19409138731037695,-0.10665645913886516,0.03257448355589269,Wintereinbruch,2.0200418047807998
-4.398071768869418,0.6038958671963954,0.19409138731037695,-0.10665645913886516,0.03257448355589269,wind+hose winter+einbruch,2.0200418047807998
-4.14882451185612,0.39241269138045864,-0.007654632292391661,-0.10144584011230164,0.005118372092806765,Mallorca,2.3249590735094916
-4.398071768869418,0.6038958671963954,0.19409138731037695,-0.10665645913886516,0.03257448355589269,winter+einbruch mallorca,2.0200418047807998
-2.0325638315046017,-1.2162995131232814,-1.0528015035415068,-0.16562954920249107,-0.103194105677055,Kälte,4.878340291758972
-4.325101035640971,0.5438102525033817,0.13196862051134906,-0.10509441215346592,0.024168647260834432,mallorca kälte,2.108085347200647
-4.392725299928252,0.5995603738540554,0.18945110281523042,-0.10654152512943364,0.03194817184044973,kälte schnee,2.026449814758903
-4.373675885261632,0.5840224907830958,0.1730322104169642,-0.1061324678520547,0.029730018903153445,überraschen,2.0493389812747913
-4.373675885261632,0.5840224907830958,0.1730322104169642,-0.1061324678520547,0.029730018903153445,schnee überrasch+en,2.0493389812747913
-4.398071768869418,0.6038958671963954,0.19409138731037695,-0.10665645913886516,0.03257448355589269,überrasch+en mallorca,2.0200418047807998
-4.294248931179466,0.5178740070549868,0.10648050660949637,-0.10444049819720434,0.02070701004198152,mallorca wind+hose,2.1456570184482127
-4.325101035640971,0.5438102525033817,0.13196862051134906,-0.10509441215346592,0.024168647260834432,wind+hose hagel,2.108085347200647
-4.265185819283781,0.49319345244157486,0.08288602894373037,-0.10382948477108493,0.01749607068597029,Tramuntana-Gebirge,2.1812164130657083
-4.4540080533746265,0.6485264544255978,0.24348687019302018,-0.10785989345258094,0.03922539280605437,blieb,1.9534556454274807
-4.4540080533746265,0.6485264544255978,0.24348687019302018,-0.10785989345258094,0.03922539280605437,tramuntana-gebirg+e bleib,1.9534556454274807
-4.4643820367036735,0.6566459958999075,0.2528182358024623,-0.10808281563352572,0.040478454311847996,bleib sogar,1.9412041611605062
-4.480922959421121,0.6694811933195349,0.2678070953745467,-0.10843771054697525,0.042488942565979966,liegen,1.9217375914246615
-4.480922959421121,0.6694811933195349,0.2678070953745467,-0.10843771054697525,0.042488942565979966,schnee lieg+en,1.9217375914246615
-4.492605071933307,0.678460533171089,0.2784746992052106,-0.10868781299439183,0.04391807499444673,spektakuläre,1.908041285530286
-4.492605071933307,0.678460533171089,0.2784746992052106,-0.10868781299439183,0.04391807499444673,ein spektakulär+e,1.908041285530286
-4.501424864144832,0.6851910533605341,0.2865732621398126,-0.10887626123753831,0.04500206068678187,spektakulär+e wind+hose,1.897730298977303
-4.5064047558560185,0.688972289293987,0.291162894434859,-0.10898250105274969,0.045616003245344074,peitscht,1.8919198950335323
-4.5064047558560185,0.688972289293987,0.291162894434859,-0.10898250105274969,0.045616003245344074,wind+hose peitsch+t,1.8919198950335323
-4.510705324092105,0.6922264807946998,0.29513628100368405,-0.10907414485276466,0.04614729163546517,eiskalt,1.8869088655749375
-4.510705324092105,0.6922264807946998,0.29513628100368405,-0.10907414485276466,0.04614729163546517,peitsch+t eiskalt,1.8869088655749375
-4.516731219238918,0.6967684249759183,0.30071905902551044,-0.10920238172217554,0.04689342704865843,Bucht,1.879898158582423
-4.516731219238918,0.6967684249759183,0.30071905902551044,-0.10920238172217554,0.04689342704865843,eiskalt bucht,1.879898158582423
-4.520138218605682,0.699327098870681,0.3038834287106532,-0.10927479101143377,0.04731616244147694,Purt,1.8759399327560922
-4.520138218605682,0.699327098870681,0.3038834287106532,-0.10927479101143377,0.04731616244147694,bucht purt,1.8759399327560922
-4.522585791183156,0.7011610384093204,0.3061602183306058,-0.10932676501122864,0.04762024270087168,Sóller,1.873098874739863
-4.522585791183156,0.7011610384093204,0.3061602183306058,-0.10932676501122864,0.04762024270087168,purt sóller,1.873098874739863
-4.524555034283431,0.7026340018695845,0.307994190217296,-0.10936855384010628,0.04786513215906749,vorbei,1.870814580759164
-4.524555034283431,0.7026340018695845,0.307994190217296,-0.10936855384010628,0.04786513215906749,sóller vorbei,1.870814580759164
-4.526634225152657,0.7041867024509783,0.30993262274752365,-0.10941264815003547,0.04812392202572872,Weiter,1.868404243336851
-4.388956657253425,0.5964975470839393,0.186188703456104,-0.10646053906184515,0.03150768356176873,oben,2.0309710299271955
-4.5283213684229064,0.705444729771602,0.3115071069860379,-0.10944840675395294,0.04833408658341582,weiter oben,1.8664495274233333
-4.530116331445661,0.7067812748802296,0.31318374308386077,-0.10948642908539395,0.048557850498578754,oben tramuntana-gebirg+e,1.8643710124462052
-4.5338995867427805,0.7095919315345334,0.3167227676948755,-0.10956649442701961,0.04903004659270944,wirbeln,1.8599939191929673
-4.5338995867427805,0.7095919315345334,0.3167227676948755,-0.10956649442701961,0.04903004659270944,tramuntana-gebirg+e wirbel+n,1.8599939191929673
-4.535321794953954,0.7106462623452116,0.3180549756322715,-0.10959656588550797,0.049207754018405055,Flocken,1.8583498175681021
-4.535321794953954,0.7106462623452116,0.3180549756322715,-0.10959656588550797,0.049207754018405055,wirbel+n flocke+n,1.8583498175681021
-4.538518249397196,0.7130113650976981,0.3210527603287373,-0.109664097158456,0.049607551625210446,höchsten,1.8546573489726486
-4.538518249397196,0.7130113650976981,0.3210527603287373,-0.109664097158456,0.049607551625210446,auf hoch+st+en,1.8546573489726486
-4.539813043977649,0.713967605070599,0.3222684996528261,-0.10969142998383961,0.04976965376744814,Gipfel,1.8531627008622138
-4.539813043977649,0.713967605070599,0.3222684996528261,-0.10969142998383961,0.04976965376744814,hoch+st+en gipfel,1.8531627008622138
-4.5414214258496575,0.7151539858776563,0.3237798193776359,-0.10972536434588125,0.04997113997733519,Puig,1.851306924753708
-4.5414214258496575,0.7151539858776563,0.3237798193776359,-0.10972536434588125,0.04997113997733519,gipfel puig,1.851306924753708
-4.5420554393887675,0.7156212058695329,0.32437591846067304,-0.10973873543129405,0.050050602352373165,Major,1.8505756532681787
-4.5420554393887675,0.7156212058695329,0.32437591846067304,-0.10973873543129405,0.050050602352373165,puig major,1.8505756532681787
-4.542910278893244,0.7162507596592584,0.3251799482936687,-0.10975675856366608,0.05015777519063309,1445,1.8495899172851087
-4.542910278893244,0.7162507596592584,0.3251799482936687,-0.10975675856366608,0.05015777519063309,major 1445,1.8495899172851087
-4.543498800255923,0.716683914879945,0.3257336963801538,-0.10976916332283586,0.05023158178931523,1445 meter,1.8489114371185233
-4.544404656109878,0.7173502047983354,0.3265863588580392,-0.10978825131987467,0.050345221313042816,bleiben…,1.8478673683303133
-4.544404656109878,0.7173502047983354,0.3265863588580392,-0.10978825131987467,0.050345221313042816,meter bleiben…,1.8478673683303133
-4.273680190298036,0.5139008533721177,0.07859075184371633,-0.12160843342336318,0.02521188627296058,+1801,2.164025368950579
-4.545479519121365,0.7181401349612346,0.32759862272907314,-0.10981089189246289,0.05048011923078522,bleiben… +1801,1.846628903305369
-4.276575361677706,0.5161124009187803,0.08098879319960833,-0.1215522466302751,0.025484067013795984,+1801 chars,2.160609321188153
-4.065409869795939,0.3527085769489333,-0.09405005350829898,-0.13860456657480702,0.011569210153782657,Steirische,2.4118063075282787
-4.01485147454917,0.3139368007122787,-0.13151724155524416,-0.140638193499509,0.007798440778349243,Hagelabwehr,2.4719840464628846
-4.01485147454917,0.3139368007122787,-0.13151724155524416,-0.140638193499509,0.007798440778349243,steirisch+e hagel+abwehr,2.4719840464628846
-3.9407683302837913,0.25705524443320016,-0.18463297312307692,-0.1435849621288483,0.002460018987881632,weltweit,2.5603451389219782
-3.9407683302837913,0.25705524443320016,-0.18463297312307692,-0.1435849621288483,0.002460018987881632,hagel+abwehr weltweit,2.5603451389219782
-3.8633939002144406,0.19760142504454548,-0.23796119377731229,-0.1466180326545451,-0.002893049696114286,führend,2.652831104127383
-3.8633939002144406,0.19760142504454548,-0.23796119377731229,-0.1466180326545451,-0.002893049696114286,weltweit führ+end,2.652831104127383
-3.7663826561540477,0.12305517061682614,-0.30191881141798316,-0.15035264321183905,-0.009307418508481408,Wenn,2.7690275986670496
-3.7663826561540477,0.12305517061682614,-0.30191881141798316,-0.15035264321183905,-0.009307418508481408,führ+end wenn,2.7690275986670496
-3.503664067353796,-0.07842361244387819,-0.46059991781367937,-0.16007031590945398,-0.0252184049234809,Steiermark,3.084668658074981
-3.503664067353796,-0.07842361244387819,-0.46059991781367937,-0.16007031590945398,-0.0252184049234809,wenn steiermark,3.084668658074981
-2.601780637454478,-0.7600532582779125,-0.8845678286363965,-0.18967901995012693,-0.0679277374120108,steiermark gewitter,4.17269312086172
-3.4083459683647517,-0.15077006693902306,-0.5128194829901647,-0.16260682663792947,-0.030841851715578458,aufziehen,3.199162525131645
-3.4083459683647517,-0.15077006693902306,-0.5128194829901647,-0.16260682663792947,-0.030841851715578458,gewitter auf+zieh+en,3.199162525131645
-3.6672544030861465,0.048108356536843866,-0.36226264358522053,-0.15172571313997746,-0.016419891333534872,läuft,2.887350001910988
-3.6672544030861465,0.048108356536843866,-0.36226264358522053,-0.15172571313997746,-0.016419891333534872,auf+zieh+en lauf+t,2.887350001910988
-2.8417699657728726,-0.5173349995865784,-0.5209169205487467,0.1992125680091658,-0.05268282044998274,oft,3.863491879195639
-3.7335267013626123,0.09933790571448076,-0.3200863169617728,-0.1481144952016022,-0.012696804231694746,lauf+t oft,2.807607617503286
-3.7609616755736592,0.1206168744663203,-0.30184478909735624,-0.14611670450929537,-0.011298151122690593,oft mehr,2.774587172973848
-3.775588248644894,0.13196652484182647,-0.29013807152549925,-0.14259210533046413,-0.011457390130956542,Hintergrund,2.756966498755736
-3.775588248644894,0.13196652484182647,-0.29013807152549925,-0.14259210533046413,-0.011457390130956542,mehr hintergrund,2.756966498755736
-3.9153641836284248,0.23942771482725056,-0.19705287932284865,-0.13791392796634766,-0.0017873763375926138,hintergrund vermut+et,2.5896484261266886
-3.986389002041934,0.29394804373168015,-0.14796293262326207,-0.13658512351017993,0.0038102385089893442,Technik,2.5048980703733053
-3.986389002041934,0.29394804373168015,-0.14796293262326207,-0.13658512351017993,0.0038102385089893442,vermut+et technik,2.5048980703733053
-3.9648746675485396,0.2773722978869808,-0.1612372854732602,-0.13464285601177123,0.00121893147771443,Forschung,2.5305648806173053
-3.9648746675485396,0.2773722978869808,-0.1612372854732602,-0.13464285601177123,0.00121893147771443,technik forschung,2.5305648806173053
-3.9900374499807585,0.29643965734391964,-0.14215847613960766,-0.13225211676994325,0.0025122086069355315,Team,2.5006718368659633
-3.9900374499807585,0.29643965734391964,-0.14215847613960766,-0.13225211676994325,0.0025122086069355315,forschung team,2.5006718368659633
-4.071905082270121,0.3596749812532063,-0.08413022245388357,-0.13213654384326656,0.009776715711889046,team versuch+t,2.402998680826072
-4.01485147454917,0.3139368007122787,-0.13151724155524416,-0.140638193499509,0.007798440778349243,versuch+t hagel,2.4719840464628846
-4.182556744511865,0.4438342350612836,-0.0005538120162910665,-0.13071789986594484,0.01960141638645143,bevor,2.272013838075108
-4.182556744511865,0.4438342350612836,-0.0005538120162910665,-0.13071789986594484,0.01960141638645143,verhinder+n bevor,2.272013838075108
-4.202224849398697,0.45869921022222115,0.014966232234864263,-0.1303057120532644,0.0213496929042084,bevor entsteh+t,2.248825056419091
-4.2294706095697725,0.4792596062440395,0.03680548651033283,-0.1296637222685425,0.023777457998052094,steirische,2.2167420708560313
-4.2294706095697725,0.4792596062440395,0.03680548651033283,-0.1296637222685425,0.023777457998052094,ein steirisch+e,2.2167420708560313
-4.246282472000179,0.4919292948046936,0.05047924623329725,-0.1292295147634669,0.02528045876466304,Lösung,2.1969681248681914
-4.246282472000179,0.4919292948046936,0.05047924623329725,-0.1292295147634669,0.02528045876466304,steirisch+e lösung,2.1969681248681914
-4.263613023596811,0.5049766611837083,0.06473381198752254,-0.1287538866844612,0.026834979386549364,lösung hagel,2.1766022826546285
-4.270857480979873,0.5104266740616448,0.07074044434024346,-0.12854710595980368,0.027486579285954042,hagel zieh+t,2.1680945558010363
-2.56919105782566,-0.7826591938698368,-0.8947276850215982,-0.18736479459688204,-0.07044626627503137,derzeit,4.211120656103933
-4.277694575734934,0.5155680275428036,0.07643534233275895,-0.12834783463058974,0.028102598251775697,zieh+t derzeit,2.160068256692032
-4.286245331381861,0.5219949584784431,0.0835932621829713,-0.12809316658565562,0.028874554811354904,internationale,2.150034421319326
-4.286245331381861,0.5219949584784431,0.0835932621829713,-0.12809316658565562,0.028874554811354904,derzeit international+e,2.150034421319326
-4.300782564396203,0.5329134183732163,0.09585371701123607,-0.1276468708023215,0.03019118360948949,Aufmerksamkeit,2.1329866595977336
-4.300782564396203,0.5329134183732163,0.09585371701123607,-0.1276468708023215,0.03019118360948949,international+e aufmerksamkeit,2.1329866595977336
-4.313697629030119,0.5426046718841724,0.10684277897805633,-0.12723698348279983,0.03136570923959261,aufmerksamkeit au…,2.117852964287625
-4.333071948064337,0.5571262415337535,0.1234994514050452,-0.12659993804676506,0.033136937927770484,Generatoren,2.095171857745716
-4.333071948064337,0.5571262415337535,0.1234994514050452,-0.12659993804676506,0.033136937927770484,au… generator+en,2.095171857745716
-4.343478707169806,0.5649176417176807,0.13253194682371183,-0.12624738654893392,0.03409327413251844,steirischen,2.0829998717378064
-4.343478707169806,0.5649176417176807,0.13253194682371183,-0.12624738654893392,0.03409327413251844,generator+en steirisch+en,2.0829998717378064
-4.350661443823692,0.5702914935601147,0.1388012031208894,-0.12600002874584487,0.03475546098715047,Hagelabwehrgenossenschaft,2.0746033923332967
-4.350661443823692,0.5702914935601147,0.1388012031208894,-0.12600002874584487,0.03475546098715047,steirisch+en hagel+abwehr+genossenschaft,2.0746033923332967
-4.3691208435939615,0.5840872028235256,0.1550449664248994,-0.12534990523647893,0.03646560754750847,internationales,2.0530425391035196
-4.3691208435939615,0.5840872028235256,0.1550449664248994,-0.12534990523647893,0.03646560754750847,hagel+abwehr+genossenschaft international+es,2.0530425391035196
-4.376535926441845,0.58962253301941,0.16162381240413676,-0.12508313683790406,0.03715608999942482,Interesse,2.0443890456525233
-4.376535926441845,0.58962253301941,0.16162381240413676,-0.12508313683790406,0.03715608999942482,international+es interesse,2.0443890456525233
-4.380896124696114,0.5928756200309573,0.165506751676259,-0.12492482232897838,0.0375630808128613,sorgen,2.039302682317122
-4.380896124696114,0.5928756200309573,0.165506751676259,-0.12492482232897838,0.0375630808128613,interesse sorg+en,2.039302682317122
-4.384245411636362,0.5953735610025062,0.16849672453100673,-0.1248024962861063,0.03787620917798697,sorg+en sag+t,2.0353966321969303
-4.387875544990856,0.5980800438926333,0.17174458393237785,-0.12466921853586131,0.03821608884663704,geschäftsführende,2.031164080929407
-4.387875544990856,0.5980800438926333,0.17174458393237785,-0.12466921853586131,0.03821608884663704,sag+t geschäftsführend+e,2.031164080929407
-4.3947336512625865,0.6031905157532038,0.17790089603956072,-0.12441548672347423,0.0388596188554147,Obmann,2.023170840854805
-4.3947336512625865,0.6031905157532038,0.17790089603956072,-0.12441548672347423,0.0388596188554147,geschäftsführend+e obmann,2.023170840854805
-4.397267064231255,0.6050774480414336,0.1801818281463322,-0.12432112403258815,0.039097818474817254,Josef,2.0202190964219624
-4.397267064231255,0.6050774480414336,0.1801818281463322,-0.12432112403258815,0.039097818474817254,obmann josef,2.0202190964219624
-4.399383112363191,0.6066531417874108,0.18208979327654823,-0.12424204846184077,0.03929697549175858,Mündler,2.017754048723198
-4.399383112363191,0.6066531417874108,0.18208979327654823,-0.12424204846184077,0.03929697549175858,josef mündler,2.017754048723198
-4.402465797026664,0.6089480092886317,0.1848739125834779,-0.12412643244260284,0.03958743695216132,mündler wir,2.0141636166666275
-4.405769181030921,0.6114063439570192,0.1878633842996303,-0.12400199405359862,0.03989912738067359,komplett,2.010317035100052
-4.405769181030921,0.6114063439570192,0.1878633842996303,-0.12400199405359862,0.03989912738067359,wir komplett,2.010317035100052
-4.40863892734488,0.6135412645520673,0.19046549685933406,-0.12389343744237445,0.040170269353675965,komplett neu+e,2.0069761601174325
-4.4101930098246305,0.6146971320553065,0.19187661576058962,-0.12383447514649353,0.04031724712337038,Generat…,2.0051672407266765
-4.4101930098246305,0.6146971320553065,0.19187661576058962,-0.12383447514649353,0.04031724712337038,neu+e generat…,2.0051672407266765
-4.413219094140233,0.6169472529891367,0.19462830240747392,-0.1237193154772538,0.04060373109970799,+1367,2.0016455470802517
-4.413219094140233,0.6169472529891367,0.19462830240747392,-0.1237193154772538,0.04060373109970799,generat… +1367,2.0016455470802517
-4.414984369603459,0.6182595194037701,0.19623593807609274,-0.12365192496473996,0.04077103108229294,+1367 char+s,1.99959152768916
-2.9890173247314777,-0.5542274156826106,0.23567312338281193,1.2010599030026816,-0.022128245227605703,Olympisches,3.8015380485108237
-2.382208462296471,-1.1783409443166288,0.30081129078681423,1.6066529929221747,-0.040688977297639595,Feuer,4.640978329011545
-2.382208462296471,-1.1783409443166288,0.30081129078681423,1.6066529929221747,-0.040688977297639595,olympisch+es feuer,4.640978329011545
-2.7808463894895348,-0.7304105473369047,0.22410409280617288,1.30364017526587,-0.029197882346755518,Schlechtes,4.067508307298146
-2.7808463894895348,-0.7304105473369047,0.22410409280617288,1.30364017526587,-0.029197882346755518,feuer schlecht+es,4.067508307298146
-2.925927762135462,-0.5445787820681147,0.14395898818374075,1.1069167373148607,-0.025783238769343683,schlecht+es wetter,3.8441672453851865
-2.948964406038037,-0.4975304619160137,0.0942078825210863,1.0216784881867367,-0.026080314463788775,Zeremonie,3.7974751298356137
-2.948964406038037,-0.4975304619160137,0.0942078825210863,1.0216784881867367,-0.026080314463788775,wetter zeremonie,3.7974751298356137
-0.2376862818104195,-2.350826393892959,-0.30863881982547936,1.4995553788194418,-0.09074384269401953,Olympia,7.0253855173564705
-2.91676067812392,-0.48646697057415356,0.00888905111989119,0.918232240611666,-0.02924401367686946,zeremonie olympia,3.8138957509660942
-0.4336669011578964,-2.1894753634951796,-0.35693428501785696,1.385114767004828,-0.08975608366241622,Museum,6.77282030560816
-2.8302325796856977,-0.527804321912813,-0.0716739217993371,0.8533662908708665,-0.03423998737361822,olympia museum,3.9035046669403264
-1.0585997840101582,-1.7331240693728311,-0.40627905290437644,1.1380676873719202,-0.08264631466375566,verlegt,6.004384090181473
-2.7494043428500077,-0.5753126128497796,-0.12614662768227794,0.8213288197407116,-0.03836154381116352,museum verleg+t,3.993042357728144
-0.5782836872082786,-2.0378374268381956,-0.688033479606271,0.8817540925024844,-0.10055922889660579,regnen,6.5528814583151025
-2.3941093721655533,-0.8068535210242556,-0.30173567216220964,0.7570524426460358,-0.05450182068581927,verleg+t regn+en,4.402279242931713
-0.9221552074339661,-1.806159146854427,-0.6208774085795695,0.8767784294156624,-0.09337830820657739,womöglich,6.145522053598134
-0.9221552074339661,-1.806159146854427,-0.6208774085795695,0.8767784294156624,-0.09337830820657739,regn+en womöglich,6.145522053598134
-0.5084340985862026,-2.08111906726277,-0.7109297658627098,0.8696574307377458,-0.09892506212335023,womöglich sogar,6.633565152567688
-0.2275563826967968,-2.2686028445184925,-0.7265625595384816,0.9216577076735154,-0.10132291557920897,geben,6.967891412622462
-0.5000447690002412,-2.086114391446761,-0.6705071282625927,0.9299501077037219,-0.09620465267156081,gewitter geb+en,6.6456370816010075
-1.067702548147663,-1.708827714056687,-0.5197719851237838,0.9761052342782027,-0.08337313020476395,Deshalb,5.978063678527231
-1.067702548147663,-1.708827714056687,-0.5197719851237838,0.9761052342782027,-0.08337313020476395,geb+en deshalb,5.978063678527231
-1.6741748103104692,-1.323728460860619,-0.2923375165990673,1.0844181863775006,-0.0662290329978576,traditionelle,5.278591332864258
-1.6741748103104692,-1.323728460860619,-0.2923375165990673,1.0844181863775006,-0.0662290329978576,deshalb traditionell+e,5.278591332864258
-1.3321345882087376,-1.615137692252441,-0.1884702773507616,1.350784555677983,-0.07005166370783361,Entzündung,5.724785624904247
-1.8617814047138914,-1.2323528366981762,-0.15870908087438051,1.1977781013748101,-0.05902875477214392,traditionell+e entzündung,5.080448529378829
-1.2365082179168754,-1.771619644762911,-0.05983040788915972,1.5553861495438717,-0.06928051627452586,olympischen,5.8945991963308595
-1.2365082179168754,-1.771619644762911,-0.05983040788915972,1.5553861495438717,-0.06928051627452586,entzündung olympisch+en,5.8945991963308595
-0.31855983008379063,-2.6634774249641024,0.09490331372305555,1.9951990843212382,-0.08248586194397162,Feuers,7.144823949649708
-0.31855983008379063,-2.6634774249641024,0.09490331372305555,1.9951990843212382,-0.08248586194397162,olympisch+en feuer+s,7.144823949649708
-2.0027473238793956,-1.1409200294449424,-0.1216163504060584,1.191421332622522,-0.056331914231465996,feuer+s museum,4.916008076566052
-2.1943615023200858,-1.0132864369476677,-0.07998452643409187,1.1664403826064464,-0.05075479447430142,museum olympia,4.690570106926405
-2.7494043428500077,-0.5753126128497796,-0.12614662768227794,0.8213288197407116,-0.03836154381116352,olympia verleg+t,3.993042357728144
-3.302964114702617,-0.22723728194496973,0.1392501097397265,0.8563338143821592,-0.01250125807582908,Gäste,3.362515462622625
-3.302964114702617,-0.22723728194496973,0.1392501097397265,0.8563338143821592,-0.01250125807582908,was gast+e,3.362515462622625
-3.3147188338593883,-0.21324618641150872,0.12855693768783422,0.8323630348976424,-0.012338246163332539,gast+e bedeut+et,3.3447847425931028
-3.5008419619864983,-0.031121089628663556,-0.05449991565028234,0.4258398182565121,-0.012559120879284763,hin+zu+füg+en regn+en,3.0839301503432375
-3.8743193400139626,0.17602319881597417,0.33314995399669867,0.678247597472526,0.016233822242102562,ve…,2.68598697336605
-3.8743193400139626,0.17602319881597417,0.33314995399669867,0.678247597472526,0.016233822242102562,olympia ve…,2.68598697336605
-3.9012540501383577,0.2007907527218029,0.3303345119742349,0.6483362282068791,0.017497567064670767,+1714,2.650494962711811
-3.9012540501383577,0.2007907527218029,0.3303345119742349,0.6483362282068791,0.017497567064670767,ve… +1714,2.650494962711811
-3.929268308420253,0.22602899892659778,0.3280803214110368,0.6178224505917652,0.018837393597561265,+1714 chars,2.6138983712217807
-4.0387772991999995,0.3202839699301132,0.326231919263267,0.5047823163700819,0.024366200478850054,schlechte,2.4736041021356767
-4.0387772991999995,0.3202839699301132,0.326231919263267,0.5047823163700819,0.024366200478850054,der schlecht+e,2.4736041021356767
-2.3825666596762085,-0.8203585149176287,-0.5326043550465253,0.4325246923326032,-0.05722439506623794,Wettervorhersage,4.4071899632515015
-4.053881059725457,0.3307730635678836,0.3338272837826479,0.5005069240162247,0.025337636914070268,schlecht+e wetter+vorhersage,2.45600164491134
-4.052698270319249,0.3197503817949665,0.3645443625906222,0.5483638854691826,0.025980880372596084,zwingt,2.464402578164146
-4.052698270319249,0.3197503817949665,0.3645443625906222,0.5483638854691826,0.025980880372596084,wetter+vorhersage zwing+t,2.464402578164146
-4.04611208347951,0.30594612586312064,0.3859345914795872,0.5878807400103271,0.026082292409319897,zwing+t organisator+en,2.4782364518903126
-4.00799036889125,0.2472924912673613,0.43736692938369626,0.7062492425218905,0.024957357753417682,organisator+en entzündung,2.543310840363782
-3.966938436478892,0.17209760292550724,0.4944690027371198,0.8362147381693308,0.023448005455141606,antiken,2.6197999298551466
-3.966938436478892,0.17209760292550724,0.4944690027371198,0.8362147381693308,0.023448005455141606,feuer+s antik+en,2.6197999298551466
-4.022694295932393,0.24014794509243487,0.4744279146547129,0.7486537845801953,0.026293149894781633,Stätte,2.5368390037918296
-4.022694295932393,0.24014794509243487,0.4744279146547129,0.7486537845801953,0.026293149894781633,antik+en stätte,2.5368390037918296
-4.071639899728684,0.29729314819792485,0.45583796585796454,0.6686577950784885,0.028752202422209557,stätte olympia,2.465350280535389
-4.1182329866478735,0.3488357489339893,0.4383325093523919,0.5914386415575135,0.031074368538363865,griechischen,2.3988329789251113
-4.1182329866478735,0.3488357489339893,0.4383325093523919,0.5914386415575135,0.031074368538363865,olympia griechisch+en,2.3988329789251113
-4.145556686724895,0.37760400992902254,0.42869729696756076,0.546507215984979,0.032440341667270174,Halbinsel,2.360635620561064
-4.145556686724895,0.37760400992902254,0.42869729696756076,0.546507215984979,0.032440341667270174,griechisch+en halbinsel,2.360635620561064
-4.162816112847349,0.3952004546882322,0.42302161789373993,0.5185183371552304,0.03330983358851065,Peloponnes,2.3368360555987824
-4.162816112847349,0.3952004546882322,0.42302161789373993,0.5185183371552304,0.03330983358851065,halbinsel peloponne+s,2.3368360555987824
-4.191013139742964,0.42300043780823726,0.4146463642950806,0.47376534602875015,0.03474908923322428,Planänderung,2.2985069856959672
-4.191013139742964,0.42300043780823726,0.4146463642950806,0.47376534602875015,0.03474908923322428,peloponne+s plan+änderung,2.2985069856959672
-4.207284891017885,0.4385267033200073,0.410407099838469,0.4486171935886054,0.03559390457836758,Di…,2.2766952789573978
-4.212578900197366,0.44350020183451844,0.4091307082215073,0.4405553517520586,0.035871459103159815,+1573,2.2696459419598614
-4.212578900197366,0.44350020183451844,0.4091307082215073,0.4405553517520586,0.035871459103159815,di… +1573,2.2696459419598614
-4.218625804916815,0.4491356174467005,0.40773699571701383,0.43142253194096575,0.03619024195744348,+1573 chars,2.261621741477656
-3.6751857483330674,0.052638147764651144,-0.35977856343406056,-0.1543885808104487,-0.014839212915722363,begeisterte,2.878665612255542
-2.6198507249670033,-0.7469583910028814,-0.877896295074608,-0.18967250990280637,-0.06700738123234196,begeister+te gewitter,4.151082117487106
39.916882215252734,-28.561543929052785,-1.0786060280545144,-1.1503383768443423,-0.053954541261506506,Kopf,54.78717501029924
39.916882215252734,-28.561543929052785,-1.0786060280545144,-1.1503383768443423,-0.053954541261506506,gewitter kopf,54.78717501029924
0.8702948322273896,-3.2453228896560873,-1.7030370622244018,-0.2735673257622266,-0.15449837479598233,Millionen,8.353343057870863
-3.669986970391697,0.04935874129925821,-0.3620398297789094,-0.1534361770216529,-0.015582034720108592,kopf million+en,2.88452711800824
-3.8178165255822876,0.16347029816623038,-0.26700255716375276,-0.14667258029437552,-0.006575510917410821,million+en deutsch+er,2.7069102799110016
-1.675870029300211,-1.4394835937681778,-1.1864627318463086,-0.20716419166839734,-0.10267143590534661,YouTube-Star,5.289080284704849
-3.881213718490848,0.21266783386120336,-0.223433963143771,-0.14293888379078878,-0.0027781488183613035,deutsch+er youtube-star,2.630774232937764
11.964642789702598,-10.654342499274392,-2.2069218852008956,-0.5260374552259435,-0.20087624799573706,tot,21.604518320057455
-3.901190457037861,0.22849010225465127,-0.20630482294951674,-0.1377440760563033,-0.0030423975204889597,youtube-star tot,2.6066054033500814
0.835394650180187,-3.2369580557353865,-1.680865243702784,-0.25284691677901583,-0.16113088119638636,aufgefunden,8.31983536279566
-2.4049767203110597,-0.9103516626935617,-0.9434660625650092,-0.17578569106609843,-0.08278442733305691,tot auf+ge+find+en,4.4122593963276975
-3.273601363243983,-0.2531558875726738,-0.5751377946644216,-0.15592760421691376,-0.0422022189219744,Traurige,3.3612871960059794
-3.916238989742309,0.2395388245350254,-0.19395822647927202,-0.13455402548245277,-0.002970118813799792,auf+ge+find+en traurig+e,2.588865818818899
-2.514086928499279,-0.8236725590712637,-0.9099345886161916,-0.18137813151384363,-0.07542610127144811,Nachricht,4.277586593649708
-4.011942290738965,0.3136444881825433,-0.12842588141527167,-0.13427250827567383,0.005193928579679048,traurig+e nachricht,2.4743865661377855
-4.051117510984314,0.3435276142853614,-0.10114073039459692,-0.13479043709763616,0.008879709771937298,nachricht wie,2.4278487099149473
-4.04676000922302,0.33992276064817983,-0.10525221760659861,-0.13604913035738886,0.008952966684722959,Bonner,2.4331798348698386
-4.04676000922302,0.33992276064817983,-0.10525221760659861,-0.13604913035738886,0.008952966684722959,wie bonner,2.4331798348698386
-0.9139161747160909,-1.988725395838098,-1.3815638702680864,-0.22913412200918304,-0.12177649096447601,Polizei,6.207537866712101
-4.0362113638961725,0.331586579825095,-0.11367738710593708,-0.1372134414976527,0.008437821924186177,bonner polizei,2.4458692266939837
-3.4867826021753356,-0.08967169421236498,-0.46709734809933423,-0.1568255009340409,-0.0276031228881175,polizei gegenüber,3.1040786191102
-2.248566774190609,-1.0203653577790557,-1.005744537540179,-0.1892397592083399,-0.08512209965691414,BILD,4.598149461071427
-3.4255026641586106,-0.13670116835776258,-0.5016963302415318,-0.15975132484210341,-0.03073870304831477,gegenüber bild,3.177969397521961
-3.3865498862677876,-0.16653850200521259,-0.523087647224636,-0.1614495352292628,-0.03273812720625241,bestätigt,3.224946380236979
-3.3865498862677876,-0.16653850200521259,-0.523087647224636,-0.1614495352292628,-0.03273812720625241,bild bestätig+t,3.224946380236979
-3.881213718490848,0.21266783386120336,-0.223433963143771,-0.14293888379078878,-0.0027781488183613035,bestätig+t youtube-star,2.630774232937764
30.873173292355265,-22.814487662319955,-1.5773245302335983,-0.9464715956273928,-0.11734608748275138,Jan,44.064662870931485
4.3042747441037195,-5.589508575343911,-2.0384410246382196,-0.35807699478124266,-0.18609225788141232,youtube-star jan,12.467405448658706
30.287139155266996,-22.440734611236483,-1.6074090096978946,-0.9340383031188519,-0.12084811873788465,Zimmermann,43.36937317555022
29.380747392298925,-21.862719080896767,-1.6525225724510468,-0.9141337618924522,-0.12641381400528234,jan zimmermann,42.29409677929199
15.00967567157647,-12.632772999969717,-2.178873972081536,-0.6036253358340234,-0.19113046203789924,zimmermann gewitter,25.226793332807393
3.8917678686351147,-5.311492070526479,-2.01103439362263,-0.3481416519109799,-0.18364541582316213,kopf tot,11.97404258226463
-0.6905396338383936,-1.7935647203695657,0.3541076398063515,-0.22324944377427747,1.7303171234434307,worden,6.44935127669857
-2.5564594411768535,-0.7991678513191691,-0.8858587628629441,-0.16993060829080353,-0.07754554510104728,auf+ge+find+en werd+en,4.2300661169662535
-2.8405072216546627,-0.5815297687196765,-0.7758434348641302,-0.16769759971238407,-0.06350612989307053,Königswinter,3.8843856942976203
-3.9652676067969383,0.27743437845865726,-0.16434448982745864,-0.13900739945722934,0.002875267446433266,könig+s+winter traurig+e,2.530258935740685
-4.018343827566731,0.3179889436850052,-0.12656176743461647,-0.13759735212985819,0.006991600395287324,Nachrichten,2.467086352911558
-4.018343827566731,0.3179889436850052,-0.12656176743461647,-0.13759735212985819,0.006991600395287324,traurig+e nachricht+en,2.467086352911558
-4.101333153475354,0.381284877983445,-0.06512028346165863,-0.13515397114893224,0.013586099739984266,deutschen,2.368550555314049
-4.101333153475354,0.381284877983445,-0.06512028346165863,-0.13515397114893224,0.013586099739984266,nachricht+en deutsch+en,2.368550555314049
-4.132014240094661,0.4046431911765058,-0.04164839333090087,-0.13418473319382107,0.016079560389930046,YouTube-Szene,2.3322024359737488
-4.132014240094661,0.4046431911765058,-0.04164839333090087,-0.13418473319382107,0.016079560389930046,deutsch+en youtube-szen+e,2.3322024359737488
-4.126115070795964,0.3998205808541284,-0.04676155859811498,-0.1350497883353992,0.01584469312108546,youtube-szen+e wie,2.339366002177436
-4.110357520624448,0.38757267261441153,-0.05924142156433626,-0.13604237459408303,0.014743819306264859,wie polizei,2.3581676729266325
-4.101333153475354,0.381284877983445,-0.06512028346165863,-0.13515397114893224,0.013586099739984266,bestätig+t deutsch+e,2.368550555314049
-3.8666494434332583,0.1993048275356728,-0.2367488518146611,-0.14767372270473678,-0.002239153692414911,deutsch+e youtube-star,2.649362327623492
0.7530763022290374,-3.1666456840145596,-1.6801696129002122,-0.26337270215109554,-0.15548035075399919,Wohnung,8.214039490543284
0.7530763022290374,-3.1666456840145596,-1.6801696129002122,-0.26337270215109554,-0.15548035075399919,tot wohnung,8.214039490543284
-4.015954798487867,0.31374009809354897,-0.13198376163531533,-0.14208161239731237,0.008421242121169965,+1904,2.4712239964900586
-4.015954798487867,0.31374009809354897,-0.13198376163531533,-0.14208161239731237,0.008421242121169965,wohnung +1904,2.4712239964900586
-4.0473045262287375,0.3378341572429624,-0.10880399360549092,-0.14075339392831904,0.010722441049518895,+1904 chars,2.4338723804867977
-3.749961822366839,0.1087870675767193,-0.31430817838748726,-0.15322682552745942,-0.009536380195353154,Bekannter,2.789601922425614
-3.749961822366839,0.1087870675767193,-0.31430817838748726,-0.15322682552745942,-0.009536380195353154,kopf bekenn+t+er,2.789601922425614
-2.1950322612898363,-0.956802530770664,-0.24853718304502403,0.9283618212954455,-0.05478810454320404,deutscher,4.651121541793201
-3.884336353054661,0.21221848153189438,-0.22546005430599692,-0.14784588193243348,-0.000718351800368347,bekenn+t+er deutsch+er,2.6285672150717194
0.29010982804036356,-2.8408851851298467,-1.6172833585124704,-0.2633207071105338,-0.14404227981309775,Youtuber,7.656531223400212
-3.2972521148284333,-0.23759558851609586,-0.5740423386823903,-0.16946312256753748,-0.03563981509988032,deutsch+er youtub+er,3.334185058089189
-4.073760486213447,0.35817620585271936,-0.08890913405927087,-0.1395946178163563,0.012684720518496152,youtub+er jahr+en,2.4023715947069304
0.395979080002431,-2.9146483113494,-1.6329939884902225,-0.2639630609672219,-0.14652088169767213,gestorben,7.783568316870153
-1.5148122127318882,-1.5563942171727962,-1.234187642360955,-0.21543743433350504,-0.10577511200805229,jahr+en ge+sterb+en,5.483374282328212
-3.491296022168929,-0.08938853810216685,-0.46923535451670684,-0.16254787549443583,-0.0251679647542872,ge+sterb+en jan,3.1003612274710095
-1.4765646647628348,-1.5847468484273306,-1.2396076313554256,-0.21013448203964463,-0.10917788688210645,zimmermann tot,5.529791161541012
-3.6839319276391693,0.06128940156735174,-0.35103956548652027,-0.14989068273036987,-0.015840020138010488,Social-Media-Star,2.8671131739641083
-3.6839319276391693,0.06128940156735174,-0.35103956548652027,-0.14989068273036987,-0.015840020138010488,der social-media-star,2.8671131739641083
-3.752700985171666,0.11399806060599205,-0.30807526278847375,-0.14762494416037308,-0.011385968485377942,berichtete,2.784646125278144
-3.752700985171666,0.11399806060599205,-0.30807526278847375,-0.14762494416037308,-0.011385968485377942,social-media-star bericht+ete,2.784646125278144
-3.797340876037601,0.14826054778717257,-0.2793050313340769,-0.1460259183427267,-0.008454090369560088,verschiedenen,2.7311531173012797
-3.797340876037601,0.14826054778717257,-0.2793050313340769,-0.1460259183427267,-0.008454090369560088,bericht+ete verscheid+en+en,2.7311531173012797
-3.8315540119653098,0.17454974654905597,-0.25675269415563373,-0.1447123387576177,-0.006190727657367702,Plattformen,2.690174447299906
-3.8315540119653098,0.17454974654905597,-0.25675269415563373,-0.1447123387576177,-0.006190727657367702,verscheid+en+en plattform+en,2.690174447299906
-3.871626900722006,0.20542456609777182,-0.22961382503772282,-0.1428830214915478,-0.003591521886110033,plattform+en leben,2.642172443981279
1.3344947128051547,-3.571962845115819,-1.7570945108889346,-0.2747485146947262,-0.1644310102782756,Tourette-Syndrom,8.913172786910739
-1.7622541478285436,-1.378383694546652,-1.1576031354837322,-0.19981487670221615,-0.10197018558796822,leben tourette-syndrom,5.185779923648423
-2.991568383279218,-0.46545845464864977,-0.7155639640484828,-0.1711515832769538,-0.05370955907399971,Youtube,3.700857696879033
-3.892768236737605,0.22202069316099604,-0.2136548601317023,-0.14010733012498822,-0.0028665811862956525,auf youtub+e,2.6166903351824597
-1.799447249096401,-1.3494858548614563,-1.1535849194530763,-0.20772809568735678,-0.09754108872949413,folgten,5.140036034629044
-3.892479052707692,0.22183511425543978,-0.213391275382754,-0.13952113408420425,-0.0031086226200868344,youtub+e folg+ten,2.6170117629595566
-3.887257040075737,0.21780631341366208,-0.21613338050758038,-0.13863303513115854,-0.0038745663187855772,folg+ten fast,2.6232542703638213
-3.88291036502676,0.21441826739514513,-0.21868727160263957,-0.1382524848445939,-0.004378076551152507,fast zwei,2.628472125350059
-1.473244955399351,-1.5874066375246736,-1.2475694348209965,-0.21951139448543688,-0.10580432911167154,zwei million+en,5.5340157379903205
-1.6584089661798327,-1.4524476948451346,-1.1904612908739973,-0.20640426086776714,-0.10363476157045742,million+en mensch+en,5.310275362359963
-3.824550507451459,0.16824449606312242,-0.2546275123913962,-0.1360269884915325,-0.00999942097540675,Gemeinsam,2.6989631347163616
1.4007279405626463,-3.6426095043450157,-1.7479785080401182,-0.25790647780637355,-0.17168885036349052,Freund,9.005943998571718
-3.547177614957464,-0.05855272308387072,-0.41599660670703664,-0.1317322569102401,-0.0327442089690024,gemeinsam freund,3.0391215387792223
-0.20952896557693634,-2.506255038691144,-1.5087667649025152,-0.22590403667879888,-0.14420515382455407,Tim,7.064497767896161
-2.8237321693886295,-0.6079107432532167,-0.7727607153359859,-0.15491153105957867,-0.06914532717586513,freund tim,3.9118221673216
-3.1677383498969576,-0.3389626128510119,-0.6223678820232674,-0.15187975238711598,-0.050366684277534546,drehte,3.491733643180466
-4.163347120474945,0.42868250531269325,-0.009286680090771049,-0.12283714702954888,0.014819938518824662,tim dreh+te,2.2949308824834573
-3.257357534820604,-0.2066531415568289,-0.27140950192534197,0.292066840676024,-0.030039602282814794,Videos,3.3670082061379922
-3.848543832348743,0.18607325963163923,-0.23778995088992766,-0.13391634197901858,-0.00884094884248178,dreh+te video+s,2.6705455790532717
-3.93342063759801,0.25284652459479084,-0.18222164893529527,-0.13421747019475178,-0.0016389478396282992,video+s leben,2.5682883609178475
-1.878168439426319,-1.2923746664496698,-1.125627860382549,-0.19989587948160092,-0.09723934301054671,Jetzt,5.045196977823145
-3.513895684927234,-0.06880570633183414,-0.44813369750748866,-0.15115462038963412,-0.027811433360771184,jetzt jan,3.071341801109192
-3.14886311030503,-0.3477745414994682,-0.6453737455733606,-0.17073468258774083,-0.04450289684121936,zimmermann jahr+en,3.5117646265224036
-4.373327504266577,0.5881659889281239,0.1601722361230437,-0.12361991626517378,0.03628792787731255,+301,2.047637956066713
-4.376096164420265,0.5902092296540558,0.16258494493300796,-0.12357555177046274,0.036566218916999356,+301 chars,2.044419736051963
-3.665035555165078,0.04610827220059299,-0.3641979485543414,-0.15253066243873997,-0.016288952335352505,Angehörige,2.890176760488897
-3.665035555165078,0.04610827220059299,-0.3641979485543414,-0.15253066243873997,-0.016288952335352505,kopf angehörig+e,2.890176760488897
-3.7834259491573956,0.1376331360440326,-0.2881912425401636,-0.14633566897710676,-0.009445495590108245,nennen,2.74779290798828
-3.7834259491573956,0.1376331360440326,-0.2881912425401636,-0.14633566897710676,-0.009445495590108245,angehörig+e nenn+en,2.74779290798828
0.33145308144593155,-2.8697828450050773,-1.6197213210010477,-0.2586659406929405,-0.14684366481882,Todesursache,7.706141278788251
-3.81645613588423,0.16333422646537432,-0.2652861897575493,-0.1434281675714772,-0.007885688346747334,nenn+en tod+es+ursache,2.70803651909085
-3.8226942839225493,0.16733670444094995,-0.25674254653205336,-0.13732017241848893,-0.009663527395448172,erheben,2.700926399236052
-3.8226942839225493,0.16733670444094995,-0.25674254653205336,-0.13732017241848893,-0.009663527395448172,tod+es+ursache erheb+en,2.700926399236052
-3.9383032619890685,0.2570521189434598,-0.1808841545357145,-0.1368160598438155,-0.0002509885433626957,Vorwürfe,2.5622456078991336
-3.9383032619890685,0.2570521189434598,-0.1808841545357145,-0.1368160598438155,-0.0002509885433626957,erheb+en vorwurf+e,2.5622456078991336
-4.009180225041159,0.3114235896312174,-0.13163473291539443,-0.1359221666000075,0.005563040660882736,vorwurf+e jan,2.4777435059114796
-1.6391995464348854,-1.470799515694444,-1.1895873755585487,-0.19905763508284557,-0.10707583123192338,Lehmann,5.335724067628849
-1.6391995464348854,-1.470799515694444,-1.1895873755585487,-0.19905763508284557,-0.10707583123192338,tim lehmann,5.335724067628849
-4.220195315600266,0.47307835955328414,0.03427016501486174,-0.12362508265759774,0.020630614719678232,lehmann dreh+te,2.227184577257809
-4.36906586669336,0.585004107312902,0.1564416813776629,-0.1237160750742551,0.03587050830144444,ges…,2.052601113654683
-4.36906586669336,0.585004107312902,0.1564416813776629,-0.1237160750742551,0.03587050830144444,jahr+en ges…,2.052601113654683
-4.372553489105276,0.5875791843685527,0.159472372067679,-0.12366225874948443,0.03622104508368049,+2404,2.0485459676384306
-4.372553489105276,0.5875791843685527,0.159472372067679,-0.12366225874948443,0.03622104508368049,ges… +2404,2.0485459676384306
-4.375879506790916,0.5900341821955366,0.16237063149347147,-0.12360812001747203,0.03655495346946339,+2404 chars,2.0446795863154676
-3.8009827056655885,0.14563421716174796,-0.2833797759540031,-0.15364671764507182,-0.0053685630088847885,kopf deutsch+er,2.7296874108069633
1.4417761529909896,-3.6409741005398253,-1.779442382119472,-0.2880986349530101,-0.16185557119896193,YouTuber,9.039254368035845
-0.5612682268315412,-2.240165548107038,-1.4593069898503823,-0.24023297057625226,-0.12877889992364527,youtub+er jan,6.6322691440791255
-1.2812588941136838,-1.7263810019070593,-1.2979630011482817,-0.2253273897683853,-0.11062756255635214,verstorben,5.765662363275834
-4.104781232938608,0.3789734438579624,-0.0681008344358103,-0.1414260917089306,0.01617325607654812,zimmermann verstorb+en,2.3670746413323824
-4.104781232938608,0.3789734438579624,-0.0681008344358103,-0.1414260917089306,0.01617325607654812,verstorb+en der,2.3670746413323824
-3.3548339272365646,-0.1956793778707291,-0.5455078829505124,-0.1694528695226465,-0.0318798215763853,deutsch+e youtub+er,3.2658258889921603
1.426570544869369,-3.6312610851690286,-1.7812705419775963,-0.2927433831406644,-0.1597847238894669,zimmermann bekenn+t,9.021478970566998
-0.9750071960452411,-1.9489997998836568,-1.3745576959427543,-0.23715218841214258,-0.11672075511469299,bekenn+t gewitter,6.136172193536566
-3.1308418478207867,-0.3656576648731915,-0.6583078713467185,-0.1767477385425033,-0.04336094612747024,kopf laut,3.535784283119005
-3.3563025820368555,-0.19456144065636427,-0.544731257113664,-0.16940385811980907,-0.03180090611542827,Medienberichts,3.2640570201504877
-3.3563025820368555,-0.19456144065636427,-0.544731257113664,-0.16940385811980907,-0.03180090611542827,laut medienbericht+s,3.2640570201504877
-3.5733381401302613,-0.02890587433502123,-0.4240637994956124,-0.16196183118854834,-0.019564313737065075,medienbericht+s alter,3.002894957843799
-1.4493416178348832,-1.6048192539462982,-1.2541256785106336,-0.22040754012434138,-0.10635748208542223,alter jahr+en,5.562904052896642
-3.1571470206039143,-0.3438544079752759,-0.6440870961669054,-0.1739662516610032,-0.042790988919242795,jahr+en versterb+en,3.5030474584948736
-4.223067292547939,0.4695311503365578,0.025933740470907074,-0.13619772085711107,0.025501009347602972,Jan…,2.226860118051741
-4.236333303789499,0.4796616969813412,0.03688438979007869,-0.13559102509730414,0.026583626533303976,+1937,2.211180544412681
-4.236333303789499,0.4796616969813412,0.03688438979007869,-0.13559102509730414,0.026583626533303976,jan… +1937,2.211180544412681
-4.248471334023607,0.48892512239209407,0.04697850282669663,-0.13503204391699813,0.027580864465877826,+1937 chars,2.1968431328781133
3.1758524278951166,-4.827116827490294,-1.9575386544892086,-0.3321112927608948,-0.17817636191303937,Youtube-Star,11.117390296255682
-2.10940127978655,-1.1239411615430335,-1.0599038168934705,-0.20298769491855134,-0.08622924377777424,kopf youtube-star,4.766790983810184
-3.103745592672044,-0.38614712209718105,-0.6712357886482261,-0.17760799822519063,-0.04467904637744202,Seinem,3.568460602635506
-3.8497342343482286,0.18308071657006053,-0.2511157624528706,-0.15178301861025872,-0.002125154346280876,ge+sterb+en sein+em,2.671314063033511
2.138242032674305,-4.120205618695107,-1.862086096233944,-0.3090644880745175,-0.16815036515080511,Youtube-Kanal,9.874721824858748
-2.859791803748445,-0.5698895681568423,-0.7813885268874194,-0.18517054517078824,-0.05592612256259738,sein+em youtube-kanal,3.862772851179553
13.434743507326221,-11.610446451980636,-2.20242445529716,-0.5687348941197882,-0.19478655527036132,youtube-kanal gewitter,23.353431635294957
-2.978112655490388,-0.48093652136958776,-0.7293194507045986,-0.18154163503141107,-0.0506062167811272,kopf folg+ten,3.7200045828404367
-3.2040916504277517,-0.3101883708686186,-0.6226113697988198,-0.17439946072748075,-0.03972371320196086,folg+ten zwei,3.4474681357901797
1.197671665060021,-3.4744732030712306,-1.7428777957451609,-0.2754566315116088,-0.16121591759026205,Nun,8.747454787430977
-2.809669949646644,-0.6037227981544331,-0.7991078580714933,-0.18193833510705837,-0.059888771519705286,nun jan,3.9212284083049878
-2.384725014969028,-0.9195238248022357,-0.9631140766636979,-0.19226188631768043,-0.07764734083372887,zimmermann alter,4.433748142926208
-3.8383411234572837,0.1743283123034438,-0.25872817668313475,-0.15222149428549836,-0.0028899693918442854,überraschend,2.684950623446923
-3.8383411234572837,0.1743283123034438,-0.25872817668313475,-0.15222149428549836,-0.0028899693918442854,jahr+en überrasch+end,2.684950623446923
-3.8009827056655885,0.14563421716174796,-0.2833797759540031,-0.15364671764507182,-0.0053685630088847885,überrasch+end versterb+en,2.7296874108069633
-3.8497342343482286,0.18308071657006053,-0.2511157624528706,-0.15178301861025872,-0.002125154346280876,hin+zu+füg+en sein+em,2.671314063033511
-4.289837478411008,0.5204488871139812,0.08192514055082079,-0.13309823223716144,0.031028096889965655,+1186,2.148049112227093
-4.298061704634694,0.5267070375675196,0.08897558767482172,-0.13270826865390467,0.03172255937371705,+1186 chars,2.1383611390784854
-2.4884838617306757,-0.8433638214340409,-0.9182523744782618,-0.18043951945042214,-0.07703380710668667,Trauer,4.308834523093944
-2.682389812527451,-0.6981360660825691,-0.8499960217295396,-0.18376556945663647,-0.06598857673309877,trauer jan,4.074407435906023
0.45616590161758097,-2.7814828595455277,-1.1478046315248727,0.4692904901087122,-0.1269447453916434,stirbt,7.790260899974611
-3.1694920377162163,-0.3320791769048612,-0.6352378765646218,-0.16993200974547656,-0.043534270558599375,youtube-star sterb+t,3.486850186339923
-3.2519301383542696,-0.26955301389972197,-0.5943026760892103,-0.16729334185804945,-0.039353062275113176,sterb+t jahr+en,3.387467071452261
-3.8005698953709803,0.14819626163271482,-0.2810762025473271,-0.15065700108505792,-0.00649194966262228,jahr+en auf,2.728653747392053
-1.0511678456564706,-1.8916756802275256,-1.3539971256590957,-0.23120265846498123,-0.11642084871874409,auf youtube-kanal,6.042900341862966
-3.710514066707798,0.07926058204118425,-0.3384332122978915,-0.15376065874744188,-0.012385939143630648,klärt,2.8365197996359233
-3.710514066707798,0.07926058204118425,-0.3384332122978915,-0.15376065874744188,-0.012385939143630648,kopf klär+t,2.8365197996359233
-3.709754789955289,0.07797950047840807,-0.33963159387480624,-0.15465895633386473,-0.01211425841284721,klär+t jan,2.8378035713915954
-3.1181154345044972,-0.37114244691926435,-0.6603013167631773,-0.17190207216897418,-0.045939663378307266,jahrelang,3.548898896231139
-3.943002640263777,0.2584596936364405,-0.18347011673665015,-0.1439833467729142,0.0027958656301263762,zimmermann jahrelang,2.5578437232257265
-4.041255839335595,0.33442048261220503,-0.11175635115962096,-0.13920020754919432,0.009616434637979683,jahrelang leben,2.4404203794840535
-0.8845612761339554,-2.0097156977109907,-1.3888941326193254,-0.23080725270796465,-0.12211242241313419,27-Jährige,6.242907809241056
-4.042960355349557,0.33684196985369974,-0.10849801685778773,-0.13672349391339172,0.00886079527100369,nun 27-jährig+e,2.437792869117771
-3.9840965788828697,0.29189484424752377,-0.15087274964596797,-0.13827185982951423,0.004235043245616292,27-jährig+e tot,2.5077978855358656
-1.113378558011755,-1.857203941705066,-1.320911963848236,-0.20676123910231942,-0.1232889908446228,wohnung auf+ge+find+en,5.973186719332322
-2.958111064555721,-0.49066712498880705,-0.7302703451362296,-0.17171225335590634,-0.05542544830210089,jahr+en jan,3.7412250605460513
-0.749468512838785,-2.106960862555217,-1.4149195433679345,-0.22940593780394514,-0.12696255955480112,klärte,6.406005461810552
-2.858154259331532,-0.5665360086035132,-0.7711038021742616,-0.17084497614579652,-0.0613663759435667,zimmermann klär+te,3.8621941096790606
-3.6891702855935957,0.06407726981873152,-0.3502193332250693,-0.15272766860311832,-0.014393319530974336,klär+te youtub+e,2.8614953802962013
0.5706141595772198,-3.0370192832620164,-1.6572257666658707,-0.264236701346797,-0.15077792372697457,Tourette,7.9935720113207855
-4.055072641689938,0.3445618594930173,-0.10208894988804737,-0.13936803346339832,0.010915627716061797,youtub+e tourett+e,2.4242202238392156
-2.761934889287622,-0.5485188906052816,-0.278617476756493,0.5957167606658591,-0.0408833890593181,Foto,3.9604237555049226
-3.9466296638039786,0.2608503031358653,-0.18139506965398955,-0.14440683857095155,0.0032594822703246804,Getty,2.553723869977227
-3.9466296638039786,0.2608503031358653,-0.18139506965398955,-0.14440683857095155,0.0032594822703246804,foto getty,2.553723869977227
-3.8987496461215048,0.22392153737693965,-0.21490767429847568,-0.14648820069512258,-1.6796094392909633e-05,Images,2.6110004060981513
-3.8987496461215048,0.22392153737693965,-0.21490767429847568,-0.14648820069512258,-1.6796094392909633e-05,getty image+s,2.6110004060981513
-3.7988716677996157,0.14695408591746983,-0.282119442086121,-0.15064186928204476,-0.006632723337072009,image+s auf,2.730655090828105
-3.7245857747877134,0.08955913575942942,-0.33013270283194235,-0.15387366661741203,-0.011264067062982455,klär…,2.8199039014924168
-3.7245857747877134,0.08955913575942942,-0.33013270283194235,-0.15387366661741203,-0.011264067062982455,kopf klär…,2.8199039014924168
-3.8332033362035327,0.17307309798533477,-0.2597606380605685,-0.1496515278337996,-0.004241076530373991,+2066,2.6896739491430046
-3.8332033362035327,0.17307309798533477,-0.2597606380605685,-0.1496515278337996,-0.004241076530373991,klär… +2066,2.6896739491430046
-3.8998727648384324,0.22436694789107925,-0.21459225828583067,-0.14698169546875334,0.00025689279441594437,+2066 chars,2.6098798553979767
-2.0379753546768287,-1.175548841381711,-1.0816993580324255,-0.2031875458614274,-0.08927013162667807,kopf youtuber,4.852525457583453
-3.8272460294889257,0.17110802724185747,-0.2599454454928399,-0.14529412243183476,-0.0063241634389807205,youtuber tot,2.695404770359762
-3.8944244667143955,0.2228378289032218,-0.20919273988826836,-0.1356408895475844,-0.004395679158405386,auf+ge+find+en million+en,2.6149086858473796
-4.053050050351368,0.34507166573460646,-0.09942156292551962,-0.13436195444622623,0.008895132277503333,mensch+en folg+ten,2.425514064952184
-3.6788655409200386,0.05641947946682557,-0.35620691035912144,-0.1526434453345471,-0.015204948813529767,YouTube,2.873732178334607
-3.6788655409200386,0.05641947946682557,-0.35620691035912144,-0.1526434453345471,-0.015204948813529767,folg+ten youtube,2.873732178334607
-2.4148337272152416,-0.8983575847629961,-0.9449447127601612,-0.1819407554680854,-0.08004719063285187,Instagram,4.397923762615638
-3.9710896124274537,0.28062312004654455,-0.1534104587010403,-0.1297345011535983,-8.75426395822998e-05,youtube instagram,2.5238996556598314
-4.089925095851168,0.37348017318324755,-0.06964390620184338,-0.1303257649927152,0.010750298298598256,instagram nun,2.381572864988566
-4.182101749431778,0.44376736206497025,-0.00014436827793540274,-0.1297855316628287,0.019214775320321127,Medienberichten,2.272399218986161
-4.182101749431778,0.44376736206497025,-0.00014436827793540274,-0.1297855316628287,0.019214775320321127,zimmermann medienbericht+en,2.272399218986161
-4.218330540447591,0.47112680411369445,0.028408000932920563,-0.12923809597021318,0.02252837213419074,medienbericht+en zufolge,2.2297093336584473
-4.232835508925605,0.4820540267208382,0.0400440862293886,-0.12896572523443156,0.02385383000339123,zufolge ge+sterb+en,2.21264482214729
-4.261310833831715,0.5034702970977059,0.06323109796863619,-0.1283484093970283,0.026456942760020093,ge+sterb+en jahr+en,2.179186097005969
-1.140008854936438,-1.8302004556562164,-1.3213087878123817,-0.2141261567777603,-0.11972505111954518,wurde,5.936943047841945
-3.888794112157809,0.21899517477530206,-0.2160552608297696,-0.13984454791626016,-0.0032954385703637123,Jahre,2.6214235164846333
-3.888794112157809,0.21899517477530206,-0.2160552608297696,-0.13984454791626016,-0.0032954385703637123,werd+e jahr+e,2.6214235164846333
-3.887603689321956,0.21809425438396768,-0.2164906700424737,-0.13939798885205984,-0.00356069207804343,alt,2.622835381418467
-3.887603689321956,0.21809425438396768,-0.2164906700424737,-0.13939798885205984,-0.00356069207804343,jahr+e alt,2.622835381418467
-4.270676941537244,0.5110226526695769,0.07200386728455127,-0.12687835764981603,0.02685981836291739,alt der,2.167915262030453
-2.631699177207275,-0.7354203675001041,-0.8675211917477144,-0.1817880984163195,-0.06935044161213488,der youtub+er,4.135276660803419
-4.232212453567568,0.4823137223599494,0.04379683607000917,-0.1235937438527953,0.021804592699340132,berichten,2.2129550130536053
-4.232212453567568,0.4823137223599494,0.04379683607000917,-0.1235937438527953,0.021804592699340132,der bericht+en,2.2129550130536053
-4.2672317245553595,0.5090454996295479,0.07161300532408726,-0.12390045374525561,0.025415049354498016,mehrere,2.1716177532598673
-4.2672317245553595,0.5090454996295479,0.07161300532408726,-0.12390045374525561,0.025415049354498016,bericht+en mehrere,2.1716177532598673
-4.286288763404473,0.5234401155814208,0.08701823233457412,-0.12400730603716865,0.027382970827048637,Medien,2.1492212016111587
-4.286288763404473,0.5234401155814208,0.08701823233457412,-0.12400730603716865,0.027382970827048637,mehrere medi+en,2.1492212016111587
-4.308889144143707,0.5403866404469708,0.10555469197957396,-0.12405856207323655,0.029712675087894456,Berufung,2.1227430311328686
-4.308889144143707,0.5403866404469708,0.10555469197957396,-0.12405856207323655,0.029712675087894456,medi+en berufung,2.1227430311328686
-4.325682432031775,0.552904055866819,0.11952944311067887,-0.12403165551285365,0.03143689038149707,berufung information+en,2.103119931627303
-4.343580441268583,0.5661892684902636,0.1346247511982721,-0.1239321389880587,0.03326492446133867,Bild-Zeitung,2.0822470118116847
-4.343580441268583,0.5661892684902636,0.1346247511982721,-0.1239321389880587,0.03326492446133867,information+en bild-zeitung,2.0822470118116847
-2.9575240279132187,-0.5007392320467896,-0.718455766685302,-0.15586318702996171,-0.061344162978879735,sowie,3.7468852026312955
-4.35407458999584,0.5739579274124296,0.1435762429228079,-0.123837107175281,0.03433135858212268,bild-zeitung sowie,2.0700253391175423
-4.361179600924814,0.5792107357731031,0.14968010651888136,-0.12375687079114538,0.035051002042740455,Tagesscha…,2.0617568301026026
-4.361179600924814,0.5792107357731031,0.14968010651888136,-0.12375687079114538,0.035051002042740455,sowie tagesscha…,2.0617568301026026
-4.368846345790459,0.5848736293339278,0.1563062648370076,-0.12365580376946243,0.03582539746596763,+1663,2.0528396094706545
-4.368846345790459,0.5848736293339278,0.1563062648370076,-0.12365580376946243,0.03582539746596763,tagesscha… +1663,2.0528396094706545
-4.372387160579972,0.58748739873725,0.1593805021950156,-0.1236040672353179,0.03618231085122809,+1663 char+s,2.0487229113003567
-2.2946515566370667,-0.9879300579367651,-0.9978581182742208,-0.19857478432392228,-0.07951197608865185,Internet,4.543462080370772
-2.6114040551737006,-0.7525790964073602,-0.8804645930339386,-0.18893667564964678,-0.06771587466102597,internet youtube-star,4.160911226362854
-3.903299017816459,0.2242368990132695,-0.21471711224356937,-0.14969639947529623,0.0015279441184035403,tot hier,2.6072469514442473
-4.050327351021457,0.3371876061204091,-0.10932668390221184,-0.14373349740004804,0.012067157678445982,thema internet,2.431839166827843
-3.9757445010972847,0.2799034236732769,-0.16382825100618714,-0.1468040213337483,0.006624234667929427,sie youtube-star,2.520728384323746
-1.8656610730008891,-1.3013192447406068,-1.1343643688193306,-0.2067011035841726,-0.09522072378641538,der youtube-star,5.0602428798134245
7.162790743344632,-7.497456599682976,-2.164240447827081,-0.42396973222787093,-0.19720201607547144,Kanal,15.88149313373694
2.2156227947766096,-4.173292375495934,-1.8703867286501392,-0.31126513606253275,-0.16880957274215175,bekenn+t kanal,9.9675265524404
11.876917621781487,-10.59584623633733,-2.2151630560514373,-0.5340381582854945,-0.1973030259835315,kanal gewitter,21.49949383834203
-1.2743335657338948,-1.7301170877740208,-1.294285993779694,-0.21827744400813093,-0.11351600721074534,bestätigte,5.7732726726052315
-1.9237305927992896,-1.2598529840880852,-1.118560384392516,-0.20769011623615852,-0.09243527213552549,der bestätig+te,4.99072457186406
-1.8739149009799618,-1.2951477304109007,-1.131400620597557,-0.20585601553676075,-0.09519687015863837,bestätig+te polizei,5.050202948629441
-1.802917212463834,-1.3476363943390917,-1.1543091830757366,-0.20998007980072741,-0.09655506259359764,Bonn,5.136234896369689
-2.4929407576457683,-0.8398752324475813,-0.9246255996656734,-0.19082465137812687,-0.07294650908642314,polizei bonn,4.303453767115022
-2.4481517824656374,-0.8720272702115834,-0.937468102078744,-0.18711028939286856,-0.07652321654157368,Nachfrage,4.356894355282869
-2.6128952925231825,-0.7504861569090231,-0.8785063602908936,-0.18707179062790746,-0.06833923696696514,bonn nachfrage,4.158573700407322
-1.3863101686874106,-1.6494045209009691,-1.2685369340628974,-0.21916007219056616,-0.10915165112032582,der 27-jährig+e,5.638353497551787
-2.6820222192500145,-0.698636854517396,-0.8506240073907093,-0.18440860037959317,-0.06576723129932821,27-jährig+e sei,4.074976849142912
-1.8389455964754493,-1.321643226588621,-1.144072046695215,-0.20967327398329638,-0.0952012612835772,18.,5.092931587025054
-2.7522763259512724,-0.6459796558948478,-0.8217854460404642,-0.18200317900115737,-0.06295819134757175,sei 18.,3.9901003115121214
-1.840957450849321,-1.3201403801426745,-1.1434152009338567,-0.2095454684612429,-0.09516696925945295,18. november,5.090485358518599
-2.8542784357037254,-0.5692756208859229,-0.7783447282842139,-0.1782534656361478,-0.05882093615048245,november tot,3.866846918159784
-4.304518906345236,0.5316182525121809,0.09453543760390298,-0.1324007746673499,0.03226995548707138,Köni…,2.130757840903347
-4.304518906345236,0.5316182525121809,0.09453543760390298,-0.1324007746673499,0.03226995548707138,wohnung köni…,2.130757840903347
-4.313014808970959,0.5380768279541206,0.10188337442449091,-0.1319944101618314,0.03299306571832555,+1481,2.120758292228456
-4.313014808970959,0.5380768279541206,0.10188337442449091,-0.1319944101618314,0.03299306571832555,köni… +1481,2.120758292228456
-4.319840713944998,0.5432631277241837,0.10781406293937901,-0.1316664336902033,0.033576426810783926,+1481 chars,2.112727904571572
-3.8484851718534605,0.18471462504653258,-0.24966314028573874,-0.14918491704838321,-0.003171967760867811,tot bonn,2.6714343494090462
-3.9196566833739266,0.23954310449400995,-0.2009332773071597,-0.14623458221157598,0.0016413875914668766,bonn der,2.5862496384275184
-4.114103876739841,0.3905021135150082,-0.05625934555954565,-0.13577763342356036,0.014994001153107332,der kopier+e,2.3536874727626373
-4.157461893005324,0.4250336461833555,-0.01939554998557874,-0.13035025421704455,0.01706877778437122,hin+zu+füg+en jan,2.3015280324273473
-1.130573682327193,-1.8450078001631183,-1.3166625073036955,-0.206179348079141,-0.12291418540012172,Humor,5.952545932372035
-3.285987163359769,-0.24716521929970536,-0.5648456246556521,-0.1502033885888786,-0.04354209200892836,klär+te humor,3.3481153888513315
-1.3634337672715642,-1.6795469993167442,-1.2569787003173665,-0.19820833544611616,-0.11763933392252152,Offenheit,5.673037267673326
-2.6685042890251696,-0.7212251860707912,-0.8382471768069075,-0.1617701877297365,-0.07485127652053286,humor offenheit,4.097718072975134
-3.597984364055146,-0.004881939857156903,-0.397952390333356,-0.1463725455316076,-0.023553439437188944,offenheit tourette-syndrom,2.9704408341286883
-3.0314382717675303,-0.4500354913559703,0.13802367158752277,1.0337429230017958,-0.024964955695892296,trauert,3.7056917086932017
-3.725865772180504,0.09383084797306362,-0.32262161367111947,-0.14543505663280715,-0.014285211699531154,nun trauer+t,2.8165759672409636
-3.726297620454821,0.09411302607530603,-0.3232308719864899,-0.14656409509213414,-0.013831729508029321,Youtube-Szene,2.816093761065083
-3.726297620454821,0.09411302607530603,-0.3232308719864899,-0.14656409509213414,-0.013831729508029321,trauer+t youtube-szen+e,2.816093761065083
-4.320992993106393,0.5486366662626463,0.11397875126466483,-0.12597973200948576,0.03166184855567076,Zimmerma…,2.1090119425602136
-4.320992993106393,0.5486366662626463,0.11397875126466483,-0.12597973200948576,0.03166184855567076,jan zimmerma…,2.1090119425602136
-4.32987774636018,0.555258489678597,0.12154728301433704,-0.12578296636488195,0.0325100747912554,+1611,2.0986317217850585
-4.32987774636018,0.555258489678597,0.12154728301433704,-0.12578296636488195,0.0325100747912554,zimmerma… +1611,2.0986317217850585
-4.334390537485241,0.5586203124091145,0.12541040039430457,-0.12567808191384422,0.03294078011666229,+1611 chars,2.093361386196954
-2.8905581854579743,-0.5428521638630768,-0.764227217759628,-0.17919677379390664,-0.0564526783909865,tot jan,3.8235172848534815
-3.855283997809037,0.19160305952117174,-0.24310157317634004,-0.14653721854339757,-0.0035869780607543852,Königs…,2.662409870802306
-3.855283997809037,0.19160305952117174,-0.24310157317634004,-0.14653721854339757,-0.0035869780607543852,wohnung königs…,2.662409870802306
-4.2617297755120696,0.5020672757282434,0.06109600516552799,-0.13118063332594415,0.02752405114892429,+1523,2.1796035784511454
-4.2617297755120696,0.5020672757282434,0.06109600516552799,-0.13118063332594415,0.02752405114892429,königs… +1523,2.1796035784511454
-4.2689636179584465,0.5075679947839631,0.06718463473651182,-0.13085764998934385,0.028131327706829724,+1523 char+s,2.1710763461021956
-4.099902789152587,0.37857931439966186,-0.06859518640903373,-0.1380161665048263,0.01449805116055592,Übers,2.3711073032748193
-4.077486469338971,0.36138514107861086,-0.08568234368796601,-0.13896890782759774,0.012795901433878605,über tourette-syndrom,2.397754770384386
-3.43907017303078,-0.1266330302706511,-0.49488672395551847,-0.1600879475390774,-0.029687888804883485,aufgeklärt,3.1617927471970413
-3.9942453473320647,0.2974518304809681,-0.14734734914416542,-0.1424586006931749,0.00665529429977095,tourette-syndrom auf+ge+klär+t,2.4968975642088704
-3.9054874270139277,0.22919769994230244,-0.21015172776368438,-0.14609024747307864,0.0004003308240605602,auf+ge+klär+t youtube-star,2.602893961078365
-3.937037645636343,0.25451288054826304,-0.1867931208895321,-0.1431799543324493,0.0019944991477599677,gehörte,2.5646269808217945
-3.937037645636343,0.25451288054826304,-0.1867931208895321,-0.1431799543324493,0.0019944991477599677,zimmermann gehör+te,2.5646269808217945
-4.004817770846486,0.30707740805853034,-0.1375332367200245,-0.13948157333739347,0.006492233146799017,bekanntesten,2.4834895345445096
-4.004817770846486,0.30707740805853034,-0.1375332367200245,-0.13948157333739347,0.006492233146799017,gehör+te bekenn+t+est+en,2.4834895345445096
-4.0380684060925685,0.33304630086278,-0.11222390719632339,-0.13704166154669917,0.00854040525127895,Youtube-Stars,2.4436393937842196
-4.0380684060925685,0.33304630086278,-0.11222390719632339,-0.13704166154669917,0.00854040525127895,bekenn+t+est+en youtube-star+s,2.4436393937842196
-4.050137312320341,0.3428600771508128,-0.10147156864769652,-0.134323088450351,0.008618486558856463,youtube-star+s deutschland,2.4289669920330828
-3.9829018060241865,0.2905254582194947,-0.1462837139166464,-0.13114263683739585,0.0014716625146717482,mit humor,2.5093945736008574
-4.068268097960122,0.3568553759947335,-0.08596510756843762,-0.13109751655613527,0.009058742500326948,offenheit klär+te,2.4073293736244255
-4.093771317298668,0.3761055220556735,-0.06943663398756722,-0.13366308577477548,0.012342075640712762,klär+te tourette-syndrom,2.3771999721366748
-4.040008458138482,0.33386980947594824,-0.11205818112211657,-0.13850778187418322,0.009251844451513593,nun tot,2.44168810980079
-4.260617524409771,0.5012706977182755,0.06022117922169101,-0.1311643988787896,0.02740723580186239,+1765,2.180888974746798
-4.260617524409771,0.5012706977182755,0.06022117922169101,-0.1311643988787896,0.02740723580186239,königs… +1765,2.180888974746798
-4.267884523236344,0.506795806900151,0.06633237095682343,-0.13084179713917615,0.028017548171530716,+1765 char+s,2.1723227837174344
-3.1223466190473093,-0.3683943422264826,-0.6589203647718416,-0.17259485440445888,-0.04542508339001547,youtuber jan,3.5440422927457105
-3.807025125627196,0.15428267324171818,-0.275503855863522,-0.1487974971748366,-0.006658758849716118,tot auf,2.7203184175083694
-2.8402295294661806,-0.5809906133632792,-0.7864049913940968,-0.18135913799551484,-0.05843405325351192,kopf klär+te,3.8844469090579645
-3.773385291589405,0.1302774842226435,-0.2931510296708969,-0.14475057986220458,-0.010827669208319235,klär+te tourett+e,2.7596237434711055
-3.795042517886201,0.14619300231395793,-0.2751236175795289,-0.13866213211084183,-0.011381829721715885,unterhielt,2.7339988107152338
-3.795042517886201,0.14619300231395793,-0.2751236175795289,-0.13866213211084183,-0.011381829721715885,tourett+e unter+halt,2.7339988107152338
-3.9901512777139687,0.2967871994523279,-0.14556097222345502,-0.1368333185750859,0.004230686181019266,unter+halt million+en,2.5004412083895144
-4.0240745453487925,0.32296130999276196,-0.11968100124694214,-0.13397568686998718,0.006158688363258287,wohnung könig+s+winter,2.459932563839744
-3.925123022363783,0.24490712080833044,-0.1853721063064378,-0.1308572760261419,-0.003610095048980619,gefunden,2.5789806062764744
-3.925123022363783,0.24490712080833044,-0.1853721063064378,-0.1308572760261419,-0.003610095048980619,könig+s+winter ge+find+en,2.5789806062764744
-3.991738689743328,0.29727719498664507,-0.13983376577912993,-0.13067966888745025,0.002070276682302946,ge+find+en werd+en,2.4988735961435173
-4.071412391703788,0.3592658237447488,-0.08356958228806402,-0.1309356367262956,0.009284397372512222,werd+en bestätig+te,2.40359014456619
-4.1783155050256635,0.4408127666392707,-0.003368149960596145,-0.13018011188240508,0.018996473550166516,Bonn…,2.2769156779236406
-4.1783155050256635,0.4408127666392707,-0.003368149960596145,-0.13018011188240508,0.018996473550166516,polizei bonn…,2.2769156779236406
-4.195463679307496,0.45377782091666186,0.010052778198989865,-0.1299116078507167,0.020549943489355772,+1244,2.2566928492081297
-4.195463679307496,0.45377782091666186,0.010052778198989865,-0.1299116078507167,0.020549943489355772,bonn… +1244,2.2566928492081297
-4.208385764603692,0.46353382709477153,0.020272042469687668,-0.12968232810653457,0.021720209224718227,+1244 chars,2.2414680361202777
-2.6396675209800278,-0.7326275455899536,-0.8705270104828807,-0.18966607690091924,-0.06599167736389266,Gewitter-im-Kopf,4.127402359579325
-3.717366560072797,0.08491667272848202,-0.33368879884780456,-0.15295879820873115,-0.012155253941021085,gewitter-im-kopf youtuber,2.828085260342293
-3.837564370637309,0.17755391236207396,-0.25555749113835663,-0.14793379794007722,-0.004516994098276897,youtuber zimmermann,2.683850429761998
-3.8291979030519925,0.1713762116134756,-0.26078990857821016,-0.14785344726951505,-0.005223533462031707,zimmermann ge+sterb+en,2.6937327981834915
-3.67984334263951,0.056662886681429825,-0.3563392169928712,-0.15351492065966377,-0.01480948914120657,ge+sterb+en auf,2.872831252006208
-0.991389370813609,-1.9333806949474996,-1.3628304434964784,-0.22587984871355515,-0.12042589238203588,auf kanal,6.114251030942576
-2.6910986672218837,-0.69112576573403,-0.844739298717896,-0.1812074029020957,-0.06648886156779155,informierte,4.063606299349426
-2.6910986672218837,-0.69112576573403,-0.844739298717896,-0.1812074029020957,-0.06648886156779155,kopf informier+te,4.063606299349426
-2.908674578568651,-0.5301014858963122,-0.7465702472321867,-0.16590349275373506,-0.06038755036121657,informier+te humor,3.8019993372305176
-2.971522286192706,-0.484836525949051,-0.716362858493745,-0.1609401495968798,-0.05866160923038505,großer,3.7272081138224906
-2.971522286192706,-0.484836525949051,-0.716362858493745,-0.1609401495968798,-0.05866160923038505,humor groß+er,3.7272081138224906
-3.1815784519090995,-0.3230355348403988,-0.6212248278875321,-0.1589569781321421,-0.046875204639980156,groß+er offenheit,3.47224306350739
-3.4474695997032616,-0.11943935047557597,-0.4861285424033876,-0.15445602415984871,-0.03120709971704921,offenheit leben,3.15122361664686
-3.68842950463927,0.06493250779849524,-0.3475607455572823,-0.14883326343987469,-0.015890967169546008,nun youtub+er,2.8616057011071083
-3.985622855935477,0.2915454743277095,-0.15266283082776796,-0.1417359674635722,0.005640906046683561,Stand,2.506798609662783
-3.9392529938920267,0.2559377856549967,-0.18563417606151755,-0.1435685063232498,0.002325120955229222,24.11.2025,2.562129681442465
-3.9392529938920267,0.2559377856549967,-0.18563417606151755,-0.1435685063232498,0.002325120955229222,stand 24.11.2025,2.562129681442465
-3.8404689513734023,0.18003723700497898,-0.25328591348482793,-0.14741892082684332,-0.004470300807661136,18:24,2.68023878152884
-3.8404689513734023,0.18003723700497898,-0.25328591348482793,-0.14741892082684332,-0.004470300807661136,24.11.2025 18:24,2.68023878152884
-3.7643337799562655,0.12153967653214459,-0.3031573505447702,-0.15033442848441464,-0.009474920429204177,18:24 uhr,2.7714527656899244
-3.67984334263951,0.056662886681429825,-0.3563392169928712,-0.15351492065966377,-0.01480948914120657,uhr auf,2.872831252006208
-4.235655196509272,0.48345428679578495,0.04102606957065896,-0.1304366363657808,0.024668172140022294,27…,2.2097149108916545
-4.235655196509272,0.48345428679578495,0.04102606957065896,-0.1304366363657808,0.024668172140022294,alter 27…,2.2097149108916545
-4.242788347291008,0.4888477076670248,0.04687798758815748,-0.13019577435501783,0.02528552339748901,+1653,2.2013156356828416
-4.242788347291008,0.4888477076670248,0.04687798758815748,-0.13019577435501783,0.02528552339748901,27… +1653,2.2013156356828416
-4.250888031282891,0.49496911829692314,0.05355339867841091,-0.1299197396111515,0.02598882557405758,+1653 chars,2.191782115686272
-1.038565976491454,-1.8996049549068976,-1.3544544910303036,-0.2281167659897433,-0.11801003947542271,-Star,6.057459494167491
-1.038565976491454,-1.8996049549068976,-1.3544544910303036,-0.2281167659897433,-0.11801003947542271,kopf -star,6.057459494167491
-0.7156452385122867,-1.9808930697983071,-0.9677778376677088,0.43976609826365104,-0.10503573903964464,starb,6.392716184932745
-3.798071828837173,0.14636879200394182,-0.2826105046663249,-0.1506347427007757,-0.006698992298716247,-star sterb,2.7315978480506846
-0.9802163808292264,-1.9412765458557177,-1.3670156554362114,-0.2282508789199914,-0.11991573314530829,Sein,6.127673747894694
-3.9456916254146956,0.26016399538407997,-0.18201630212926045,-0.14439682306668838,0.003175875438482384,sterb sein,2.554825570090114
-3.978221778256856,0.2852661361267481,-0.15874738729169025,-0.1429369388527773,0.005437329301105284,letztes,2.5159430492909456
-3.978221778256856,0.2852661361267481,-0.15874738729169025,-0.1429369388527773,0.005437329301105284,sein letzt+es,2.5159430492909456
0.4516623330798426,-2.7352012570863025,-0.941224711604451,0.7698076475257809,-0.11875795235064351,Video,7.773309809505714
-4.020431089437093,0.3178514623649733,-0.12790977635182224,-0.1409766511723466,0.008414295245001542,letzt+es video,2.465532612815762
-4.04618726929494,0.33774521961493287,-0.10871640806216343,-0.13973347916762985,0.010251794968778795,lud,2.43479460135946
-4.04618726929494,0.33774521961493287,-0.10871640806216343,-0.13973347916762985,0.010251794968778795,video lad,2.43479460135946
-4.0317492876340815,0.32667640786108865,-0.11940423301661668,-0.1403095281682612,0.00917413386417281,lad jan,2.451978489006185
-3.9760028188797243,0.28386743273391346,-0.15995821146469702,-0.14257863239898905,0.0051146124779312754,jan tag,2.5184274005906158
0.9241606052005764,-3.035420573113247,-0.7507808602129695,1.1357495742347494,-0.11690516422810965,Tod,8.339713096709795
-3.8518733383058406,0.18845213038187048,-0.24610752749161474,-0.1475298892791146,-0.0035013264085854423,tag tod,2.6667751550498577
-3.4768894606402725,-0.09955576753722362,-0.46459880044227947,-0.14649574859368564,-0.03214744065162023,hoch,3.117109673252227
-3.804360888825941,0.1519252018725632,-0.277653845346789,-0.1493860063113605,-0.006655524964997939,tod hoch,2.7236762839212227
-4.0317492876340815,0.32667640786108865,-0.11940423301661668,-0.1403095281682612,0.00917413386417281,hoch jan,2.451978489006185
-3.728348038681003,0.09443942952410955,-0.3252868091868573,-0.15072210009684178,-0.012133306353998646,völlig,2.8143231003637608
-3.728348038681003,0.09443942952410955,-0.3252868091868573,-0.15072210009684178,-0.012133306353998646,kopf völlig,2.8143231003637608
-3.804526999661922,0.15330735834953346,-0.27565609650780853,-0.14706981351210663,-0.007494630607132707,unerwartet,2.7228026661125027
-3.804526999661922,0.15330735834953346,-0.27565609650780853,-0.14706981351210663,-0.007494630607132707,völlig un+erwart+et,2.7228026661125027
-3.8738346572912525,0.20710444343380296,-0.2281639419193697,-0.14285904927517046,-0.003418128968805688,un+erwart+et versterb+en,2.6395408330663632
-3.5605203201430013,-0.032982459140425524,-0.4221458375568901,-0.1506299750748465,-0.024682878835302288,Nur,3.0151959398124157
-3.8845599337544674,0.21566986086471274,-0.21745341585996664,-0.13804592119840287,-0.004318084764672311,wenige,2.6265065868866913
-3.8845599337544674,0.21566986086471274,-0.21745341585996664,-0.13804592119840287,-0.004318084764672311,nur wenig+e,2.6265065868866913
-3.115944916618682,-0.3812154335433089,-0.6452357402502045,-0.15071666101231734,-0.05395814530992665,Stunden,3.555777660908169
-3.806254800108732,0.15351416582137256,-0.26576509760474815,-0.13543810552881858,-0.011696410581157543,wenig+e stunde+n,2.7212155741081165
-4.043804287442104,0.3380428658648875,-0.10591840481132064,-0.13423860704223345,0.008018198430919783,stunde+n früh+en,2.4364799751731123
-3.7173532652752312,0.08725819619016062,-0.327334312514478,-0.14490873526884063,-0.015138274734567442,früh+en tod,2.8268014106411217
-2.9084406050611475,-0.5292270536524271,-0.7482506838237105,-0.16797717576267468,-0.059630693159041015,teilte,3.8017442944646067
-4.095935155129966,0.37779831125588115,-0.06767258332108428,-0.13343609405170953,0.01245727894952229,tod teil+te,2.3746099499611786
-4.156765166598456,0.42399696719695723,-0.02138134176950751,-0.13214903438849535,0.01766480742691872,teil+te video,2.302629515523225
-4.180833419345933,0.4422320151438075,-0.0025609488277877346,-0.131546846598119,0.019739769025671337,video instagram,2.2742080121344763
-3.3528078261992036,-0.19160835805209864,-0.5376898044611316,-0.15820877557150692,-0.03619084596237174,Kidnapper-Chef,3.2652132316024227
-3.8170500214174234,0.16364902277052762,-0.2655823985548355,-0.14428544573739027,-0.00751980708987704,David,2.707406772788693
-3.8170500214174234,0.16364902277052762,-0.2655823985548355,-0.14428544573739027,-0.00751980708987704,kidnapper+-+chef david,2.707406772788693
-3.8342686521192886,0.17683844727519826,-0.2543245294006655,-0.1438223046967852,-0.006300157875429334,Barkay,2.6868117636170337
-3.8342686521192886,0.17683844727519826,-0.2543245294006655,-0.1438223046967852,-0.006300157875429334,david barkay,2.6868117636170337
-3.852991313162793,0.19117835700566,-0.24196476809105594,-0.14330889840283645,-0.004965065731234994,barkay sag+t,2.664427792319796
-3.745858552828011,0.10863811636748189,-0.3073349152787815,-0.14120832003100464,-0.01431056859035057,Frau,2.792847961515277
-3.877526618877854,0.20996741481170078,-0.22557827994756013,-0.14262105164009897,-0.003200944814150612,sag+t frau,2.635110649308379
-3.8889372987964803,0.21870444911948095,-0.21788322665391507,-0.1422954772675895,-0.002374715978675543,Block,2.6214824768825906
-3.8889372987964803,0.21870444911948095,-0.21788322665391507,-0.1422954772675895,-0.002374715978675543,frau block,2.6214824768825906
-3.9019592631884987,0.22867416202638902,-0.20904338623892293,-0.14191961681939164,-0.0014272124296217104,bezahlte,2.605934980525499
-3.9019592631884987,0.22867416202638902,-0.20904338623892293,-0.14191961681939164,-0.0014272124296217104,block bezahl+te,2.605934980525499
-3.9354076243540175,0.2542765012033035,-0.18604912649054345,-0.14093359190187493,0.0010297146927952874,bar,2.5660251435066774
-3.9354076243540175,0.2542765012033035,-0.18604912649054345,-0.14093359190187493,0.0010297146927952874,bezahl+te bar,2.5660251435066774
-3.956423170057068,0.27035723871151984,-0.17138623213144277,-0.14029929441585043,0.00259101839567831,Entführung,2.5409694606041917
-3.956423170057068,0.27035723871151984,-0.17138623213144277,-0.14029929441585043,0.00259101839567831,bar entführung,2.5409694606041917
-3.7682540541823593,0.12626454303372414,-0.29692918167589055,-0.14554900890008693,-0.010935624721667765,entführung kidnapper+-+chef,2.765817498116747
-4.375719533563029,0.5889284563446557,0.16078616121699824,-0.12523627958314015,0.03712429406657972,Davi…,2.045386149847525
-4.375719533563029,0.5889284563446557,0.16078616121699824,-0.12523627958314015,0.03712429406657972,kidnapper+-+chef davi…,2.045386149847525
-4.378803509098673,0.5912321666967026,0.16353375766703698,-0.1251202766492014,0.037410437617411425,+698,2.0417868826981023
-4.378803509098673,0.5912321666967026,0.16353375766703698,-0.1251202766492014,0.037410437617411425,davi… +698,2.0417868826981023
-4.380947316859734,0.5928331555261352,0.1654468386669607,-0.12503939387521418,0.0376095890090525,+698 chars,2.0392853369562447
-0.8394604438875009,-2.0419591002079613,-1.399265804601339,-0.23235083055196704,-0.12299928335344806,Familie,6.297246501241256
-2.9563402933408627,-0.4955592352450555,-0.7376749832322647,-0.180383379617714,-0.05228939937280075,kopf familie,3.7453208723893985
-3.1681085513981486,-0.3354562695976995,-0.6386661576762633,-0.17350253808738308,-0.0422895581390286,familie geb+t,3.4897781862875554
-3.2636528568447365,-0.26288267375102414,-0.5910142112891452,-0.17028476314691393,-0.037493550066598685,geb+t tod+es+ursache,3.3745441125220523
-3.4815375440910405,-0.09660681706091623,-0.47448503543510184,-0.1626018605687638,-0.02582770216175642,tod+es+ursache jan,3.1119762392008803
-3.4815375440910405,-0.09660681706091623,-0.47448503543510184,-0.1626018605687638,-0.02582770216175642,bekenn+t jan,3.1119762392008803
-3.1960203614780673,-0.3119313663888339,-0.6221522510103921,-0.16899736346050348,-0.04223796888188169,zimmermann sterb,3.454841215084248
-3.705672726486313,0.07585909956693793,-0.3411022487080575,-0.15351041612470728,-0.012848200165930662,sterb jahr+en,2.842161637625605
-1.9200573537827825,-1.2637081826637102,-1.1210887938107539,-0.20970357566892572,-0.09182808837254802,epileptischen,4.9957978078110905
-3.9427112633735324,0.254521921551371,-0.1872752641440356,-0.14813332982820476,0.004277769753023977,jahr+en epileptisch+en,2.5601586123366245
-0.2575853268331141,-2.4554515021300602,-1.5199619161464288,-0.24884287755226492,-0.13453559801182763,Anfall,6.997823833474103
-1.6338652233173416,-1.4723188782409258,-1.2052553845075606,-0.21755138888703945,-0.10041465828666712,epileptisch+en anfall,5.34106355876589
-2.8575058609608788,-0.5663680545695811,-0.7748388803302063,-0.17538317104735796,-0.0597133757942126,Seine,3.8626703228433015
-2.936573974187088,-0.5073478531160607,-0.7422986799115551,-0.17555601575617763,-0.05521973318651319,Angehörigen,3.7674899212695516
-3.3612917678487233,-0.1860112450448672,-0.537028231518996,-0.16288517433391037,-0.03388863727520086,sein+e angehörig+en,3.25549243868399
-3.391662855531022,-0.1627724595759925,-0.520617494061919,-0.16163202591471143,-0.032327376996132334,angehörig+en geb+en,3.218861107387931
-3.416780868648101,-0.14347862498906672,-0.5067370633210956,-0.16041231475218842,-0.03108565059356663,geb+en tod+es+ursache,3.188538530590472
-3.4404362060765017,-0.12519333250194986,-0.49322500865404406,-0.15887798687628635,-0.03004381024419744,tod+es+ursache instagram,3.159929443914255
-3.4461367396362683,-0.12066942567385386,-0.48955520142674247,-0.15800254924884477,-0.02997840871880519,instagram bekannt,3.1529706752881776
-3.694512746125122,0.0693316272178428,-0.34471089693521517,-0.14978268626434899,-0.015075964160905148,gaben,2.854454549780064
-3.078527009401436,-0.3997804938413143,-0.6749824958624984,-0.1678585907625732,-0.049826186959565866,der nachricht,3.595918381314242
-4.180208296759591,0.4401042315282797,-0.005565457430688259,-0.13449831241167876,0.02075344057667742,Schoc…,2.2758256655678304
-4.180208296759591,0.4401042315282797,-0.005565457430688259,-0.13449831241167876,0.02075344057667742,nachricht schoc…,2.2758256655678304
-4.452805906825328,0.6436887602857007,0.2283793027924354,-0.12498934918433018,0.045379191267861115,+1639,1.9570162052163007
-4.452805906825328,0.6436887602857007,0.2283793027924354,-0.12498934918433018,0.045379191267861115,schoc… +1639,1.9570162052163007
-4.454368255196615,0.6448606171212725,0.22985539827840273,-0.12490735709599297,0.04552299723196871,+1639 char+s,1.9551955861074721
-4.207634404791657,0.461350791625047,0.016977907473957943,-0.13286907840447926,0.02280785154921166,27-jähriger,2.2432143357219974
-4.184772847545986,0.4439242227698137,-0.001480224282458309,-0.1338201576688708,0.020945467040974435,27-jährig+er youtube-star,2.2702460290976467
-4.155565523923899,0.4216286289947293,-0.024722757253859362,-0.13503043409063592,0.01860237176669511,youtube-star zimmermann,2.3048257318944114
-2.156567596250831,-1.087763805776607,-1.0382524548871512,-0.19363130509698145,-0.08764021955888168,zimmermann sterb+t,4.708999815772129
-3.586472708314527,-0.014211714346398452,-0.4115385399922727,-0.15560072388156077,-0.020958855059021037,epileptischem,2.984623728742621
-4.094059373084056,0.37458001607025926,-0.07246175110764644,-0.13756096968810172,0.013796552126463434,sterb+t epileptisch+em,2.3777959098151653
-3.486252911623178,-0.09088031554180187,-0.46918116847658514,-0.15911873879451305,-0.026788856884263575,epileptisch+em anfall,3.1051580336218816
-4.001432913813802,0.3035465808620388,-0.14141710311051556,-0.14132214172351665,0.0068691175599010085,anfall der,2.48802268018662
-3.1628931379704386,-0.3368289728373539,-0.6380201158933918,-0.16958355088035737,-0.04407063195253724,27-jährig+e bekenn+t,3.494670892134433
-1.8006669809814086,-1.3493223377251615,-1.1550565788119926,-0.21015081929018753,-0.09658208608751956,YouTube-Kanal,5.138974590082822
-2.6536722055398805,-0.7200327915303166,-0.8623641970769482,-0.18579174063085824,-0.06672267135573723,bekenn+t youtube-kanal,4.109326666209685
-2.7437978824832228,-0.6518742902349892,-0.8240746108303496,-0.18067776057063534,-0.06390538227295561,kopf werd+e,4.000081676711543
-2.8925538392624977,-0.5400668401581066,-0.7600789686851476,-0.17485079622384986,-0.057963429616825934,werd+e tot,3.8203901586760214
-3.408229374945474,-0.1497204403319372,-0.5061734995869132,-0.15391662876714118,-0.0340834537453267,kanal teil+te,3.1986275128098005
-3.5075891596023463,-0.07351530825489361,-0.45231919199868764,-0.15216799394383346,-0.027878183610952036,teil+te offen,3.078876838223796
-3.553551206453642,-0.03828275643457513,-0.4271080315354292,-0.15207248016729707,-0.024646381197541808,Erfahrungen,3.023568781918542
-3.553551206453642,-0.03828275643457513,-0.4271080315354292,-0.15207248016729707,-0.024646381197541808,offen erfahrung+en,3.023568781918542
-3.483342428301005,-0.09224124862216398,-0.46882847889065515,-0.1566865899046661,-0.027894615278477777,erfahrung+en tourette-syndrom,3.1081849389548846
-4.229020331305587,0.4785301188956188,0.035757199166163434,-0.13048159397394654,0.024031203254845014,You…,2.2174799902369706
-4.229020331305587,0.4785301188956188,0.035757199166163434,-0.13048159397394654,0.024031203254845014,deutsch+e you…,2.2174799902369706
-4.238004211615172,0.48532041928075254,0.04309198352420324,-0.1301927884582233,0.02481140580805794,+988,2.2069008985178447
-4.238004211615172,0.48532041928075254,0.04309198352420324,-0.1301927884582233,0.02481140580805794,you… +988,2.2069008985178447
-4.2450679722255265,0.49065697464509683,0.04888747358908535,-0.1299628409725015,0.025426754462033664,+988 chars,2.1985863222689566
-3.67286972361763,0.052407969396871534,-0.3525103942394157,-0.143284565452921,-0.01913987207298387,sterb+t freund,2.8805388923048056
-2.681344381287916,-0.7009192450684831,-0.8415997196239142,-0.17230040696647786,-0.07030623626839527,enthüllt,4.076628842831419
-3.6247155840203136,0.015911147950478766,-0.3828413965775419,-0.14651497085127313,-0.02153306116288882,freund enthüll+t,2.9381657627227864
-2.6050937969280463,-0.7553508452929156,-0.8768675441335206,-0.1811460850233262,-0.07094900202096832,enthüll+t tod+es+ursache,4.16743214097814
-0.7305803957163919,-2.120532439191787,-1.4258655994156522,-0.23889971176265518,-0.12401926316569106,tod+es+ursache gewitter,6.428891067086961
-3.7546187042708343,0.11434070987559775,-0.3090138952966253,-0.15024811634776714,-0.010267266157308302,-star mit,2.782960321608438
-3.842889149829614,0.1821333055377914,-0.25133390549403795,-0.1469191287911218,-0.0044572551520130205,mit jahr+en,2.6772149952064406
-2.7229209156415966,-0.6689893030360867,-0.8355095173546341,-0.18509184067651907,-0.06336213034324467,zimmermann youtube-kanal,4.026110697461573
-3.721642727167527,0.0897504970857026,-0.32869465155556166,-0.14995601920989926,-0.012933502109051823,kopf tourett+e,2.822118970249606
-3.7992262517535993,0.14983647869612282,-0.2777029340100518,-0.1454873748843642,-0.008503050379916485,aufklärte,2.728823634407567
-3.7992262517535993,0.14983647869612282,-0.2777029340100518,-0.1454873748843642,-0.008503050379916485,tourett+e auf+klär+te,2.728823634407567
-3.826258528799027,0.1709375051484554,-0.25741922193343286,-0.14125654607176058,-0.007902537636729455,auf+klär+te tot,2.696244729805043
-3.860275980980727,0.19549790581468374,-0.23044476129975677,-0.1342265896900891,-0.007760639070954742,sein freund,2.6562994050962745
-3.9100134276183587,0.23404682999101922,-0.1969276788093065,-0.13293997008164132,-0.004102422614172013,Kollege,2.596657372789541
-3.9100134276183587,0.23404682999101922,-0.1969276788093065,-0.13293997008164132,-0.004102422614172013,freund kollege,2.596657372789541
-4.013518390135111,0.3147984573310758,-0.12644080157732143,-0.13311337855962768,0.004901052876944152,kollege tim,2.4725280275878934
-3.5541310020431953,-0.037963391806866476,-0.4252647050395737,-0.15007401141964982,-0.02534958715382125,äußert,3.0229192933332643
-3.5541310020431953,-0.037963391806866476,-0.4252647050395737,-0.15007401141964982,-0.02534958715382125,lehmann äußer+t,3.0229192933332643
-4.094435204266549,0.3762109920184227,-0.06996732660467153,-0.13491444394710422,0.01286368626267654,Umständen,2.3766311186619733
-4.094435204266549,0.3762109920184227,-0.06996732660467153,-0.13491444394710422,0.01286368626267654,äußer+t umstand+en,2.3766311186619733
-4.035075444226093,0.33080443718193586,-0.11430990798896418,-0.13700374248569924,0.00825929901816045,Todes,2.4471730514019656
-4.035075444226093,0.33080443718193586,-0.11430990798896418,-0.13700374248569924,0.00825929901816045,umstand+en tod+es,2.4471730514019656
-3.72462065609856,0.09256881767081881,-0.3214571010602339,-0.14290390161093275,-0.015326071805258384,27Freund,2.8182069692453844
-3.72462065609856,0.09256881767081881,-0.3214571010602339,-0.14290390161093275,-0.015326071805258384,sterb+t 27freund,2.8182069692453844
-3.6247155840203136,0.015911147950478766,-0.3828413965775419,-0.14651497085127313,-0.02153306116288882,27freund enthüll+t,2.9381657627227864
-3.1218814713412932,-0.3674033476032368,-0.656746827266347,-0.16951251449846944,-0.04660207453332052,-star jan,3.543866950309149
-3.770130840135566,0.12744807444861928,-0.2967081511388131,-0.14673724386803233,-0.010347171430712662,gemeinsam,2.763713389647992
-3.770130840135566,0.12744807444861928,-0.2967081511388131,-0.14673724386803233,-0.010347171430712662,lehmann gemeinsam,2.763713389647992
-3.5878714182902693,-0.013225211188083952,-0.41085559650144476,-0.15572764898508912,-0.020810209572974733,gemeinsam youtube-kanal,2.982988375006663
-3.7037642411122764,0.07488470442267747,-0.3416903732583819,-0.15284718770268352,-0.013238091720546297,kopf leben,2.8441892996003353
-3.32659432585059,-0.2127958024378811,-0.5559354094491835,-0.16485281013653724,-0.03544358373697634,leben tourett+e,3.2974921990005375
-3.935255532758469,0.25275996573511317,-0.1885850536409782,-0.14389989953819765,0.002106897945795827,hat…,2.5669604825652224
-3.935255532758469,0.25275996573511317,-0.1885850536409782,-0.14389989953819765,0.002106897945795827,tourett+e hat…,2.5669604825652224
-3.976501709359587,0.2844433258374708,-0.15934767325185062,-0.14225891050103534,0.005040987180090356,+2752,2.5177295437448213
-3.976501709359587,0.2844433258374708,-0.15934767325185062,-0.14225891050103534,0.005040987180090356,hat… +2752,2.5177295437448213
-4.011187872592927,0.3110730258960055,-0.13426407823989017,-0.1408687714793233,0.007559942036178852,+2752 chars,2.476376807065675
-2.6642737686216527,-0.6367021821782588,-0.13719635975710895,0.8521958984855358,-0.04269407579652834,entstehen,4.095692795045254
-4.026140657480826,0.16966147553431732,0.5876139076216773,0.9199739754028191,0.021376595566095967,wie entsteh+en,2.5761249747072243
-3.5404739187619927,-0.29567233684578254,0.527941447420419,1.2555538570954266,-0.00855748941353024,entsteh+en blitz+e,3.220140816325017
-1.799277435533467,-1.154191319777294,0.8746651349919526,0.5854652393573093,1.45459218676785,Forscher,5.199655662557663
-4.13291492709694,0.27684909207137043,0.5957907187466502,0.8199703047894974,0.028871172599263646,forscher könn+ten,2.4320718147106435
-4.231216059344732,0.3769752276236571,0.5992909652781256,0.7141976830421524,0.036048127715375015,Versehen,2.2986225831917086
-4.231216059344732,0.3769752276236571,0.5992909652781256,0.7141976830421524,0.036048127715375015,könn+ten versehen,2.2986225831917086
-4.305749076387036,0.45355912560140643,0.5979996599120334,0.6226616086876271,0.04163325719116678,Antwort,2.196981443580344
-4.305749076387036,0.45355912560140643,0.5979996599120334,0.6226616086876271,0.04163325719116678,versehen antwort,2.196981443580344
-4.329230839026273,0.4777441351627152,0.5966389328496694,0.5913582086839753,0.043410518124443,gestoßen,2.16489772269213
-4.329230839026273,0.4777441351627152,0.5966389328496694,0.5913582086839753,0.043410518124443,antwort ge+stoß+en,2.16489772269213
-4.360814461196846,0.5102674176500619,0.5939212839842388,0.54711189178434,0.04580809196673823,Forschende,2.121715272460381
-4.360814461196846,0.5102674176500619,0.5939212839842388,0.54711189178434,0.04580809196673823,ge+stoß+en forsch+end+e,2.121715272460381
-2.3744243031128875,-0.8289464581103068,-0.23761829822020802,0.8584848683950149,-0.052389499943798934,wollten,4.433949090567542
-4.380010136423197,0.5300092348286121,0.591706719361549,0.51891295915018,0.04726658234089363,forsch+end+e woll+ten,2.0954618122905293
-2.9595491086794654,-0.4456435641889369,-0.012535622072663288,0.8608597959226716,-0.03111496138910685,eigentlich,3.7551936589347106
-3.0736652551197037,-0.3719470381636274,0.036697751632280784,0.861012551802599,-0.024526606449556062,woll+ten eigentlich,3.6240631827810077
-4.410368614883162,0.5611479020310193,0.5872074422237743,0.47209446217830825,0.049569691967412684,Feuchtigkeitseffekte,2.0539453475455622
-4.410368614883162,0.5611479020310193,0.5872074422237743,0.47209446217830825,0.049569691967412684,eigentlich feuchtigkeit+s+effekt+e,2.0539453475455622
-4.430811025847138,0.5820249138916176,0.5834011602732315,0.43889783431730933,0.051114053523642115,messen,2.0260050232453137
-4.430811025847138,0.5820249138916176,0.5834011602732315,0.43889783431730933,0.051114053523642115,feuchtigkeit+s+effekt+e mess+en,2.0260050232453137
-4.444100676041777,0.5955424015464155,0.5805519192004429,0.41653528974578585,0.052113369999872323,Laser,2.0078536980916604
-4.444100676041777,0.5955424015464155,0.5805519192004429,0.41653528974578585,0.052113369999872323,mess+en laser,2.0078536980916604
-4.448265070943203,0.5997676120040796,0.5795941342936196,0.4093948685644856,0.0524255482028557,verhielt,2.002168603443065
-4.448265070943203,0.5997676120040796,0.5795941342936196,0.4093948685644856,0.0524255482028557,laser verhalt,2.002168603443065
-4.456303501192164,0.6110078374963681,0.5699146812371573,0.3830674436270223,0.05277646348479396,geplant,1.989155646607177
-4.456303501192164,0.6110078374963681,0.5699146812371573,0.3830674436270223,0.05277646348479396,verhalt ge+plan+t,1.989155646607177
-3.8172277890610546,0.192516356439419,0.07260194224824323,0.34358590617365237,0.005157484563593412,Dieser,2.7105032966269476
-4.456422766758857,0.6145544962779366,0.56090714856085,0.368569285225773,0.05249003886778932,Labor-Zufall,1.9867112799473272
-4.456422766758857,0.6145544962779366,0.56090714856085,0.368569285225773,0.05249003886778932,dieser labor+-+zufall,1.9867112799473272
-4.451369158596542,0.6174384581194872,0.539970175532022,0.34226209144895786,0.05136703584588485,ältesten,1.988212343144307
-4.451369158596542,0.6174384581194872,0.539970175532022,0.34226209144895786,0.05136703584588485,labor+-+zufall alt+est+en,1.988212343144307
-4.448459429415544,0.6169692826392543,0.533591938044644,0.33613656014605,0.05090845382802044,Rätsel,1.9905002796362021
-4.448459429415544,0.6169692826392543,0.533591938044644,0.33613656014605,0.05090845382802044,alt+est+en rätsel,1.9905002796362021
-4.443635077541494,0.6154730645525015,0.5249585707489063,0.3290550255694781,0.050213210731778986,Wetterphysik,1.9947755473215802
-4.443635077541494,0.6154730645525015,0.5249585707489063,0.3290550255694781,0.050213210731778986,rätsel wetter+physik,1.9947755473215802
-4.435497528272164,0.6119868314115477,0.5130021494256564,0.32121740111901675,0.04912895420109629,lösen,2.0026331581150916
-4.435497528272164,0.6119868314115477,0.5130021494256564,0.32121740111901675,0.04912895420109629,wetter+physik lös+en,2.0026331581150916
-4.1621287225552255,0.3887137874744415,0.44594203918138686,0.5516726824750809,0.02619779587535743,Geschichten,2.341066468535168
-4.062849435420651,0.32318392731026724,0.3682995357489043,0.5411871066677881,0.016577831547039797,geschichte+n zeig+en,2.4531413793163526
-3.9544456446618903,0.24541950861069584,0.29191224116453496,0.5372139237098882,0.006638888882419973,zeig+en warum,2.579354963289678
-4.192433303722337,0.44666415417758,0.29890859449410756,0.2950522468822591,0.02246657247964707,Grundlagenforsch…,2.277569071636796
-4.192433303722337,0.44666415417758,0.29890859449410756,0.2950522468822591,0.02246657247964707,warum grundlagenforsch…,2.277569071636796
-4.404112670205081,0.594597107030248,0.47731817494018935,0.3071599869534074,0.04531493860299964,grundlagenforsch… geschichte+n,2.035578628305731
-4.201921481576939,0.4553697859185155,0.28758287562054186,0.267405012562916,0.022636645398074508,Grundlagenforschung,2.2645536232152095
-4.201921481576939,0.4553697859185155,0.28758287562054186,0.267405012562916,0.022636645398074508,warum grund+lage+n+forschung,2.2645536232152095
-4.375098899049786,0.5818731710596783,0.4213485427937559,0.2588102406553338,0.040888511707255805,grund+lage+n+forschung oft,2.063026443512966
-4.390670563815274,0.5925064384440695,0.4343213742363955,0.2585778139967347,0.04260971703032184,unverhoffte,2.0453661300785897
-4.390670563815274,0.5925064384440695,0.4343213742363955,0.2585778139967347,0.04260971703032184,oft un+verhofft+e,2.0453661300785897
-4.421899156218301,0.61340319689443,0.46062578763848583,0.25811883056212287,0.04609196520415763,Ergebnisse,2.010198801194376
-4.421899156218301,0.61340319689443,0.46062578763848583,0.25811883056212287,0.04609196520415763,un+verhofft+e ergebnis+se,2.010198801194376
-4.43995315677393,0.6252091914752049,0.4760066116873719,0.2578584801707865,0.04812321633736869,liefert,1.9900273459089521
-4.43995315677393,0.6252091914752049,0.4760066116873719,0.2578584801707865,0.04812321633736869,ergebnis+se liefer+t,1.9900273459089521
-4.453881738958225,0.6341725579558896,0.4879588473227122,0.25766045788107533,0.04969913125199175,Institute,1.9745488180271162
-4.465033430567198,0.6412547408756011,0.49758173473652056,0.2575038456175358,0.05096628222003894,Science,1.9622103643037754
-4.465033430567198,0.6412547408756011,0.49758173473652056,0.2575038456175358,0.05096628222003894,institute science,1.9622103643037754
-4.470559154197582,0.6447322000620164,0.5023674429600039,0.25742691575825255,0.05159592020457913,and,1.9561148372293378
-4.470559154197582,0.6447322000620164,0.5023674429600039,0.25742691575825255,0.05159592020457913,science and,1.9561148372293378
-4.473033409687125,0.6462823684928332,0.5045140862726947,0.2573926182114288,0.051878227068754855,Technology,1.9533894126229714
-4.473033409687125,0.6462823684928332,0.5045140862726947,0.2573926182114288,0.051878227068754855,and technology,1.9533894126229714
-4.479043495033652,0.6500297383943323,0.5097379987924135,0.2573097020772511,0.05256491877476983,Austria,1.94677955938114
-4.479043495033652,0.6500297383943323,0.5097379987924135,0.2573097020772511,0.05256491877476983,technology austria,1.94677955938114
-4.4832596350147185,0.6526431322286579,0.5134107309304914,0.2572518761993212,0.05304744172595458,ISTA,1.9421514918208378
-4.4832596350147185,0.6526431322286579,0.5134107309304914,0.2572518761993212,0.05304744172595458,austria ista,1.9421514918208378
-4.4869786409276085,0.6549377001805409,0.5166559271879846,0.25720110744763963,0.05347361319721362,ista österreichisch+en,1.9380752231439242
-4.492951362552525,0.6586016073331138,0.5218785032682046,0.25712005218646883,0.05415910185006923,Klosterneuburg,1.9315408069794984
-4.492951362552525,0.6586016073331138,0.5218785032682046,0.25712005218646883,0.05415910185006923,österreichisch+en klosterneuburg,1.9315408069794984
-4.497348813735611,0.6612823207749172,0.5257321227048068,0.2570607612682807,0.05466462241317544,habe…,1.926739406724336
-4.497348813735611,0.6612823207749172,0.5257321227048068,0.2570607612682807,0.05466462241317544,klosterneuburg habe…,1.926739406724336
-4.499180632536742,0.6623947500928762,0.5273395118531183,0.2570361614720173,0.054875408865913085,+4287,1.9247417404129012
-4.499180632536742,0.6623947500928762,0.5273395118531183,0.2570361614720173,0.054875408865913085,habe… +4287,1.9247417404129012
-4.5006554797768175,0.6632885662739105,0.5286345646948899,0.2570163981955469,0.055045205900575135,+4287 chars,1.923134405918983
-4.233178523832397,0.47987136048889356,0.03678403693779436,-0.13303400030261037,0.025362332696704966,youtuber sterb+t,2.213535160311051
-3.8078351886997477,0.15567133584263448,-0.27380806885383485,-0.14734280895161578,-0.007129302388218885,passiert,2.7189358888790967
-4.196823511165621,0.45209245213454996,0.007004087659350733,-0.13469072079810007,0.022418797446218032,sterb+t passier+t,2.2565318880470917
-4.151316888834996,0.41724981633885894,-0.029417787123828615,-0.13673601727099144,0.01881807028641131,passier+t epileptisch+en,2.3104587124128395
-3.044129155904784,-0.3515071277287505,-0.20861721693208163,0.526017907313451,-0.031387794223786736,Körper,3.624817239607489
-4.06631892138641,0.3520176737261236,-0.09501103551479395,-0.14046567600674953,0.012326955602283286,anfall körper,2.4114608366203676
-4.0314748205636,0.32523724523333475,-0.12102319384701801,-0.14195980559728588,0.009749328946326886,körper jan,2.452956830377322
-3.7306248956338806,0.09396505433440261,-0.32655383671862204,-0.15392219905409632,-0.010780670762077081,Bekanntheit,2.8127816278788647
-3.7306248956338806,0.09396505433440261,-0.32655383671862204,-0.15392219905409632,-0.010780670762077081,kopf bekanntheit,2.8127816278788647
-3.8931860412812864,0.21908939368937608,-0.21933208254722933,-0.1474146531566033,-0.00014176215725514307,erlangte,2.617947876415658
-3.8931860412812864,0.21908939368937608,-0.21933208254722933,-0.1474146531566033,-0.00014176215725514307,bekanntheit erlang+te,2.617947876415658
-4.0169727863201565,0.3144799032884731,-0.13128446224820178,-0.1420931962569339,0.008515157535050007,erlang+te alter,2.470033184178815
-4.178228290380849,0.4387794624519501,-0.006917049270876385,-0.1343162752652543,0.020498214383393894,angabe+n angehörig+en,2.2780705203702967
-4.197704917401127,0.45381501075738795,0.008971611634927157,-0.13323727072802843,0.0219794681890916,erlag,2.2549351377367737
-4.197704917401127,0.45381501075738795,0.008971611634927157,-0.13323727072802843,0.0219794681890916,angehörig+en erlieg,2.2549351377367737
-4.217353309325599,0.469008955302068,0.025239741175919927,-0.1320717317442709,0.02346543359508447,erlieg epileptisch+en,2.231596384463873
-4.241964952829939,0.48813120880035465,0.04605788816443657,-0.1303896489563059,0.025274391743201487,dabei,2.202334926651364
-4.241964952829939,0.48813120880035465,0.04605788816443657,-0.1303896489563059,0.025274391743201487,was dabei,2.202334926651364
-4.2481556330966175,0.49297942874840417,0.05141372447815401,-0.12987884877060474,0.025702547071926145,dabei körper,2.1949579394016085
-4.252207933435297,0.49617246569411644,0.05496685553919339,-0.12950034025626683,0.02596784139133288,körper passier+t,2.1901195212648763
-4.261120330092733,0.5033767856459279,0.06316749750988793,-0.1282428922384906,0.026399413357049685,zimmermann werd+e,2.17938325199148
-4.2579786733223495,0.5015412618245112,0.06177444400065002,-0.12688765725868678,0.025589210644432668,bekannte,2.1827892162132345
-4.2579786733223495,0.5015412618245112,0.06177444400065002,-0.12688765725868678,0.025589210644432668,der bekenn+t+e,2.1827892162132345
-4.252144861409299,0.4972905177581275,0.05748101089318458,-0.12641986220937207,0.024834427412539044,bekenn+t+e youtub+er,2.189566431985801
-4.224775352433921,0.47670296543936996,0.036629357005420415,-0.12528207538503983,0.021700047152619396,youtub+er tourette-syndrom,2.221721154688633
-4.192452126851601,0.4516215791039082,0.01261456609476136,-0.12356239418294583,0.017896935424034012,Videoplattform,2.2601256057277004
-4.192452126851601,0.4516215791039082,0.01261456609476136,-0.12356239418294583,0.017896935424034012,tourette-syndrom video+plattform,2.2601256057277004
-4.258630696494979,0.5025010435545747,0.06444055332977117,-0.12420257231938718,0.024662979129642958,video+plattform einblick+e,2.181758419789313
-3.895703643742512,0.22417568024015222,-0.21226903750314863,-0.14079981780348833,-0.002364611604149927,einblick+e leben,2.6132404368841557
-4.07283893163566,0.35929566693590287,-0.08707659639892074,-0.13666257111159374,0.011532657232226316,neuropsychiatrischen,2.4024955259632472
-4.317131144418192,0.5464565946327671,0.11217224890494182,-0.12431853864924693,0.030657230937082718,leben neuropsychiatrisch+en,2.1131508488891138
-2.5080743575421396,-0.828156728785773,-0.9180638175164181,-0.18922227518906515,-0.07280057759875197,Krankheit,4.284921958092179
-4.33895803967966,0.562676498696614,0.13052056544673935,-0.12418491239585254,0.03287400789388107,neuropsychiatrisch+en krankheit,2.087680339069337
-1.2417133825473385,-1.484085000230046,0.9370406124903804,0.14384811228100586,-1.3992695151234729,gab,5.832210324730819
-4.347348377871628,0.568894256755643,0.1376585710685126,-0.12410303696453377,0.03372178320338002,krankheit geb,2.0779033482502713
-4.351196831801025,0.5717436242048526,0.14094872902145367,-0.12405965525303082,0.03410979334589604,geb sterb,2.0734211496149415
-4.357639971910419,0.5765108930942131,0.14648006173864953,-0.12397878536851258,0.0347582222984533,18…,2.0659199777039268
-4.357639971910419,0.5765108930942131,0.14648006173864953,-0.12397878536851258,0.0347582222984533,sterb 18…,2.0659199777039268
-4.360984322394792,0.5789839460464128,0.1493624969601119,-0.12393274651839707,0.03509421739491516,+5401,2.0620278550579463
-4.360984322394792,0.5789839460464128,0.1493624969601119,-0.12393274651839707,0.03509421739491516,18… +5401,2.0620278550579463
-4.364803327982008,0.5818069135091468,0.1526635663987817,-0.12387679266753336,0.03547742915937783,+5401 chars,2.0575844528958553
-3.0477164807749975,-0.37346961187729555,-0.026934623427370213,0.7857207931450712,-0.026577749087832444,plötzlich,3.6431274722503275
-4.152728471054943,0.41972939189643954,-0.02659622550875282,-0.13472599428517767,0.01822379976174649,sterb plötzlich,2.3080449138406878
-4.184037964536615,0.4440407537357003,-0.0011079498798982623,-0.1327365422823379,0.02048154317265411,plötzlich jahr+en,2.270756192996567
-4.181695901962377,0.44379311525986,0.0016053948093761594,-0.12716732256882535,0.01820616556384714,bekannt ein,2.2726833202837797
-4.169267626839561,0.4342552324830571,-0.007622874398452828,-0.1267642914810077,0.01686271759934061,ein anfall,2.287412934254359
-3.3730491767560675,-0.19100136523205835,-0.5127553535941829,-0.13817641087576715,-0.04233957404417829,Grund,3.2484494230614502
-4.022484002052689,0.31756978443604367,-0.11348350990375283,-0.12373808250730851,0.0021566707159074994,anfall grund,2.4639005598086636
-4.393604075958505,0.602811355469989,0.1775122558426841,-0.12376317207026159,0.038504491240432474,+2158,2.024244151759538
-4.393604075958505,0.602811355469989,0.1775122558426841,-0.12376317207026159,0.038504491240432474,schoc… +2158,2.024244151759538
-4.395935801649911,0.6045368268413107,0.1795915471818768,-0.12369775948183388,0.038731330371431,+2158 char+s,2.0215332364240597
-3.7421251713615558,0.1030705314948821,-0.3189944599971257,-0.15316233345501878,-0.010169125827555782,kopf warum,2.7988400866757335
-3.8758500648032506,0.20603309658579105,-0.230888286369705,-0.14776328714009784,-0.0014494011514635669,warum arbeit,2.638538211114186
-3.9598566091960157,0.2707990231936346,-0.17227640590346244,-0.14416480868329984,0.004302326885718848,arbeit jan,2.5380475866452628
-3.2210117631597206,-0.29182831265724896,-0.6059222178934973,-0.163231976143289,-0.04282075237254507,wichtig,3.424062654670585
-3.7687066577802613,0.12376688152797755,-0.30170149603707236,-0.1518073242998591,-0.008590764313818229,zimmermann wichtig,2.7668152996893056
-3.468281798182938,-0.10663496618261137,-0.48179366910264004,-0.16294057044074778,-0.026621543241011927,wichtig der,3.127876390440795
-3.2566078863272696,-0.26801905409289306,-0.594384331047606,-0.17025780642407495,-0.03795281792382585,Duo,3.3829199400680445
-3.2566078863272696,-0.26801905409289306,-0.594384331047606,-0.17025780642407495,-0.03795281792382585,der duo,3.3829199400680445
-2.6586380618107754,-0.7189389150258108,-0.8634201471403161,-0.18966058611100867,-0.06501304754101245,duo gewitter,4.104754221219255
-3.7730314561460263,0.12748767542936656,-0.2984712110002734,-0.1511120591830583,-0.008505735012905268,kopf jahrelang,2.761417945982302
-3.910390212484772,0.2334149412749169,-0.2062194371414451,-0.14525302279261265,0.0005047873134690697,Netz,2.596794632951801
-3.910390212484772,0.2334149412749169,-0.2062194371414451,-0.14525302279261265,0.0005047873134690697,jahrelang netz,2.596794632951801
-3.99539578854955,0.29910497478244435,-0.1455303398512287,-0.14125244638178486,0.006315681370054185,netz krankheit,2.4951161904388064
-4.036008822507307,0.3305529074594522,-0.11541049721714775,-0.1391364272577315,0.009125015319208889,krankheit tourett+e,2.4465825512079578
-4.063354680559408,0.3517778529512743,-0.09463786850626973,-0.13755598626667964,0.011000687101809577,tourett+e auf+ge+klär+t,2.4139065939732762
-4.101374127559765,0.3822551972841237,-0.06204708565281705,-0.13136131465651962,0.012190566314231495,sein+e arbeit,2.3679828048850182
-4.0611092894311716,0.3511154584165994,-0.09010409362381325,-0.12972679183214747,0.007895989084550269,arbeit wichtig,2.4159592791321174
0.12970881243080878,-2.5415529263683396,-1.012858945137602,0.5934356315945504,-0.1203053022043507,viele,7.396149721873486
-4.065608034032168,0.354231019995372,-0.0858039073339299,-0.1282828872765785,0.007761960813463621,wichtig viele,2.4107703854674734
-4.116335229047383,0.3936744685739182,-0.04887742082863489,-0.1285865758994283,0.012544610999253643,erreicht,2.350219321376112
-4.116335229047383,0.3936744685739182,-0.04887742082863489,-0.1285865758994283,0.012544610999253643,viele erreich+t,2.350219321376112
-3.53020387745164,-0.05616165080508484,-0.44081816584714706,-0.15321245570030162,-0.025889268167345516,Zugang,3.0516579950658542
-3.602313880132289,-0.0009827845982488537,-0.3990827405841096,-0.15109648324271951,-0.021474404295123026,stern+statt,2.9649754960825208
-3.602313880132289,-0.0009827845982488537,-0.3990827405841096,-0.15109648324271951,-0.021474404295123026,zugang stern+statt,2.9649754960825208
-3.665262853129798,0.04725550657631539,-0.3612952268610514,-0.1490114137977997,-0.01757663416544686,"11,96",2.8893639345966498
-3.665262853129798,0.04725550657631539,-0.3612952268610514,-0.1490114137977997,-0.01757663416544686,"stern+statt 11,96",2.8893639345966498
-3.7351944078635477,0.10099211104054051,-0.31692735605501493,-0.14534888223383569,-0.013594659875277255,Alles,2.80538812733904
-3.7351944078635477,0.10099211104054051,-0.31692735605501493,-0.14534888223383569,-0.013594659875277255,"11,96 alle+s",2.80538812733904
-3.602313880132289,-0.0009827845982488537,-0.3990827405841096,-0.15109648324271951,-0.021474404295123026,stern+,2.9649754960825208
-3.602313880132289,-0.0009827845982488537,-0.3990827405841096,-0.15109648324271951,-0.021474404295123026,alle+s stern+,2.9649754960825208
-3.726522994524233,0.09397514630309756,-0.3200870404986249,-0.14260398755077003,-0.015291089577218725,erstklassigen,2.8159509879712017
-3.726522994524233,0.09397514630309756,-0.3200870404986249,-0.14260398755077003,-0.015291089577218725,stern+ erstklassig+en,2.8159509879712017
-3.6746051394476678,0.0525310870374085,-0.34949805947515444,-0.14055881915663782,-0.020031142640335356,Inhalten,2.879063599321908
-3.6746051394476678,0.0525310870374085,-0.34949805947515444,-0.14055881915663782,-0.020031142640335356,erstklassig+en inhalt+en,2.879063599321908
-3.485358063852222,-0.10125638780733581,-0.45357273004488785,-0.13741696309815665,-0.03496776800307272,GEO,3.1111295815935094
-3.485358063852222,-0.10125638780733581,-0.45357273004488785,-0.13741696309815665,-0.03496776800307272,inhalt+en geo,3.1111295815935094
-3.497353801772062,-0.09233265202622776,-0.44668506949599346,-0.13679403235527876,-0.034363265968877066,Capital,3.096820661178563
-3.497353801772062,-0.09233265202622776,-0.44668506949599346,-0.13679403235527876,-0.034363265968877066,geo capital,3.096820661178563
-1.0506942377129347,-1.9063447391101787,-1.3330327778769582,-0.2052215880855232,-0.12594207928067785,/li,6.050924582264147
-3.6693871358308536,0.04660787734190319,-0.3506170724582604,-0.13783871882383664,-0.021449345571563597,capital /li,2.8863077545120257
-3.7680588290999393,0.12481113766756002,-0.2914714862789483,-0.13811785537543764,-0.013727850143774159,Wochen,2.7666664065154802
-3.7680588290999393,0.12481113766756002,-0.2914714862789483,-0.13811785537543764,-0.013727850143774159,/li woche+n,2.7666664065154802
-3.812154927362715,0.15937207193037817,-0.2639704226295293,-0.13809503357791364,-0.010222912121287467,testen,2.7134825810569057
-3.812154927362715,0.15937207193037817,-0.2639704226295293,-0.13809503357791364,-0.010222912121287467,woche+n test+en,2.7134825810569057
-3.8704268951293197,0.20469566338885525,-0.22652807369231734,-0.13786838369044285,-0.00555602390604288,"2,99",2.6434628194612
-3.8704268951293197,0.20469566338885525,-0.22652807369231734,-0.13786838369044285,-0.00555602390604288,"test+en 2,99",2.6434628194612
-3.7680588290999393,0.12481113766756002,-0.2914714862789483,-0.13811785537543764,-0.013727850143774159,"2,99 woche",2.7666664065154802
-3.6693871358308536,0.04660787734190319,-0.3506170724582604,-0.13783871882383664,-0.021449345571563597,woche /li,2.8863077545120257
-3.9386132419642297,0.257301001048007,-0.18101482283431075,-0.1372599053459545,-5.919349493392623e-05,jederzeit,2.5618738648181627
-3.9386132419642297,0.257301001048007,-0.18101482283431075,-0.1372599053459545,-5.919349493392623e-05,/li jederzeit,2.5618738648181627
-3.961017967428839,0.2745047770643949,-0.16563928219216606,-0.13697191924804086,0.0017543503613670353,kündbar,2.5351369609167165
-3.961017967428839,0.2745047770643949,-0.16563928219216606,-0.13697191924804086,0.0017543503613670353,jederzeit künd+bar,2.5351369609167165
-3.6693871358308536,0.04660787734190319,-0.3506170724582604,-0.13783871882383664,-0.021449345571563597,künd+bar /li,2.8863077545120257
-3.9861549203886386,0.29376801557165866,-0.14813304955948053,-0.1365963254790189,0.003793980871391295,/ul,2.505177371397841
-3.9861549203886386,0.29376801557165866,-0.14813304955948053,-0.1365963254790189,0.003793980871391295,/li /ul,2.505177371397841
-3.7630109704295704,0.11647967069318699,-0.307960972903774,-0.1550763678620471,-0.007842844795437398,-Host,2.7751911585855136
-3.7630109704295704,0.11647967069318699,-0.307960972903774,-0.1550763678620471,-0.007842844795437398,kopf -host,2.7751911585855136
-3.864201818298561,0.1941958612100203,-0.2413843541514809,-0.15122356535431702,-0.0011478468328041322,-host ge+sterb+en,2.6540023577222644
-4.0848073955173785,0.3636513511842532,-0.08336759682453904,-0.14227923508870693,0.01465382491302062,zimmermann geb,2.3908162004020426
-4.104781232938608,0.3789734438579624,-0.0681008344358103,-0.1414260917089306,0.01617325607654812,Tourette-Betroffenen,2.3670746413323824
-4.104781232938608,0.3789734438579624,-0.0681008344358103,-0.1414260917089306,0.01617325607654812,geb tourette-betroffen+en,2.3670746413323824
-4.19791940205251,0.45031047141051905,0.0054051226434601585,-0.13733600678101365,0.023469386958155154,Stimme,2.2566103660518024
-4.19791940205251,0.45031047141051905,0.0054051226434601585,-0.13733600678101365,0.023469386958155154,tourette-betroffen+en stimme,2.2566103660518024
-4.215954255611127,0.4640967416529871,0.02009688347151406,-0.13652123362356117,0.02492363902662082,stimme der,2.235271384368014
-3.809732256303807,0.1523537068606775,-0.2776483424746474,-0.15331461705120453,-0.004792045352835679,der youtuber,2.7192068641061713
-3.3520291123680437,-0.19558870311935284,-0.545146570469426,-0.16725722740515359,-0.03287873755462495,youtuber sterb,3.268013089347253
-3.77298362878092,0.12413544662584108,-0.30155067809578845,-0.15470269238738005,-0.0071973389387503806,sterb angabe+n,2.7632373122604097
-3.688564759391369,0.05936122774048047,-0.3548192292900797,-0.15782730199893502,-0.012566833136233177,angabe+n familie,2.8644899035786366
-3.6081216327882153,-0.0022810228996485993,-0.40356421668089903,-0.160728528530243,-0.0174907561324235,familie 18.,2.9610928989363368
-3.3563025820368555,-0.19456144065636427,-0.544731257113664,-0.16940385811980907,-0.03180090611542827,november epileptisch+en,3.2640570201504877
-2.3429239942973052,-0.9548807986171495,-0.9831742984172526,-0.2003352243307709,-0.07658704847670939,sein kanal,4.486621402989173
-3.2674214643347144,-0.26213854715606644,-0.5908350312620039,-0.17234090503282007,-0.03648890226150628,kopf zwei,3.3711373282404313
-3.491584012161036,-0.09140621270229343,-0.4709401884996882,-0.16481406458630343,-0.024311854672812157,Abonnenten,3.101209230334553
-3.491584012161036,-0.09140621270229343,-0.4709401884996882,-0.16481406458630343,-0.024311854672812157,million+en abonnent+en,3.101209230334553
-3.827893402706211,0.17103575127345505,-0.25276576677050766,-0.13638929592645216,-0.009592296990339255,...,2.6948485132466304
-3.827893402706211,0.17103575127345505,-0.25276576677050766,-0.13638929592645216,-0.009592296990339255,mehr ...,2.6948485132466304
-4.079041393785387,0.3620014164780281,-0.08516293457536217,-0.13965853635978226,0.013187111476547615,Ursache,2.396210947417616
-4.079041393785387,0.3620014164780281,-0.08516293457536217,-0.13965853635978226,0.013187111476547615,sterb+t ursache,2.396210947417616
-4.108045135866295,0.3843336617912336,-0.0629009653044573,-0.13831351956070181,0.015355047097837103,geklärt,2.3616921375326654
-4.108045135866295,0.3843336617912336,-0.0629009653044573,-0.13831351956070181,0.015355047097837103,ursache ge+klär+t,2.3616921375326654
-3.8780883364418877,0.20721941791600185,-0.22991818844858256,-0.1483232014323182,-0.0010605783785507389,ge+klär+t jan,2.6361446211108164
-4.163931267079178,0.42740225478541327,-0.01886627844203509,-0.13555455399850252,0.019584285734701938,zimmermann zeig+en,2.2952419820621297
-4.1284674104724,0.40024244318719226,-0.04678552186637727,-0.13710353507949652,0.016810152075605496,zeig+en leben,2.3373066497616786
-4.05832657766252,0.34642522526435227,-0.10042041532561355,-0.14012256103101706,0.011482429475853893,tourett+e mehr,2.4206842100961348
-3.961539982066987,0.2720268205091305,-0.17115339287908704,-0.14418292355835666,0.00445336420206556,mehr krankheit,2.536073228088972
-3.630709742067495,0.017701788653563533,-0.38774050552240324,-0.15713319907123874,-0.017150128158738787,jetzt youtub+er,2.9325275350714444
-2.6478848202385867,-0.7266944724285276,-0.8674548998139268,-0.1896636198539725,-0.0655685322949408,youtub+er gewitter,4.117589583824477
-3.8606238935837753,0.19488613927426246,-0.24057315082499992,-0.14761506494193144,-0.002754771889701073,kopf jahr+en,2.656458776359338
-4.1200628988034405,0.39414571276459065,-0.05290885365006848,-0.13699552352475008,0.01598949635919881,sterb epileptisch+em,2.347102125068689
-4.029387334762985,0.3245889443685992,-0.12149128140771462,-0.14080874799263987,0.009146184892668226,anfall was,2.454937347920474
-3.9646077806981723,0.27481016513767265,-0.16847646242208897,-0.14348164701029587,0.004461377993902636,Weltkarten-Tattoo,2.5321853460716053
-3.9646077806981723,0.27481016513767265,-0.16847646242208897,-0.14348164701029587,0.004461377993902636,was weltkarten-tattoo,2.5321853460716053
-3.723678095703413,0.0895577110624537,-0.32995886358337534,-0.15301064355953348,-0.011650806837525875,weltkarten-tattoo jan,2.8206216740835544
-3.6413238636961727,0.026320981732433912,-0.38082425672002274,-0.15611957307761193,-0.016736508106541856,bedeutete,2.919518561432906
-3.6413238636961727,0.026320981732433912,-0.38082425672002274,-0.15611957307761193,-0.016736508106541856,jan bedeut+ete,2.919518561432906
-3.2436732449559766,-0.27746756635720793,-0.6005457573511322,-0.17020852591266733,-0.03879293490544489,bedeut+ete der,3.3983098020113682
-2.63238122319685,-0.7378930607022656,-0.8732430301773041,-0.18966835793730435,-0.06636591357105703,der gewitter,4.136106504527292
-3.969142828181442,0.2799098589440676,-0.1628091678601089,-0.14037758746853557,0.0037149851188537503,was viele,2.5259087043364885
-3.999909828755752,0.30399869185738826,-0.139568346029511,-0.13779418322286802,0.005440341626010849,wissen,2.4889651213023316
-3.999909828755752,0.30399869185738826,-0.139568346029511,-0.13779418322286802,0.005440341626010849,viele wiss+en,2.4889651213023316
-4.0063297318779725,0.3092027523129022,-0.13388483539229518,-0.13625635218040066,0.00543573682211991,wiss+en jan,2.4811592753533573
-4.0040305710651145,0.3075349293120835,-0.1348930256801324,-0.1354971434050259,0.004951724208766703,liebte,2.483841484028839
-4.0040305710651145,0.3075349293120835,-0.1348930256801324,-0.1354971434050259,0.004951724208766703,jan lieb+te,2.483841484028839
-3.9596908444757486,0.2730251997048183,-0.16364484971522594,-0.13312265335713458,0.00020194723968643136,Reisen,2.536925679626249
-3.9596908444757486,0.2730251997048183,-0.16364484971522594,-0.13312265335713458,0.00020194723968643136,lieb+te reise+n,2.536925679626249
-3.970298516080892,0.28153319842830293,-0.15732708587868735,-0.13437341561304295,0.001587557557099696,daher,2.5240954779212426
-3.970298516080892,0.28153319842830293,-0.15732708587868735,-0.13437341561304295,0.001587557557099696,reise+n daher,2.5240954779212426
-3.9933095117039303,0.29924468437448315,-0.14309690273506429,-0.13647504615266753,0.004373971894211695,daher ganz,2.4966567816203544
-3.9916613020102036,0.29782112530715743,-0.14502523071285167,-0.13747642860876141,0.004600762997048799,besonderes,2.498712110233751
-3.9916613020102036,0.29782112530715743,-0.14502523071285167,-0.13747642860876141,0.004600762997048799,ganz besonder+es,2.498712110233751
-3.969774380647975,0.28058948292108576,-0.16194078661085087,-0.13983838849794067,0.0035709928073726083,Tattoo,2.525049623303638
-3.969774380647975,0.28058948292108576,-0.16194078661085087,-0.13983838849794067,0.0035709928073726083,besonder+es tattoo,2.525049623303638
-3.346596253428072,-0.19673814571871762,-0.5437434955267841,-0.1620184218900214,-0.035183092308523845,nachricht früh+en,3.2729381298337525
-3.548675475036601,-0.04432965201554451,-0.43524723359446715,-0.15899697134761176,-0.022427134871118956,Ableben,3.030705604807225
-3.548675475036601,-0.04432965201554451,-0.43524723359446715,-0.15899697134761176,-0.022427134871118956,früh+en ab+leb+en,3.030705604807225
-2.6307209757755836,-0.73909345951281,-0.8738608466077264,-0.18966889130543785,-0.06645105966057574,ab+leb+en gewitter,4.138090229585807
-3.5596592657551005,-0.03625042392015754,-0.4292516973401005,-0.15906912550561741,-0.021613615962798788,Kopf-Stars,3.0176730550154542
-3.5596592657551005,-0.03625042392015754,-0.4292516973401005,-0.15906912550561741,-0.021613615962798788,gewitter kopf+-+star+s,3.0176730550154542
-3.7864087124385586,0.1378162674516581,-0.28975024408926975,-0.15053085017797851,-0.0076628965996660345,kopf+-+star+s jan,2.7453561697432427
-3.9418018351120745,0.25731530713000583,-0.1845894009355351,-0.1443552869534006,0.0028295233966819447,zimmermann sorg+t,2.5593957281969573
-3.532543468350471,-0.056210096154728495,-0.4340334025149533,-0.14587952598935688,-0.028461472258717115,große,3.0497437813492385
-4.069377867246885,0.3553212257760472,-0.0916192138342139,-0.1390890964100247,0.012104341091344055,sorg+t groß+e,2.4073154846157996
-4.092467358746179,0.37302949371499916,-0.07410056739037008,-0.13811866196688027,0.013853390046918941,Bestürzung,2.3798629778935765
-4.092467358746179,0.37302949371499916,-0.07410056739037008,-0.13811866196688027,0.013853390046918941,groß+e bestürzung,2.3798629778935765
-4.167636868973493,0.43057668474928645,-0.015508206310239192,-0.13492723105219678,0.01970943829604336,youtub+er bekenn+t,2.2906714070015832
-4.204746127764055,0.45891124393569505,0.014328549157122505,-0.1333356058617607,0.022696298775142766,offenen,2.2467541401291773
-4.204746127764055,0.45891124393569505,0.014328549157122505,-0.1333356058617607,0.022696298775142766,bekenn+t offen+en,2.2467541401291773
-4.21870496567825,0.46955363597713085,0.025712900567989583,-0.13273449500576312,0.02383697894281373,offen+en einblick+e,2.2302560212492697
-4.257706150359137,0.49923598725982976,0.05799888123879221,-0.13104868522246427,0.027075366291434276,Tourette…,2.184227208414498
-4.257706150359137,0.49923598725982976,0.05799888123879221,-0.13104868522246427,0.027075366291434276,leben tourette…,2.184227208414498
-4.27085705292597,0.5092253791433676,0.06904695192986882,-0.13047830832488577,0.02818475505838023,+339,2.168730134510627
-4.27085705292597,0.5092253791433676,0.06904695192986882,-0.13047830832488577,0.02818475505838023,tourette… +339,2.168730134510627
-4.276421786265981,0.5134491609214102,0.07374678042245325,-0.13023668149908263,0.028656885372332443,+339 char+s,2.1621763631125024
-4.263159813252049,0.5001271659770039,0.05929004531065968,-0.13435055370064436,0.028796252232446147,Nachruf,2.1795049301609124
-4.240496483911879,0.48283956209662393,0.04033846254459761,-0.13539972288270863,0.0269249441278201,nachruf jan,2.206262029076864
-3.9144376911984895,0.23279603052399933,-0.2070192820446063,-0.14925710335709136,0.002299692223022183,zeigte,2.5939342422815534
-4.195160807244516,0.4482008291024202,0.0031713527485001114,-0.13745995062953248,0.02324815817225743,zimmermann zeig+te,2.2598759079669195
-4.174369969182304,0.4322937833947611,-0.01355046464316867,-0.138388380311798,0.021591056524440412,zeig+te million+en,2.2845003203082657
-4.056507754375467,0.3419322499705897,-0.1047099357088383,-0.14347450772742676,0.012527468457439163,million+en tourett+e,2.424482477032213
-3.966669381410297,0.27293078510466984,-0.17031109716375542,-0.14717101783324832,0.005975748992667888,leben,2.5315574419018376
-3.966669381410297,0.27293078510466984,-0.17031109716375542,-0.14717101783324832,0.005975748992667888,tourett+e leb+en,2.5315574419018376
-3.903299017816459,0.2242368990132695,-0.21471711224356937,-0.14969639947529623,0.0015279441184035403,leb+en auf,2.6072469514442473
-4.023546999166513,0.31662382128389144,-0.1291515396874348,-0.1448474989412173,0.010089178200741962,klär+te krankheit,2.4637333733125426
-3.277922956271232,-0.19001041236477456,-0.19941304900066664,0.3829277330262088,-0.021511650494336648,Botschaft,3.345704231051178
-4.127045498162531,0.39604418896401805,-0.05088091463897909,-0.14046549387512547,0.017885432010024023,der botschaft,2.3406311690231365
-4.167901059357469,0.42734197092375337,-0.018712797996525254,-0.1386752318538575,0.02107912495705592,Selbst,2.2921665422931876
-4.167901059357469,0.42734197092375337,-0.018712797996525254,-0.1386752318538575,0.02107912495705592,botschaft selbst,2.2921665422931876
-4.189493097828374,0.4438657129361976,-0.0014069448475512725,-0.13771404036864554,0.02279463239331183,darüber,2.266586438962074
-4.189493097828374,0.4438657129361976,-0.0014069448475512725,-0.13771404036864554,0.02279463239331183,selbst darüber,2.266586438962074
-4.232045082455455,0.47638770875233827,0.0333353412695544,-0.13578761782879217,0.026232841978836567,lachen,2.2162478413781166
-4.232045082455455,0.47638770875233827,0.0333353412695544,-0.13578761782879217,0.026232841978836567,darüber lach+en,2.2162478413781166
-4.33817260560893,0.5571789468165087,0.12386244874766816,-0.1307789173842797,0.03515373917265969,anfall ge+sterb+en,2.0911774843392115
-4.360943273429433,0.5744367466572529,0.14404525084524317,-0.12966255219801548,0.037134756648745944,Kindheit,2.0644431970348784
-4.360943273429433,0.5744367466572529,0.14404525084524317,-0.12966255219801548,0.037134756648745944,schon kindheit,2.0644431970348784
-4.367547979966457,0.5794363470846153,0.14995160870841762,-0.12933577579919792,0.03771392204892653,kindheit zeig+te,2.0566961803837547
-4.378309673690218,0.5875765084192295,0.15962637793577777,-0.12880039902840978,0.03866204979064116,zeig+te jan,2.0440805047656667
-4.390270359547987,0.5966142565650585,0.17045380978817065,-0.12820104416745248,0.03972230561784378,leichte,2.030070124040187
-4.390270359547987,0.5966142565650585,0.17045380978817065,-0.12820104416745248,0.03972230561784378,zimmermann leicht+e,2.030070124040187
-4.394658228113991,0.5999272720323194,0.17444583230174576,-0.12798000536959758,0.04011299301238647,Form,2.0249332304107734
-4.394658228113991,0.5999272720323194,0.17444583230174576,-0.12798000536959758,0.04011299301238647,leicht+e form,2.0249332304107734
-4.3993557338187905,0.6034725165765364,0.17873147114287796,-0.1277426694919988,0.04053228062050269,Tourette-Syndroms,2.019435608952253
-4.3993557338187905,0.6034725165765364,0.17873147114287796,-0.1277426694919988,0.04053228062050269,form tourette-syndrom+s,2.019435608952253
-2.403535670019799,-0.7968266259689964,-0.38401052620294474,0.6343700012971389,-0.05737347071251636,Bei,4.384587903934095
-4.412124802454887,0.61310105400734,0.19044364125778196,-0.1270938274131474,0.0416774278153643,bei neuropsychiatrisch+en,2.0045009921744943
-4.420896074537961,0.6197077083463627,0.1985424191613468,-0.12664494499795276,0.04246865804647378,Erkrankung,1.994250274993508
-4.420896074537961,0.6197077083463627,0.1985424191613468,-0.12664494499795276,0.04246865804647378,neuropsychiatrisch+en erkrankung,1.994250274993508
-2.1458435768348063,-1.0880808695917277,-0.009857279963270071,1.2851140456006844,-0.05336101362673551,zucken,4.774046550520941
-4.425147774223463,0.6229079315989063,0.2024839430735202,-0.1264264113257763,0.042853549901207134,erkrankung zuck+en,1.9892838650568647
-4.427742853569989,0.6248605021272738,0.2048947974226601,-0.12629271987192436,0.04308891103956899,Betroffene,1.9862533393400903
-4.427742853569989,0.6248605021272738,0.2048947974226601,-0.12629271987192436,0.04308891103956899,zuck+en betreff+en+e,1.9862533393400903
-4.431659479760178,0.6278063640671001,0.20854071847324268,-0.12609050298682328,0.04344475945035394,betreff+en+e plötzlich,1.9816806529406739
-4.4350603348824205,0.6303632482788661,0.21171369707410975,-0.12591448084754125,0.04375436244111167,plötzlich zusammen,1.9777112510308736
-3.832093564903854,0.1753901694970823,-0.254628611896533,-0.1424431034839535,-0.006988322682894926,ziehen,2.689286737055545
-4.438320007513998,0.6328130634319089,0.21476123728834345,-0.12574538443707828,0.04405165072123846,zusammen zieh+en,1.9739076177424422
-4.440522922788999,0.6344681527321578,0.21682428390096115,-0.1256308949780589,0.04425285953912952,Grimassen,1.9713376379185652
-4.440522922788999,0.6344681527321578,0.21682428390096115,-0.1256308949780589,0.04425285953912952,zieh+en grimasse+n,1.9713376379185652
-4.445040066569742,0.6378606421617056,0.22106345865779442,-0.12539559138206952,0.04466619955687235,hu…,1.966069212195237
-4.445040066569742,0.6378606421617056,0.22106345865779442,-0.12539559138206952,0.04466619955687235,grimasse+n hu…,1.966069212195237
-4.446487728952992,0.6389474938018581,0.22242455666353705,-0.1253200266423668,0.044798882734130914,+4888,1.9643811768801425
-4.446487728952992,0.6389474938018581,0.22242455666353705,-0.1253200266423668,0.044798882734130914,hu… +4888,1.9643811768801425
-4.448188717798592,0.6402242960373514,0.22402539960924206,-0.12523114273975272,0.04495491784595563,+4888 char+s,1.9623980013172395
5.656918855287311,-6.140138362232995,-0.7364371452428959,1.642974500259416,-0.13952127247028318,Mars,13.970389811991856
-3.4669032921738614,-0.10558900572698482,-0.47987518141977725,-0.1596249765323396,-0.027944908132818965,auch mars,3.1284037645631337
-1.0785691215895774,-1.700319699489964,-0.5702473147507046,0.8998559836943452,-0.08877182245438825,blitzt,5.961210547886732
-3.4194708091627515,-0.14180475691094752,-0.5060127120790653,-0.16126435273041972,-0.030586738568350282,mars blitz+t,3.1855068294496176
-2.159527231687776,-1.0860954059142802,-1.041778566897822,-0.1994822526312915,-0.08532429234842853,Nicht,4.705752758754119
-3.8713881029381794,0.20349754732186742,-0.2328746510487221,-0.14669771987831193,-0.0022067591001107834,blitz+t nicht,2.643399440179755
-1.1133054306575367,-1.845985520701916,-1.3337851167341834,-0.22236084928375133,-0.11761504557557906,Erde,5.967370083774038
-2.3676483204888714,-0.9323087118178206,-0.9695822829403216,-0.19319281018706397,-0.07810997476462062,nicht erde,4.454441583983336
-1.1744766685389836,-1.802629035861297,-1.3235076013467761,-0.22678453063514237,-0.11384810685578567,erde geb+t,5.894025899223405
0.9351929573953601,-3.2913288154423537,-1.7166591775217537,-0.28116021380358847,-0.15316239269607818,geb+t gewitter,8.431825019250196
-2.0896155949199837,-1.1368709501378955,-1.0625215303265545,-0.1984125974319515,-0.08881403455940018,Atmosphäre,4.789765627464185
-2.0896155949199837,-1.1368709501378955,-1.0625215303265545,-0.1984125974319515,-0.08881403455940018,gewitter atmosphäre,4.789765627464185
-2.4129378576091587,-0.8984612374031276,-0.9483928722945472,-0.18555335285713587,-0.07879997271801009,großen,4.399552090261555
-2.4129378576091587,-0.8984612374031276,-0.9483928722945472,-0.18555335285713587,-0.07879997271801009,atmosphäre groß+en,4.399552090261555
-2.4703393715912196,-0.8566735562633503,-0.9253264917850009,-0.18136611419379195,-0.07757760117634777,Planeten,4.330655255023565
-2.4703393715912196,-0.8566735562633503,-0.9253264917850009,-0.18136611419379195,-0.07757760117634777,groß+en planet+en,4.330655255023565
-1.614168540088726,-1.4897774905195256,-1.1958483830282125,-0.19881835193338376,-0.10812532734334251,Jupiter,5.366333906608579
-2.4380872583741735,-0.8840116211661972,-0.9329788107376592,-0.17684838315077606,-0.08080751545607279,planet+en jupiter,4.3713522714667095
-1.398438362407834,-1.6502342764022226,-1.2506885330752402,-0.20054541083366695,-0.1155387640785564,Saturn,5.628703103656937
-1.398438362407834,-1.6502342764022226,-1.2506885330752402,-0.20054541083366695,-0.1155387640785564,jupiter saturn,5.628703103656937
-3.397527267383154,-0.1598499885009712,-0.519738139860672,-0.16432008991381114,-0.030935650094690428,saturn geb+t,3.212638416190584
-3.00350692185849,-0.45897353321056045,-0.7037422303194059,-0.16238836906872395,-0.05627783448995127,elektrische,3.687708039923114
-4.024290904829394,0.3230889105249173,-0.12012856546150374,-0.13475149880974757,0.006466296223674749,geb+t elektrisch+e,2.4597016732101515
-2.746804412430511,-0.6507352405402744,-0.8166754475899386,-0.17254225305109533,-0.0667721727630316,Entladungen,3.996969453486426
-3.142613897442155,-0.3523046050221883,-0.6406661541498035,-0.1608406846965108,-0.048570568139450626,elektrisch+e entladung+en,3.519104748042619
-4.149274731887378,0.4182716112885827,-0.027283304585079743,-0.13245222567475673,0.0170672674743347,jetzt werd+en,2.3115060643256395
-4.185366904986172,0.4456235414480705,0.0009370832876969271,-0.13152309174772597,0.020166575169353114,NASA-Rover,2.2688800290199023
-4.185366904986172,0.4456235414480705,0.0009370832876969271,-0.13152309174772597,0.020166575169353114,werd+en nasa-rover,2.2688800290199023
-4.208913329374581,0.4634409316999024,0.019696967117087905,-0.13086386507991132,0.022203742650489362,Perseverance,2.24111036179062
-4.208913329374581,0.4634409316999024,0.019696967117087905,-0.13086386507991132,0.022203742650489362,nasa-rover perseverance,2.24111036179062
-3.186144003321343,-0.31829201252303707,-0.6234795657048751,-0.16472920043762973,-0.04444174037515486,erstmals,3.466114259620464
-4.220592862951516,0.47216847909879833,0.028931862760274762,-0.13072684987101713,0.02329376062996292,perseverance erstmals,2.2274023064294948
-4.204975995142314,0.4603524141606148,0.016344669130341716,-0.13120890042003058,0.021946815620784425,erstmals entladung+en,2.2458108055649015
-4.162869317598973,0.4284477990161757,-0.016997546683921283,-0.13243757874683987,0.018350040079778716,entladung+en mars,2.295512993181052
-4.15022279940155,0.41885307712500586,-0.02684395570843312,-0.13278483811388214,0.017278782592263835,gemessen,2.310459686881486
-4.15022279940155,0.41885307712500586,-0.02684395570843312,-0.13278483811388214,0.017278782592263835,mars ge+mess+en,2.310459686881486
-4.08607275431253,0.3700973229007751,-0.07561836965123228,-0.13437092804243805,0.011897054715570475,Reibung,2.386407793346467
-4.08607275431253,0.3700973229007751,-0.07561836965123228,-0.13437092804243805,0.011897054715570475,ge+mess+en reibung,2.386407793346467
-4.035433132698607,0.3314968698765377,-0.1127632518287679,-0.13538875370636766,0.007695065758454432,aufgewirbe…,2.446516430611899
-4.035433132698607,0.3314968698765377,-0.1127632518287679,-0.13538875370636766,0.007695065758454432,reibung aufgewirbe…,2.446516430611899
-3.951459901269542,0.26717198096221484,-0.17180637852118982,-0.13655498719617293,0.0007772376980225565,aufgewirbe… auf,2.5465332051433434
-3.8473679762753163,0.1865552624678839,-0.24084708547969927,-0.13710417110399303,-0.007737938720066659,auf erde,2.6712586043247497
-3.7899931224454217,0.14233142349733763,-0.27845194978142074,-0.13890498486696623,-0.011693423775233948,vermutlich,2.7400405524640927
-3.7899931224454217,0.14233142349733763,-0.27845194978142074,-0.13890498486696623,-0.011693423775233948,erde vermutlich,2.7400405524640927
-3.698161960007796,0.07255496082890933,-0.33965275088753455,-0.14604936054678508,-0.016185082015425872,vermutlich jupiter,2.8498217192746886
-3.365317258924852,-0.18231506568526656,-0.5333215427197833,-0.16073626632549592,-0.03442032173168452,saturn entsteh+en,3.2502946116347893
-2.5570254784316058,-0.7925922500370359,-0.900896200353907,-0.18969791776319922,-0.07018357577821083,entsteh+en gewitter,4.226290944768668
-3.5861763164837206,-0.01448813548187955,-0.4117960176779555,-0.15571529344358964,-0.020937988001518498,Zusammenstöße,2.9850068200297257
-3.5861763164837206,-0.01448813548187955,-0.4117960176779555,-0.15571529344358964,-0.020937988001518498,gewitter zusammenstoß+e,2.9850068200297257
-3.788821715387166,0.1420431065950114,-0.2837222816152114,-0.1449057643371109,-0.009547359408228928,Wassertröpfchen,2.741177615637194
-3.788821715387166,0.1420431065950114,-0.2837222816152114,-0.1449057643371109,-0.009547359408228928,zusammenstoß+e wasser+tröpfchen,2.741177615637194
-3.8094023482003143,0.15717388484214423,-0.2656108890183306,-0.1379678060977042,-0.010492025707234884,Eiskristallen,2.7168210514661997
-3.8094023482003143,0.15717388484214423,-0.2656108890183306,-0.1379678060977042,-0.010492025707234884,wasser+tröpfchen eis+kristall+en,2.7168210514661997
-4.055349202493332,0.34665751982432247,-0.09841117933515658,-0.1351601743814171,0.009397520633732774,Trennung,2.4228782708840475
-4.055349202493332,0.34665751982432247,-0.09841117933515658,-0.1351601743814171,0.009397520633732774,eis+kristall+en trennung,2.4228782708840475
-4.053013024924256,0.345119421378161,-0.09899539519234726,-0.1337850676848112,0.008677972896780968,elektrisch,2.4255135932407197
-4.053013024924256,0.345119421378161,-0.09899539519234726,-0.1337850676848112,0.008677972896780968,trennung elektrisch,2.4255135932407197
-4.019516101543241,0.3192674401795734,-0.12131121626379793,-0.13188774066814152,0.0049743129164670635,positiver,2.465443819067995
-4.019516101543241,0.3192674401795734,-0.12131121626379793,-0.13188774066814152,0.0049743129164670635,elektrisch positiv+er,2.465443819067995
-3.9726590070595797,0.2818186659236719,-0.15227326225583793,-0.12965046512965844,1.700772544670215e-05,negativer,2.5220322234774
-3.9726590070595797,0.2818186659236719,-0.15227326225583793,-0.12965046512965844,1.700772544670215e-05,positiv+er negativ+er,2.5220322234774
-4.0846614952240525,0.36941992631627674,-0.07342901988833439,-0.13024994244706434,0.010238866700590953,Ladungen…,2.3878392543753892
-4.0846614952240525,0.36941992631627674,-0.07342901988833439,-0.13024994244706434,0.010238866700590953,negativ+er ladungen…,2.3878392543753892
-4.1412755496243525,0.41278895503261825,-0.03142137054208077,-0.13011290025001576,0.015449815634142695,+2791,2.320638015521148
-4.1412755496243525,0.41278895503261825,-0.03142137054208077,-0.13011290025001576,0.015449815634142695,ladungen… +2791,2.320638015521148
-4.162687899347641,0.4290664188047175,-0.015109888066346472,-0.12994927337230466,0.01741760154363526,+2791 chars,2.2953149233361465
-3.9749254850241247,0.2830762268712337,-0.16068314282838114,-0.14256658636801794,0.005017054041201119,blitz+t erde,2.519693287572792
-3.8713881029381794,0.20349754732186742,-0.2328746510487221,-0.14669771987831193,-0.0022067591001107834,erde nicht,2.643399440179755
-1.6471012191472116,-1.3156027742507828,-0.5934946056616486,0.6661549109350655,-0.07925532557728704,konnten,5.280228704043729
-3.3121020111195807,-0.22440822161668117,-0.554483994478957,-0.1535466231935803,-0.04060181800485288,saturn könn+en,3.315157378965178
-3.4311448022338884,-0.13246677539828222,-0.4930597848307455,-0.1523056618366544,-0.03312743098272111,Wissenschafterinnen,3.1711496283187763
-3.4311448022338884,-0.13246677539828222,-0.4930597848307455,-0.1523056618366544,-0.03312743098272111,könn+en wissenschaft+e+rinne+n,3.1711496283187763
-3.4311448022338884,-0.13246677539828222,-0.4930597848307455,-0.1523056618366544,-0.03312743098272111,Wissenschafter,3.1711496283187763
-3.4311448022338884,-0.13246677539828222,-0.4930597848307455,-0.1523056618366544,-0.03312743098272111,wissenschaft+e+rinne+n wissenschaft+er,3.1711496283187763
-3.574395961978725,-0.02337453494252406,-0.41099262660992936,-0.1460653603989734,-0.025385941577580545,wissenschaft+er elektrisch+e,2.999008914803442
-3.665578685413103,0.04755897106719886,-0.3598248137427966,-0.14733883830084643,-0.018175355475234828,nachweisen.,2.8889380051319846
-3.665578685413103,0.04755897106719886,-0.3598248137427966,-0.14733883830084643,-0.018175355475234828,entladung+en nachweisen.,2.8889380051319846
-3.652972702149337,0.0378570875191373,-0.3685767468483092,-0.1491798114765397,-0.018436386234398652,nachweisen. /li,2.9041066212616324
-4.133847972125572,0.40611652795371,-0.04009013533149422,-0.1339555996780029,0.016167367872526546,/li jetzt,2.3299895984647003
-4.111757980725621,0.3888564134942383,-0.05783150248027244,-0.13559316260599352,0.014709442694292411,Forschungsteam,2.3563921517025084
-4.111757980725621,0.3888564134942383,-0.05783150248027244,-0.13559316260599352,0.014709442694292411,jetzt forschung+s+team,2.3563921517025084
-4.076124841599784,0.3611945101834746,-0.08559153971568692,-0.13771697811358352,0.012216629817757126,forschung+s+team erstmals,2.3989202685873687
-4.100062080059896,0.37908763627855335,-0.06799008988921018,-0.13745122205547505,0.014307592166904158,erstmals mars,2.3707132571269787
-3.9873477546383307,0.29261856374423334,-0.1517559191617424,-0.14206451242498197,0.0059108850889994236,elekt…,2.5048756941832977
-3.9873477546383307,0.29261856374423334,-0.1517559191617424,-0.14206451242498197,0.0059108850889994236,mars elekt…,2.5048756941832977
-3.8713881029381794,0.20349754732186742,-0.2328746510487221,-0.14669771987831193,-0.0022067591001107834,elekt… nicht,2.643399440179755
-4.224481957939157,0.4756601479159164,0.03310531609422657,-0.12939467311885117,0.023188800221746027,+3450,2.222525784990922
-4.224481957939157,0.4756601479159164,0.03310531609422657,-0.12939467311885117,0.023188800221746027,/li +3450,2.222525784990922
-4.234671114984983,0.48333637466346224,0.0413202019685997,-0.1291742543506626,0.024111164948879972,+3450 char+s,2.210539797256506
-0.06005143725551587,-2.3823678873751257,-0.7795570797218994,0.8874541857226667,-0.10419331441168406,Gewitter-Gefahr,7.165968854320426
-0.8843822048770198,-1.8877458082366259,-0.3080162138857762,1.3271265226603064,-0.08359037738291303,Missionen,6.2374772057442085
-3.147738278148095,-0.3219920167562993,0.06036603716957628,0.8473828425939302,-0.020507178110285573,gewitter+-+gefahr mission+en,3.537401168817455
-1.5343032182090743,-1.6199418673796733,0.04061269245173876,1.5891061915076947,-0.07044590300229187,mission+en blitz,5.569170492083768
-2.490075775689426,-0.7825858253468319,-0.08618027759246094,1.0165563502883543,-0.04488050608691663,donner mars,4.321068242427453
-0.8752528789913079,-1.8696304484625874,-0.37737445801166497,1.234639149672393,-0.08391682221190216,nachgewiesen,6.232002132227406
-2.5441393603849636,-0.7378059813288256,-0.09679492055956426,0.9739934325110808,-0.043149102563597275,mars nach+ge+weis+en,4.251769222330747
-3.76765513741432,0.1284544592885708,0.21841718339151545,0.6036623366787787,0.007577694374996634,nach+ge+weis+en wer,2.79320670131661
-3.1655266656576844,-0.32174134959603795,0.09968755635134535,0.8923660867837416,-0.01998776770966329,dachte,3.524427590799986
-3.1655266656576844,-0.32174134959603795,0.09968755635134535,0.8923660867837416,-0.01998776770966329,wer denk+e,3.524427590799986
-2.937062087434382,-0.4924802702765323,0.06608559254790919,0.9878395978124648,-0.029179315565542315,denk+e mars,3.8029617476357567
-3.3080457583824914,-0.21039318637040738,0.10961830893734464,0.8091144667122551,-0.014049398261247459,mars sei,3.34769074208523
-3.341149062764871,-0.18420231828059586,0.11078641825864272,0.7871698469144671,-0.012653131973360932,totenstill,3.3064240252278143
-3.341149062764871,-0.18420231828059586,0.11078641825864272,0.7871698469144671,-0.012653131973360932,sei totenstill,3.3064240252278143
-3.3802665591746646,-0.14698488325374304,0.09274706438348501,0.7322369763239089,-0.011838163653930783,getäuscht,3.2532790496604997
-3.3802665591746646,-0.14698488325374304,0.09274706438348501,0.7322369763239089,-0.011838163653930783,totenstill ge+täusch+t,3.2532790496604997
-3.3714416328712176,-0.1479089507328033,0.0718441417815392,0.7080866509718203,-0.013053690002512525,ge+täusch+t forscher,3.2599420254594764
-3.3359224954674254,-0.16787598919705626,0.04121465819700437,0.689201999150985,-0.015461077362353665,forscher find+en,3.298333240715443
-3.300709032270904,-0.18902459936250926,0.014490379991412727,0.675471249106895,-0.017757343555281357,find+en heraus,3.3373069040719794
-3.0116219851595614,-0.3819389181655848,-0.14988573679405787,0.6301583160210731,-0.03521041063734853,heraus blitz+t,3.6705515932690074
-2.8713696300936187,-0.48045375618299113,-0.20058437133239734,0.6426056766508108,-0.04188794379468769,donnert,3.836609094240318
-2.8713696300936187,-0.48045375618299113,-0.20058437133239734,0.6426056766508108,-0.04188794379468769,blitz+t donner+t,3.836609094240318
-3.0016280372813524,-0.3880469509944171,-0.13384866770836165,0.6601595115915532,-0.032491949189424996,bemannten,3.6832874720157895
-3.0016280372813524,-0.3880469509944171,-0.13384866770836165,0.6601595115915532,-0.032491949189424996,bei bemannt+en,3.6832874720157895
-2.98294643199184,-0.401674175382571,-0.13187897588184982,0.6749397585806421,-0.031847566964264995,bemannt+en mission+en,3.7063010959639078
-2.8831340559714147,-0.4713491532849492,-0.1585869711646655,0.6974774455463495,-0.03455902219902629,mission+en mars,3.8249789671516687
-2.674560167306493,-0.6129173498662523,-0.23558012923934105,0.7057955993163381,-0.04449278598206474,müsste,4.069338250517449
-2.827115882115212,-0.5100481546337603,-0.17564887455844608,0.7060359269028269,-0.03637920305408876,mars müss+te,3.891242828951505
-2.5624089580821523,-0.6913994374168193,-0.2592950119443848,0.7328251066311126,-0.0452427546855772,potenzielle,4.2034971476789735
-2.5624089580821523,-0.6913994374168193,-0.2592950119443848,0.7328251066311126,-0.0452427546855772,müss+te potenziell+e,4.2034971476789735
-2.124600799810461,-0.9892831738267871,-0.39443220048588046,0.752833363630404,-0.059189570682779746,potenziell+e gefahr,4.719481115847859
-0.2573695226852637,-2.25854147243022,-0.8459890615289233,0.7427440340127762,-0.10406714957907764,gefahr gewitter,6.931163217566493
-1.9776793237265347,-1.0963412028243744,-0.3459260847743411,0.8862951826060883,-0.061279034123382536,bedenken,4.901520292777054
-1.9776793237265347,-1.0963412028243744,-0.3459260847743411,0.8862951826060883,-0.061279034123382536,gewitter bedenk+en,4.901520292777054
-1.971827873751855,-1.1712568919578494,-0.10629555618956005,1.225394560592291,-0.05800371710493696,MissionenBlitz,4.958562342218972
-3.1054007620314197,-0.3575734372984163,0.06579589819459858,0.8828832305155361,-0.022039301427934532,gewitter+-+gefahr mission+en+blitz,3.591693436431889
-1.8550822548286625,-1.2458287487265682,-0.14884570654906387,1.212107485016478,-0.06636920264617713,mission+en+blitz donner,5.092772082758738
-2.1091883095389297,-1.0061940603488058,-0.32185018919714536,0.8631122159312082,-0.05808443770496169,Vermutet,4.745136081052988
-3.317542464768051,-0.16795248880978186,-0.045420520708290335,0.5772206294595141,-0.016237934332603482,nach+ge+weis+en vermut+et,3.3093041883639094
-1.6006121114967087,-1.3451501537494202,-0.512423269893735,0.8009407514469346,-0.07350176408000647,vermut+et werd+en,5.339681554235644
-0.15054414042336806,-2.3250340138637546,-0.8121960893703839,0.8184125308648539,-0.10425492569520528,werd+en gewitter,7.057865485707267
-2.3153453478322295,-0.8830024123486302,-0.18700927357424807,0.9594130904026152,-0.05072396007771446,gewitter mars,4.514819131463107
-1.7583717232135037,-1.2372451813308545,-0.531285716356579,0.7119294116276274,-0.07402182402967777,schon,5.1491601187071065
-2.498552168999862,-0.7346238183860478,-0.2845887830574556,0.7298834273228618,-0.04735780326672573,mars schon,4.278320695678266
-2.662959326095899,-0.6227787253900496,-0.23080533694106806,0.7197527642313911,-0.04156428036226617,länger,4.08487963953522
-2.662959326095899,-0.6227787253900496,-0.23080533694106806,0.7197527642313911,-0.04156428036226617,schon lang+er,4.08487963953522
-2.8938759297444068,-0.4653459519542027,-0.15299386168698428,0.699407557400542,-0.03291043424650586,lang+er könn+en,3.813304247718461
-2.756369600568561,-0.573365547781187,-0.1140694348802598,0.8349931695660987,-0.03670708358693825,könn+en nach+ge+weis+en,3.986996357157471
-3.4252153636806906,-0.09924059009613662,0.03329932184821366,0.6124708391601803,-0.010263430157236492,esoc/ES…,3.1877389695431426
-3.4252153636806906,-0.09924059009613662,0.03329932184821366,0.6124708391601803,-0.010263430157236492,foto esoc/es…,3.1877389695431426
-3.4706037449477942,-0.06754991718658232,0.04951538610364442,0.6015592615121208,-0.008119254683688404,+3941,3.134173765134924
-3.4706037449477942,-0.06754991718658232,0.04951538610364442,0.6015592615121208,-0.008119254683688404,esoc/es… +3941,3.134173765134924
-3.4954213798813383,-0.0501851322602882,0.05839456439500784,0.5953091981642342,-0.0069308642706251145,+3941 chars,3.104872273767685
-2.830052107236317,-0.5589386295311676,0.020113066262390566,0.9850629249797677,-0.032192147942458504,Risiko,3.9249836723197005
-2.7664378685951774,-0.6336094024168668,0.07093439270177232,1.093429082076188,-0.03417379363520184,bemannte,4.020034883111989
-2.7664378685951774,-0.6336094024168668,0.07093439270177232,1.093429082076188,-0.03417379363520184,risiko bemannt+e,4.020034883111989
-3.7530399341109355,0.038145035606641065,0.39524186965180197,0.8812888309047605,0.007668790405026049,bemannt+e mission+en,2.8618713332915684
-2.5963055614552624,-0.7476245189337662,0.023812778665204926,1.117423098275882,-0.04220291811695365,donner geb+t,4.219445682207816
-2.753354477052359,-0.592332977142751,-0.05222336956170301,0.9250806845636462,-0.03600651714313319,geb+t mars,4.002742801076563
-3.954509915221494,0.24560041326521098,0.3428359223291104,0.6142885849706627,0.01856652915871384,mars wer,2.583249115311742
-3.377517747853184,-0.19164221882914578,0.20397176639218034,0.8969868250229144,-0.0102596933293653,bemannt+e mission+en+blitz,3.2849256431276475
-3.317542464768051,-0.16795248880978186,-0.045420520708290335,0.5772206294595141,-0.016237934332603482,mars vermut+et,3.3093041883639094
-3.0823686440504203,-0.3979086823588913,-0.6768146694204105,-0.1724718261355439,-0.047877420435807255,Afd-Gewitter,3.591871225389281
-3.3061752850720025,-0.22709958939860275,-0.5625903460782962,-0.1604052952917313,-0.03842992340818996,Vom,3.3214016709182568
-3.3061752850720025,-0.22709958939860275,-0.5625903460782962,-0.1604052952917313,-0.03842992340818996,afd-gewitter von,3.3214016709182568
-3.3363074357782545,-0.20491815144892844,-0.5436306640412414,-0.1551247112154509,-0.038428990263744356,Kundenliebling,3.285451394737028
-3.3363074357782545,-0.20491815144892844,-0.5436306640412414,-0.1551247112154509,-0.038428990263744356,von kunde+n+liebling,3.285451394737028
-3.7973306465010834,0.14850728777328848,-0.27849485312644795,-0.14499152757343442,-0.008838060930789399,Bösewicht,2.731023464308288
-3.7973306465010834,0.14850728777328848,-0.27849485312644795,-0.14499152757343442,-0.008838060930789399,kunde+n+liebling bösewicht,2.731023464308288
-3.9006460269581797,0.22763383959545846,-0.2100320393893818,-0.14207584127336104,-0.0014793497361383912,dm-Chef,2.6075218875801855
-3.9006460269581797,0.22763383959545846,-0.2100320393893818,-0.14207584127336104,-0.0014793497361383912,bösewicht dm+-+chef,2.6075218875801855
-3.9398016937444176,0.2578631781012324,-0.1823835729277758,-0.14003511625463427,0.0010718356467777912,Christoph,2.5606618577105436
-3.9398016937444176,0.2578631781012324,-0.1823835729277758,-0.14003511625463427,0.0010718356467777912,dm+-+chef christoph,2.5606618577105436
-3.9490122650452295,0.26526921338591847,-0.17427690590967293,-0.1376138079829617,0.0009613341839083411,Werner,2.5494752106498844
-3.9490122650452295,0.26526921338591847,-0.17427690590967293,-0.1376138079829617,0.0009613341839083411,christoph werner,2.5494752106498844
-3.9295072369051525,0.25016322974700067,-0.18607457812562617,-0.1358720031308039,-0.0013521978350489877,schlägt,2.5728074446476787
-3.9295072369051525,0.25016322974700067,-0.18607457812562617,-0.1358720031308039,-0.0013521978350489877,werner schlag+t,2.5728074446476787
-1.2908634483410495,-1.533627942783197,0.06010522435577709,-0.4007773401888173,1.3993974156687694,rund,5.77948893427684
-3.816353839965862,0.159915928180274,-0.2576363011071121,-0.13294327077958362,-0.011825445951235913,schlag+t rund,2.7098081459380308
-4.000010525867101,0.30438794239956835,-0.13605916462737877,-0.13336022700612643,0.003801968106595159,rund debatte,2.488644393881257
-4.075039158733195,0.36201850669910507,-0.08245406904979058,-0.13289825908810676,0.01034503911649045,Umgang,2.399310658861923
-4.075039158733195,0.36201850669910507,-0.08245406904979058,-0.13289825908810676,0.01034503911649045,debatte umgang,2.399310658861923
-4.121785203705458,0.3976271392200974,-0.04769398148710874,-0.13227722754230387,0.014423530563274063,umgang wirtschaft,2.343898599930321
-4.176685212022237,0.4392577262849817,-0.005467469188942198,-0.1312217945158708,0.019222977964360934,wirtschaft afd,2.2790142139018705
-4.1829708519965285,0.444054531614823,-0.0004447491644853363,-0.1309715593073852,0.019734274649505786,heftige,2.2715755931324173
-4.1829708519965285,0.444054531614823,-0.0004447491644853363,-0.1309715593073852,0.019734274649505786,afd heftig+e,2.2715755931324173
-3.758136479518665,0.10359013636140091,-0.28816411249911467,-0.1243030172393768,-0.01975042696821798,Kritik,2.7855384824635276
-4.045629309447749,0.33860932447359193,-0.10017694910164457,-0.12830449219104462,0.00596265269534501,heftig+e kritik,2.4346886894991484
-4.182101749431778,0.44376736206497025,-0.00014436827793540274,-0.1297855316628287,0.019214775320321127,entgegen,2.272399218986161
-4.182101749431778,0.44376736206497025,-0.00014436827793540274,-0.1297855316628287,0.019214775320321127,kritik entgegen,2.272399218986161
-4.148743230913043,0.4185600758301178,-0.024061495893269752,-0.12786708504137162,0.015320127100180832,Boykottaufrufe,2.3117367619055593
-4.148743230913043,0.4185600758301178,-0.024061495893269752,-0.12786708504137162,0.015320127100180832,beklag+t boykott+aufruf+e,2.3117367619055593
-3.4955933162934665,-0.035463244702143015,-0.09532075213127095,0.3702614204056104,-0.01638815561220358,spricht,3.088082880365592
-4.0536390581764605,0.3433955023317947,-0.09224962337806022,-0.12519096085610926,0.00550758273007932,boykott+aufruf+e sprech+t,2.4258361781174433
-4.1979425632272624,0.4562114182578636,0.014664887624155354,-0.1265224647251299,0.019537285997938643,regelrechten,2.2534525529421527
-4.1979425632272624,0.4562114182578636,0.014664887624155354,-0.1265224647251299,0.019537285997938643,sprech+t regelrecht+en,2.2534525529421527
-4.2371781734418645,0.48599163634652864,0.04544447426806081,-0.12655818476011516,0.02339792794601047,Diabolisierung,2.2071739005563344
-4.2371781734418645,0.48599163634652864,0.04544447426806081,-0.12655818476011516,0.02339792794601047,regelrecht+en diabolisierung,2.2071739005563344
-4.274768583179581,0.5142516375869177,0.07575138401779025,-0.1263487855327195,0.027078102002979297,Drogeriemarktkette,2.1630298573470546
-4.274768583179581,0.5142516375869177,0.07575138401779025,-0.1263487855327195,0.027078102002979297,der drogeriemarktkett+e,2.1630298573470546
-4.307019028794695,0.5383524621513669,0.10244117913232315,-0.12594820832561832,0.030212297392776484,everybodys,2.1252745556526538
-4.307019028794695,0.5383524621513669,0.10244117913232315,-0.12594820832561832,0.030212297392776484,drogeriemarktkett+e everybodys,2.1252745556526538
-4.317715808538999,0.5463259872937674,0.11143879310770266,-0.1257694663502129,0.031247257927042867,darling,2.112771373884115
-4.317715808538999,0.5463259872937674,0.11143879310770266,-0.1257694663502129,0.031247257927042867,everybodys darling,2.112771373884115
-4.328881669796533,0.554640934885043,0.12090892777376444,-0.12555933037329464,0.03232563032986475,belegt,2.0997290302781937
-4.328881669796533,0.554640934885043,0.12090892777376444,-0.12555933037329464,0.03232563032986475,sie beleg+t,2.0997290302781937
-4.336606296723948,0.5603889367120893,0.12750712189736418,-0.12540034013424256,0.03307069791574773,Verbraucherumfragen,2.0907114318982103
-4.336606296723948,0.5603889367120893,0.12750712189736418,-0.12540034013424256,0.03307069791574773,beleg+t verbraucher+umfrage+n,2.0907114318982103
-4.350297449588282,0.5705689170471424,0.1392955739090852,-0.12509241770465446,0.03438989407690444,verbraucher+umfrage+n jahr,2.0747386446382716
-4.350297449588282,0.5705689170471424,0.1392955739090852,-0.12509241770465446,0.03438989407690444,jahr jahr,2.0747386446382716
-4.358766172535361,0.5768611562970776,0.14664731361106192,-0.12488602877647483,0.035205372059382865,erste,2.0648648891286037
-4.358766172535361,0.5768611562970776,0.14664731361106192,-0.12488602877647483,0.035205372059382865,jahr erst+e,2.0648648891286037
-4.362162404485474,0.5793835933743454,0.14960844427929781,-0.12479999534714513,0.03553236191760736,Plätze,2.0609065304023186
-4.362162404485474,0.5793835933743454,0.14960844427929781,-0.12479999534714513,0.03553236191760736,erst+e platz+e,2.0609065304023186
-2.3841433018697473,-0.8642798314210092,-0.10675038340596199,1.0379649575386358,-0.054205978545066424,Unternehmen,4.450848274722732
-4.369102338663104,0.5845363204746432,0.15568210816499894,-0.12461858725645426,0.036200553179951044,der unternehmen,2.0528203128800273
-4.375056821202712,0.5889555843066079,0.16091771869612342,-0.12445713041770094,0.03677396049323207,zählt,2.0458848708919826
-4.375056821202712,0.5889555843066079,0.16091771869612342,-0.12445713041770094,0.03677396049323207,unternehmen zähl+t,2.0458848708919826
-4.381080652965206,0.5934246225142696,0.16623718142194094,-0.12428854277214839,0.03735422785771309,attraktivsten,2.0388710737014657
-4.381080652965206,0.5934246225142696,0.16623718142194094,-0.12428854277214839,0.03735422785771309,zähl+t attraktiv+st+en,2.0388710737014657
-4.3871317801324565,0.5979121668741054,0.17160386785675946,-0.12411407241305193,0.03793739458583976,Arbeitgebern,2.0318279701367175
-4.3871317801324565,0.5979121668741054,0.17160386785675946,-0.12411407241305193,0.03793739458583976,attraktiv+st+en arbeit+geber+n,2.0318279701367175
-4.392393130607693,0.6018125563291421,0.17628890800898717,-0.12395835582914035,0.03844473398017704,arbeit+geber+n deutschland+s,2.0257061544331565
-4.397717494914687,0.6057582467856935,0.18104783220349235,-0.12379710462357084,0.038958479170497336,Nachhaltigkeit,2.0195129792075996
-4.404443154544798,0.6107402872937839,0.1870847504261111,-0.12358833377746252,0.03960799395097,+6253,2.011692714467666
-4.404443154544798,0.6107402872937839,0.1870847504261111,-0.12358833377746252,0.03960799395097,nachhaltigkeit +6253,2.011692714467666
-4.406458884931522,0.6122329726019382,0.18889960032633707,-0.12352469267334519,0.03980279472063578,+6253 char+s,2.0093495543566475
-0.9744127452233631,-2.5128469577973176,2.1077621898419974,0.08289675907968526,-2.205071329571012,Selenskyj,6.684857155627664
-3.0092912583512534,-0.8772199075697191,1.8844409060852425,-0.11483900636432802,-1.740162293119753,verliert,4.093488346262655
-3.493808053772816,-0.42138642873997467,1.7729698856457263,-0.19478723610066317,-1.544058147676183,selenskyj verlier+t,3.4383275575855663
-2.2200654535784077,-1.561798212347004,2.005987343584695,-0.016113763411356855,-1.9692288066718784,verlier+t blitz+ab+leiter,5.126886776856394
-2.7278540602989234,-1.1008722188860207,1.9088546778808366,-0.08286598822972847,-1.819234134977205,Andrij,4.449718977759891
-3.4684631332615847,-0.44614368591758424,1.7800494022452247,-0.19013031708988282,-1.5559719035758683,blitz+ab+leiter andrij,3.4731539223786942
-3.29639385550341,-0.6113511068234576,1.823871826416465,-0.15997905665659157,-1.63139149083979,Jermaks,3.707823559061328
-3.6158260294277516,-0.3005371528754104,1.7361427756134704,-0.21801958836939828,-1.4832945338910632,andrij jermak+s,3.2696178392695168
-3.728069109313029,-0.18676101680321344,1.697465759273609,-0.24059806883676071,-1.4216179405386642,Kritiker,3.112745010643835
-3.728069109313029,-0.18676101680321344,1.697465759273609,-0.24059806883676071,-1.4216179405386642,jermak+s kritiker,3.112745010643835
-3.81671546477698,-0.09498032082076713,1.6628168323920969,-0.25922833491865627,-1.3681388914942425,jubeln,2.987571157062415
-3.81671546477698,-0.09498032082076713,1.6628168323920969,-0.25922833491865627,-1.3681388914942425,kritiker jubel+n,2.987571157062415
-3.9386619371164384,0.03427447386433169,1.60750540875932,-0.2858554283698577,-1.285981141930628,verhalten,2.8132866525450173
-3.9386619371164384,0.03427447386433169,1.60750540875932,-0.2858554283698577,-1.285981141930628,jubel+n verhalt+en,2.8132866525450173
-3.983325912763701,0.08252822367926749,1.5844940901995948,-0.2958171141745751,-1.252872769842348,verhalt+en nach,2.7487848990346753
-4.002476769552718,0.10337231874161379,1.5740934694589281,-0.30010662565011786,-1.2381008924399985,wochenlangen,2.7210100203858643
-4.002476769552718,0.10337231874161379,1.5740934694589281,-0.30010662565011786,-1.2381008924399985,nach wochenlang+en,2.7210100203858643
-4.044920114302398,0.149900531541187,1.54977674178535,-0.3096220338567718,-1.2040090797153713,Rücktrittsforderungen,2.659190226536719
-4.044920114302398,0.149900531541187,1.54977674178535,-0.3096220338567718,-1.2040090797153713,wochenlang+en rücktritt+s+forderung+en,2.659190226536719
-4.099863207802658,0.21081170678872607,1.5153777426095636,-0.321865412051958,-1.156783507095134,konnte,2.5785999754823643
-4.099863207802658,0.21081170678872607,1.5153777426095636,-0.321865412051958,-1.156783507095134,rücktritt+s+forderung+en könn+e,2.5785999754823643
-3.6772141664965172,-0.23863573533843163,1.7156355265389878,-0.23022499030075455,-1.4503252682346954,könn+e selenskyj,3.1840335820657386
-3.8077232289987486,-0.0607713981557374,1.606667909215043,-0.2711237795055587,-1.3384006674274722,Stabschef,2.973056423145593
-4.135301307749133,0.2574896351888807,1.478666273404233,-0.3316760601048702,-1.116171822845589,selenskyj stab+s+chef,2.5216771364846475
-2.8577724972015695,-0.9870052619245775,1.8874003245745308,-0.10017444153868336,-1.778580276896628,Jermak,4.278923990765671
-3.6158260294277516,-0.3005371528754104,1.7361427756134704,-0.21801958836939828,-1.4832945338910632,stab+s+chef jermak,3.2696178392695168
-4.149928402192099,0.2878961656414132,1.4414127284081761,-0.33882549329799255,-1.0848511700424297,jermak mehr,2.4907094691585554
-3.953082869770657,0.04979979015350633,1.6002573666746982,-0.28906337906565854,-1.2754881160420373,mehr halt+en,2.792501886090564
-4.154242549449314,0.3045349969355924,1.4142711753750947,-0.3430884673756031,-1.0650553103797809,was bedeut+et,2.476359502296791
-4.15295071611664,0.31384949155796993,1.3925798145689798,-0.34589562116279204,-1.0515994080096644,Rücktritt,2.4709558734115866
-4.15295071611664,0.31384949155796993,1.3925798145689798,-0.34589562116279204,-1.0515994080096644,bedeut+et rücktritt,2.4709558734115866
-3.404622903967838,-0.4507352794150812,1.732836593045083,-0.1956789941103494,-1.5498115297477806,engsten,3.525780678078584
-4.1421723207460595,0.3203173091103295,1.3604538019438879,-0.3490809264740883,-1.0361984903023924,rücktritt eng+st+en,2.4742332827408653
-3.010106695672287,-0.8129737466866618,1.8211550641930896,-0.13248047204145247,-1.7073283353253303,Vertrauten,4.054397798047143
-3.3205251768602406,-0.5207336584846503,1.7437001895273903,-0.18400516813873558,-1.581121404670852,eng+st+en vertrau+t+en,3.634056499028376
-4.063878880551087,0.2964940960680831,1.2736797397897135,-0.3531532796937863,-1.019653056771144,Präsidenten,2.546022479082019
-4.063878880551087,0.2964940960680831,1.2736797397897135,-0.3531532796937863,-1.019653056771144,vertrau+t+en präsident+en,2.546022479082019
-3.762457564433812,0.012069746902494405,1.4215042943879164,-0.3044397545970254,-1.2461826230661404,Verhandlungen,2.9592772128104095
-4.038766881632512,0.2911308494184528,1.2337855734699712,-0.35553616125839427,-1.0064298169536834,präsident+en verhandlung+en,2.566962885076487
-2.7839177343504042,-1.000810548961851,1.8498559687652052,-0.10416004406755718,-1.7769457755277174,Wolodymyr,4.345592830846228
-2.8763095114775847,-0.9329086662404373,1.8470977195384353,-0.11306218271107042,-1.7537424448394556,wolodymyr selenskyj,4.231931061472492
-3.391972144675883,-0.06980621458045433,0.8048919845150188,-0.39186912349965397,-1.0180094134207343,fand,3.2703910950708996
-4.19628756362836,0.3834806204631902,1.3018605820859825,-0.35920848546756734,-0.9689321314574438,selenskyj find,2.39135186413823
-4.211038040970633,0.3932279468389803,1.3044193827514374,-0.35989789177733666,-0.9625691793188534,Freitagabend,2.3740523388725157
-4.211038040970633,0.3932279468389803,1.3044193827514374,-0.35989789177733666,-0.9625691793188534,find freitag+abend,2.3740523388725157
-4.230391346485547,0.4066475193936605,1.3060078520390404,-0.36093513878583905,-0.9529230875182556,lobende,2.350893584708361
-4.230391346485547,0.4066475193936605,1.3060078520390404,-0.36093513878583905,-0.9529230875182556,freitag+abend lob+end+e,2.350893584708361
-4.240340260627542,0.41385993575838365,1.3059601077869134,-0.3615268082513471,-0.9473280952257327,lob+end+e wort+e,2.3387600572558447
-4.258153528599061,0.4273564093690212,1.3042801622868323,-0.3626781718645244,-0.9361289139936406,wort+e stab+s+chef,2.316611791878169
-4.267080612183117,0.43441419893126487,1.302630764351563,-0.36329413536328486,-0.9299137876340129,stab+s+chef andrij,2.3052982461146976
-3.754486059929066,-0.12774934777473868,1.6460534057111067,-0.25601626211776174,-1.3819212200346247,andrij jermak,3.0558124419421793
-3.9646111786312055,0.12004333932459232,1.5016459086879324,-0.31014485902743555,-1.2100390523446463,ukrainische,2.7387312564237307
-4.281800870563149,0.4464910029983782,1.298688939009451,-0.3643531665569074,-0.9187439153435637,der ukrainisch+e,2.2863220437522487
-4.2899328750879935,0.45339673442438677,1.2958476943582942,-0.3649540555350021,-0.9120681386570705,Präsident,2.275666858803378
-4.2899328750879935,0.45339673442438677,1.2958476943582942,-0.3649540555350021,-0.9120681386570705,ukrainisch+e präsident,2.275666858803378
-4.2961644626397835,0.45879984181026456,1.2933480182699477,-0.3654183495332126,-0.9067046735288079,dankte,2.2674194374630234
-4.2961644626397835,0.45879984181026456,1.2933480182699477,-0.3654183495332126,-0.9067046735288079,präsident dank+te,2.2674194374630234
-4.107530088531876,0.36511565760309783,1.154195341090312,-0.36534186616817255,-0.9186024686456371,dafür,2.4644988677222393
-4.3025342596297556,0.46442077679297133,1.2905031247395127,-0.3658936156734326,-0.9009978568714044,dank+te dafür,2.2589161246665683
-4.281800870563149,0.4464910029983782,1.298688939009451,-0.3643531665569074,-0.9187439153435637,dafür ukrainisch+e,2.2863220437522487
-4.314502181470861,0.47524196455721524,1.2843663469767415,-0.3667785467869855,-0.8896566000643451,Position,2.242744089439792
-4.314502181470861,0.47524196455721524,1.2843663469767415,-0.3667785467869855,-0.8896566000643451,ukrainisch+e position,2.242744089439792
-4.32194633991632,0.48213776472493786,1.2800298440417959,-0.3673162891822153,-0.8821917260204853,position verhandlung+en,2.232559629174753
-4.327971797357053,0.48780788390884244,1.276229699559618,-0.36774000691338044,-0.8759176200898678,stets,2.2242479723888904
-4.327971797357053,0.48780788390884244,1.276229699559618,-0.36774000691338044,-0.8759176200898678,verhandlung+en stets,2.2242479723888904
-4.33163407919782,0.491291555414872,1.273793726500411,-0.3679911187772809,-0.8720024980997764,vertreten…,2.2191670735076574
-4.33163407919782,0.491291555414872,1.273793726500411,-0.3679911187772809,-0.8720024980997764,stets vertreten…,2.2191670735076574
-4.3362864301569015,0.4957564702957944,1.2705621245441838,-0.3683018014741498,-0.8669177515402248,+5740,2.212681606759622
-4.3362864301569015,0.4957564702957944,1.2705621245441838,-0.3683018014741498,-0.8669177515402248,vertreten… +5740,2.212681606759622
-4.338521295357759,0.49791661124178366,1.2689553680314969,-0.36844734117977085,-0.864430835179203,+5740 char+s,2.209554042879011
-3.30145568354927,-0.6065589061219336,1.822676629982773,-0.160830830813327,-1.6292966911109252,Entlassung,3.7009615011002444
-4.245287420199936,0.3755503973102887,1.4033380054925817,-0.35207128170637386,-1.0099162124162868,nach entlassung,2.3619229457959903
-4.236324953195402,0.3652647301815277,1.4113468833393874,-0.35039481444109316,-1.0201071125785501,entlassung jermak+s,2.375427883942447
-4.228491372530806,0.3562871221522499,1.4182080106545798,-0.3489001725252656,-1.0288715750598694,Richtet,2.3872148468621806
-4.228491372530806,0.3562871221522499,1.4182080106545798,-0.3489001725252656,-1.0288715750598694,jermak+s richt+et,2.3872148468621806
-4.212274098471856,0.3377403250263873,1.4320178674999453,-0.3457277798059807,-1.0466104540000112,Wut,2.4115667938643464
-4.212274098471856,0.3377403250263873,1.4320178674999453,-0.3457277798059807,-1.0466104540000112,richt+et wut,2.4115667938643464
-4.2039035482743445,0.328188733854341,1.4389464922531365,-0.34405331004065504,-1.055561103908811,Ukrainer,2.424110078810122
-4.2039035482743445,0.328188733854341,1.4389464922531365,-0.34405331004065504,-1.055561103908811,wut ukrainer,2.424110078810122
-4.181721775504101,0.3029509036327116,1.4566890849259337,-0.33951189535273457,-1.0786424830269188,ukrainer selenskyj,2.4572652212972965
-4.167104413244413,0.2863803178060196,1.4679175175494477,-0.33644865314958955,-1.0933735152162014,Durch,2.479047917406437
-4.152432518986661,0.2697980342949997,1.4788402104473652,-0.3333274051089385,-1.1077993473822478,durch entlassung,2.5008601460633195
-3.63314669916789,-0.2831491722704451,1.7305040179554037,-0.22142813289636393,-1.4741681830216424,Präsidialamtschefs,3.245520467853313
-3.63314669916789,-0.2831491722704451,1.7305040179554037,-0.22142813289636393,-1.4741681830216424,entlassung präsidialamt+s+chef+s,3.245520467853313
-4.081815478347075,0.19071929193883763,1.5270715928961556,-0.3178623329600468,-1.172711611609262,präsidialamt+s+chef+s andrij,2.6051446986709186
-4.044920114302398,0.149900531541187,1.54977674178535,-0.3096220338567718,-1.2040090797153713,jermak verlier+t,2.659190226536719
-4.01656518656811,0.11876580340734999,1.5662217972268029,-0.3032654494542159,-1.226997740329201,verlier+t wolodymyr,2.7005306568481777
-3.8249390022149927,-0.08637539677326833,1.65938753526821,-0.26099022639367936,-1.3629332110880346,selenskyj eng+st+en,2.9758970952140977
-2.2200654535784077,-1.561798212347004,2.005987343584695,-0.016113763411356855,-1.9692288066718784,vertrau+t+en blitz+ab+leiter,5.126886776856394
-3.579925847094317,-0.33638786744481064,1.747485624995209,-0.21104285767365638,-1.5017947161369143,Analyse,3.3194425753990324
-3.579925847094317,-0.33638786744481064,1.747485624995209,-0.21104285767365638,-1.5017947161369143,ein analyse,3.3194425753990324
-3.8886800036271176,-0.019137078361552762,1.631396386628675,-0.27482142930106473,-1.3210053355518314,selenskyj geb,2.8850314439496354
-3.9873050175038176,0.08685149869897546,1.582360692750497,-0.2967077617359311,-1.2498331714322863,Mühe,2.7430198662579923
-3.9873050175038176,0.08685149869897546,1.582360692750497,-0.2967077617359311,-1.2498331714322863,geb mühe,2.7430198662579923
-4.023243054380096,0.12607990773288935,1.5624227678178726,-0.3047630132931954,-1.221662385721148,mühe entlassung,2.690809467648531
-4.132735423476189,0.24761717333895805,1.492987466513307,-0.3290764664687971,-1.1266296372446825,Entscheidung,2.5300630861959776
-4.132735423476189,0.24761717333895805,1.492987466513307,-0.3290764664687971,-1.1266296372446825,präsidialamt+s+chef+s entscheidung,2.5300630861959776
-4.153965694705101,0.27152845558738803,1.4777145736292452,-0.3336555275075492,-1.1063082319621846,aussehen,2.4985832248893405
-4.153965694705101,0.27152845558738803,1.4777145736292452,-0.3336555275075492,-1.1063082319621846,entscheidung aus+seh+en,2.4985832248893405
-3.930386649651025,0.18289959282748325,1.3132734867360742,-0.33785568338152355,-1.1085624182801805,lassen,2.720628261754615
-4.171238234874006,0.29106151579389183,1.4647779524782254,-0.3373199789232687,-1.0892446662778186,aus+seh+en lass+en,2.4728929750176016
-4.194988161321897,0.3180319873018018,1.4461831830465273,-0.3422451005433299,-1.0649469924642243,eigenem,2.437450553541325
-4.194988161321897,0.3180319873018018,1.4461831830465273,-0.3422451005433299,-1.0649469924642243,lass+en eigen+em,2.437450553541325
-4.2039035482743445,0.328188733854341,1.4389464922531365,-0.34405331004065504,-1.055561103908811,Antrieb,2.424110078810122
-4.2039035482743445,0.328188733854341,1.4389464922531365,-0.34405331004065504,-1.055561103908811,eigen+em antrieb,2.424110078810122
-3.025163528009349,-0.5040879600216863,1.3471535601278108,0.46318530849198764,-1.097035659793249,getroffen,3.8366236218591934
-4.212274098471856,0.3377403250263873,1.4320178674999453,-0.3457277798059807,-1.0466104540000112,antrieb ge+treff+en,2.4115667938643464
-4.235477815844087,0.36429330449618225,1.4120950265491907,-0.3502344591781279,-1.0210612583219592,engen,2.3767033066393974
-4.240477932049504,0.37002898372543247,1.4076572145717376,-0.35117627407702695,-1.0154069363452451,eng+en vertrau+t+en,2.369172618790276
-4.252170326809173,0.383459447695927,1.3970684569508593,-0.35333251887205414,-1.0019677211972335,+8174,2.351537429821218
-4.252170326809173,0.383459447695927,1.3970684569508593,-0.35333251887205414,-1.0019677211972335,vertrau+t+en +8174,2.351537429821218
-4.2565537633034785,0.3885007379445826,1.3930202509783274,-0.3541230783875146,-0.9968487978283743,+8174 chars,2.3449168958110906
-4.5144685725049944,0.6950654357331916,0.2986207014603658,-0.10915425496104696,0.046613030370446513,Schlechte,1.8825291185338084
-4.510256226034121,0.6918871444892194,0.29472092352902257,-0.109064579382722,0.04609176307747837,Frankfurt-Noten,1.8874318602819318
-4.510256226034121,0.6918871444892194,0.29472092352902257,-0.109064579382722,0.04609176307747837,schlecht+e frankfurt+-+not+en,1.8874318602819318
-4.500821623200836,0.6847320733432861,0.2860181264606385,-0.10886338351264428,0.04492778323362443,Fünfer-Hagel,1.898434709763793
-4.500821623200836,0.6847320733432861,0.2860181264606385,-0.10886338351264428,0.04492778323362443,frankfurt+-+not+en fünfer+-+hagel,1.898434709763793
-4.484912823141437,0.6725560958273826,0.2714428733794997,-0.10852318729834552,0.04297618863644854,0-Stürmer-Eintracht,1.9170548745768459
-4.484912823141437,0.6725560958273826,0.2714428733794997,-0.10852318729834552,0.04297618863644854,fünfer+-+hagel 0-stürmer-eintracht,1.9170548745768459
-4.457725969634528,0.651442434433568,0.246824988335266,-0.10793981044131283,0.039673776549705005,Eintracht,1.9490611536786289
-4.435551838873677,0.6339543579142881,0.22701749350790573,-0.10746289499387597,0.03701116667690205,Frankfurt,1.9753301313338203
-4.435551838873677,0.6339543579142881,0.22701749350790573,-0.10746289499387597,0.03701116667690205,eintracht frankfurt,1.9753301313338203
-4.398071768869418,0.6038958671963954,0.19409138731037695,-0.10665645913886516,0.03257448355589269,spielt,2.0200418047807998
-4.398071768869418,0.6038958671963954,0.19409138731037695,-0.10665645913886516,0.03257448355589269,frankfurt spiel+t,2.0200418047807998
-4.218017378506967,0.4526854359713932,0.04543732731841843,-0.10285009857283749,0.012387173329035724,Bundesliga,2.239238668247129
-4.218017378506967,0.4526854359713932,0.04543732731841843,-0.10285009857283749,0.012387173329035724,spiel+t bund+es+liga,2.239238668247129
-4.419688407013688,0.6213056136712642,0.21299669694172846,-0.10712149887879897,0.03512351605519257,VfL,1.994208363166694
-4.419688407013688,0.6213056136712642,0.21299669694172846,-0.10712149887879897,0.03512351605519257,bund+es+liga vfl,1.994208363166694
-4.432715320232539,0.631700867447182,0.22450130135752983,-0.10740185433369086,0.036672582946488654,Wolfsburg,1.9787006126479407
-4.432715320232539,0.631700867447182,0.22450130135752983,-0.10740185433369086,0.036672582946488654,vfl wolfsburg,1.9787006126479407
-4.462805880129245,0.6554157612707935,0.2513970497720506,-0.10804896058826234,0.04028768075104661,1:1,1.9430634901723165
-4.462805880129245,0.6554157612707935,0.2513970497720506,-0.10804896058826234,0.04028768075104661,wolfsburg 1:1,1.9430634901723165
-4.475301511730889,0.6651347944580921,0.26269790898808887,-0.10831718859454102,0.041803955076855394,Noten,1.928343776814525
-4.475301511730889,0.6651347944580921,0.26269790898808887,-0.10831718859454102,0.041803955076855394,der not+en,1.928343776814525
-4.312794955835011,0.5334993285838385,0.12174724801933362,-0.10483299196481465,0.022781325508854845,Thomas,2.123048892716342
-4.299508502474626,0.5223154921922861,0.11079335228755205,-0.10455161611842471,0.021293268534462832,Gottschalk,2.139238640854551
-4.299508502474626,0.5223154921922861,0.11079335228755205,-0.10455161611842471,0.021293268534462832,thomas gottschalk,2.139238640854551
-3.6303414558967804,0.050433226973241485,0.015342974153961741,0.42214514002562903,-0.011303471024958711,Ich,2.9364194592900814
-4.253155755674456,0.4829126817723346,0.0732363422014729,-0.10357817276527002,0.016181085809480862,gottschalk ich,2.1959795942425853
-4.21338696891994,0.44868150460991707,0.041816635046896866,-0.10275486113074923,0.011892418788268334,Krebs,2.244953740154126
-4.21338696891994,0.44868150460991707,0.041816635046896866,-0.10275486113074923,0.011892418788268334,ich krebs,2.244953740154126
-4.14882451185612,0.39241269138045864,-0.007654632292391661,-0.10144584011230164,0.005118372092806765,krebs der,2.3249590735094916
-4.103436947601973,0.3524293598533903,-0.041327771799464674,-0.10054851317292877,0.0004928839753209277,Showmaster,2.3815222432827303
-4.103436947601973,0.3524293598533903,-0.041327771799464674,-0.10054851317292877,0.0004928839753209277,der show+master,2.3815222432827303
-4.089236409720405,0.3398586038168343,-0.05168067162122772,-0.10027193382016954,-0.0009315837058842674,Ehefrau,2.399267129468633
-4.089236409720405,0.3398586038168343,-0.05168067162122772,-0.10027193382016954,-0.0009315837058842674,show+master ehe+frau,2.399267129468633
-4.174596969533866,0.4149678896246707,0.011868950340339524,-0.10196400648167127,0.007794806369311874,Karina,2.292953552804129
-4.174596969533866,0.4149678896246707,0.011868950340339524,-0.10196400648167127,0.007794806369311874,ehe+frau karina,2.292953552804129
-4.21868041243329,0.45325838582465816,0.04595658479736614,-0.10286374968243155,0.0124581164320157,karina sprech+en,2.238420588338738
-4.461173496052817,0.6541403471500424,0.24992646314568012,-0.10801389200057253,0.040090249249487155,sprech+en bild,1.9449899402732358
-4.485849453400449,0.6732767222228507,0.2722975232719772,-0.10854324485315033,0.04309069946569711,bild thomas,1.9159563326934688
-4.104743424615154,0.3808667911325707,-0.05179792503693656,-0.12049636778206409,0.00840407173793093,in…,2.3659418861208046
-4.455902995250446,0.650013501023264,0.24518738058110445,-0.1079006285005376,0.03945382663622935,sprech+en in…,1.9512153548568567
-4.4643820367036735,0.6566459958999075,0.2528182358024623,-0.10808281563352572,0.040478454311847996,+828,1.9412041611605062
-4.4643820367036735,0.6566459958999075,0.2528182358024623,-0.10808281563352572,0.040478454311847996,in… +828,1.9412041611605062
-4.471522268771552,0.6622036275327293,0.2592718551339396,-0.10823610836408483,0.041344439780752786,+828 char+s,1.9327906087117683
-2.4982499252852044,-0.8355382996461951,-0.9219250660839055,-0.18972911372221357,-0.07309569283362699,glätte gewitter,4.296827328192997
-3.383647553436426,-0.16814087475170036,-0.5208638089079288,-0.1566437581380935,-0.03472110473035023,gewitter sturm,3.2280776836241722
-3.6286762121372123,0.019166794875041582,-0.3836991117166242,-0.1506173267600634,-0.019710958587590005,sturm wetter+dienst,2.9333296611660398
-3.9205683281549115,0.24272141370665623,-0.19677196581895617,-0.14195873479432403,0.00015102527292628481,gefährlicher,2.5838344341012105
-3.9205683281549115,0.24272141370665623,-0.19677196581895617,-0.14195873479432403,0.00015102527292628481,warn+t gefährlich+er,2.5838344341012105
-4.003852819191451,0.30646854474442575,-0.13799098090777534,-0.13922354023089928,0.006312755729841177,gefährlich+er woche,2.4845685291096866
-4.021457487583545,0.3201687430563931,-0.12475647559084735,-0.13806085264886986,0.0074378450282845815,woche der,2.4634913299445653
-3.3163097320696044,-0.22007431061668092,-0.5602904160480804,-0.16390521341746678,-0.036467669517131734,warn+t glätte,3.3095843605976802
-3.635687629548676,0.02430164666068002,-0.3761738377832601,-0.14602860192351513,-0.020900884367576908,Nebel,2.924993700096012
-3.635687629548676,0.02430164666068002,-0.3761738377832601,-0.14602860192351513,-0.020900884367576908,glätte nebel,2.924993700096012
-3.2938858978989787,-0.2375993233609337,-0.5727764195266971,-0.16577176493982881,-0.03722909288266399,woche+n+ende komm+en,3.3368622355718944
-2.582466200024793,-0.7740775675377636,-0.8916484039281225,-0.18968668085416562,-0.06890537664727991,komm+en gewitter,4.195811214092305
-3.551524029915223,-0.04143778653463337,-0.4326787733491565,-0.1577531223336771,-0.022683220561105055,gewitter graupel,3.02689671508544
-3.724225677216951,0.09098244640391018,-0.32833180630250425,-0.15142618892040222,-0.01219175091163665,graupel sowie,2.8194261875732494
-3.8093447481020912,0.15634597370193415,-0.27358666615643995,-0.14823004405752588,-0.006681757783451488,sowie sturmbö+en,2.717388959687504
-4.0187962983864,0.3171598337986803,-0.12835641922289825,-0.14015587775817584,0.00797041539661724,offenbach hessen,2.467180194178347
-4.048854381254577,0.34040616201489104,-0.10587636929766342,-0.13861675266210777,0.01008335557655695,hessen dieser,2.4312927238681548
-4.069266688134118,0.35624759436681663,-0.0902941925075339,-0.13743679816167675,0.011491995423645436,dieser herbst,2.406909124495539
-4.105188369236349,0.38427342807361087,-0.06209326097558732,-0.13491264447045342,0.013853183338857815,winterliche,2.3639527313800848
-4.105188369236349,0.38427342807361087,-0.06209326097558732,-0.13491264447045342,0.013853183338857815,bring+t winterlich+e,2.3639527313800848
-4.117577929963623,0.3941103358695526,-0.05178794708499046,-0.13348397808676227,0.014476383715326259,winterlich+e glätte,2.349054160069144
-4.117846734084913,0.39474203144303543,-0.0502345400939036,-0.13179978481131271,0.013880306185746101,Straßen,2.348500164154792
-4.117846734084913,0.39474203144303543,-0.0502345400939036,-0.13179978481131271,0.013880306185746101,glätte straße+n,2.348500164154792
-4.104652770221557,0.3847931729536356,-0.05914189871759798,-0.1307244656157419,0.012257010054151397,Vor,2.3640707418692815
-4.03227934194601,0.32822476466205974,-0.10983990677620692,-0.12852128937685897,0.0048464403377927595,Osten,2.4506523223960697
-4.03227934194601,0.32822476466205974,-0.10983990677620692,-0.12852128937685897,0.0048464403377927595,vor osten,2.4506523223960697
-4.013359647992716,0.31279699279383033,-0.12243909322601543,-0.12744009649104698,0.0027529654265457115,osten süden,2.47364274777824
-4.091010138081167,0.37398094559388273,-0.0672180553726181,-0.1281367415028163,0.010030721666159918,süden warn+t,2.3804360458659923
-4.154109790476143,0.4226868070812897,-0.020404603201901128,-0.12839582914882147,0.01602595077769784,warn+t deutsch+e,2.3053705699886375
-4.087343063105646,0.3701717077458617,-0.06800730572955802,-0.125493457097558,0.008696906710679818,dwd frost,2.385286627652938
-4.063728945968203,0.35104961794963496,-0.08458107112441549,-0.12461742705864785,0.006204994159921741,gebietsweise,2.4138745322746993
-4.063728945968203,0.35104961794963496,-0.08458107112441549,-0.12461742705864785,0.006204994159921741,frost gebiet+s+weise,2.4138745322746993
-4.185033555153236,0.44630020108406976,0.005137571857665946,-0.12590648719055464,0.018057838478658807,überfrierendem,2.2687447495590156
-4.185033555153236,0.44630020108406976,0.005137571857665946,-0.12590648719055464,0.018057838478658807,gebiet+s+weise über+frier+end+em,2.2687447495590156
-4.238119787888323,0.48677369307151985,0.046544073030191424,-0.12611510823468997,0.0233274365144261,über+frier+end+em regen,2.2060254140452438
-4.254300281498441,0.49898170378952167,0.05946621604401736,-0.1260976955252735,0.0249308653647971,Zud…,2.186995843164243
-4.265916611136583,0.5077154851078116,0.0688368698623586,-0.12605637597932046,0.02607943824429023,+2307,2.173355998178568
-4.265916611136583,0.5077154851078116,0.0688368698623586,-0.12605637597932046,0.02607943824429023,zud… +2307,2.173355998178568
-4.276036877790596,0.5153060781503922,0.07706646941663559,-0.1259992831744407,0.0270778940553393,+2307 chars,2.1614864892200933
-4.094943447900296,0.3773021690307894,-0.06718320370224515,-0.1318994331460639,0.011797377790182757,†27,2.375637847951631
-4.094943447900296,0.3773021690307894,-0.06718320370224515,-0.1318994331460639,0.011797377790182757,zimmermann †27,2.375637847951631
-4.054704611242229,0.3464719353668948,-0.09650880108661364,-0.1321318811467495,0.008215799190720317,†27 sein,2.4234584618063026
-2.722763204667151,-0.6722892953955326,-0.8223622362590928,-0.167861923995199,-0.06977729327547977,bester,4.027834358809401
-4.013738007287591,0.3148398986297991,-0.1255899466877713,-0.13218345890800215,0.004572783671958139,sein gut+er,2.4723242657937536
-1.7284434196690617,-1.4174520270563287,-1.155611458987352,-0.18642859001120382,-0.10816646377268424,gut+er freund,5.234159749407844
-3.9124653348768144,0.23591826964914064,-0.19520797758973502,-0.13281364549878566,-0.003943254384840764,freund find,2.593733546658747
-3.9796668068689742,0.28884045669214053,-0.15151089385354444,-0.13518338512775724,0.002703329375064102,leblos,2.5128720563881
-3.9796668068689742,0.28884045669214053,-0.15151089385354444,-0.13518338512775724,0.002703329375064102,find leblos,2.5128720563881
-3.9900454774932377,0.29673416768083527,-0.14547562126275926,-0.13663116036599676,0.004146489014607756,leblos wie,2.500550907041358
-3.988915642037805,0.2957416877085499,-0.14689384558291432,-0.13744235088424378,0.004348362965120811,wie bild,2.501969663271569
-3.9823801395202527,0.2905383499988714,-0.15222235686904953,-0.1384841702552349,0.004164123689907748,erfuhr,2.5098661212027165
-3.9823801395202527,0.2905383499988714,-0.15222235686904953,-0.1384841702552349,0.004164123689907748,bild erfahr,2.5098661212027165
-3.961828794125635,0.2744362379533456,-0.1677150435245113,-0.1402921605204278,0.0030530346572714695,entdeckte,2.534557929018608
-3.961828794125635,0.2744362379533456,-0.1677150435245113,-0.1402921605204278,0.0030530346572714695,erfahr entdeck+te,2.534557929018608
-3.9184710276528656,0.24072286451486113,-0.19899121407818932,-0.14297679756194986,0.0003490431091154253,entdeck+te tim,2.586549761555024
-3.7500092444022126,0.11051650638981236,-0.31235742414742323,-0.15091089833544674,-0.010382949617628735,leblosen,2.788640612598359
-3.7500092444022126,0.11051650638981236,-0.31235742414742323,-0.15091089833544674,-0.010382949617628735,lehmann leblos+en,2.788640612598359
-3.5761389395974907,-0.02323901600069256,-0.4191773379577205,-0.1579210638804921,-0.020850103844281154,Kumpel,2.997647116053888
-3.5761389395974907,-0.02323901600069256,-0.4191773379577205,-0.1579210638804921,-0.020850103844281154,leblos+en kumpel,2.997647116053888
-2.6302891369390817,-0.7394057259436955,-0.8740214798845447,-0.18966903087030773,-0.06647319888142472,kumpel gewitter,4.13860623134492
-3.683574345344419,0.05881139194154228,-0.3549190561471182,-0.15445409879136224,-0.014181401212792918,-YouTuber,2.8687348605332303
-3.683574345344419,0.05881139194154228,-0.3549190561471182,-0.15445409879136224,-0.014181401212792918,kopf -youtuber,2.8687348605332303
-4.154860920312507,0.422877095080908,-0.022024163949337955,-0.13117198407252795,0.017125107933559862,-youtuber jan,2.304703310748586
-3.9841975106497753,0.2904954989481594,-0.15362710990805756,-0.14171970873599427,0.005511109140583288,plötzliche,2.5084746496818364
-3.9841975106497753,0.2904954989481594,-0.15362710990805756,-0.14171970873599427,0.005511109140583288,der plötzlich+e,2.5084746496818364
-4.030754419592968,0.3265442637931144,-0.11925720654593264,-0.13930775571735915,0.008720035819569934,plötzlich+e tod,2.4528266713766214
-4.0558832147219155,0.3460480158039341,-0.10023652445402259,-0.13786080613871798,0.010438428156229189,beliebten,2.422794866639897
-4.0558832147219155,0.3460480158039341,-0.10023652445402259,-0.13786080613871798,0.010438428156229189,tod belieb+t+en,2.422794866639897
-3.7269092272697155,0.0945424261746095,-0.32312548017034026,-0.1469027763794336,-0.013658590368995853,YouTube-Stars,2.815384187053568
-4.079461928314162,0.36441489062052934,-0.08199260504256614,-0.1362997514686512,0.012002143725714516,belieb+t+en youtube-star+s,2.3945987567169107
-3.741544391358722,0.1058506789795517,-0.313262162287653,-0.14558344392240063,-0.013013810029144639,youtube-star+s jan,2.7977848358357784
-3.988915642037805,0.2957416877085499,-0.14689384558291432,-0.13744235088424378,0.004348362965120811,erschüttert,2.501969663271569
-3.988915642037805,0.2957416877085499,-0.14689384558291432,-0.13744235088424378,0.004348362965120811,zimmermann erschütter+t,2.501969663271569
-3.8889166618182927,0.21910316477592118,-0.21545083455833572,-0.13916269639380086,-0.003538980131453033,erschütter+t familie,2.6212638481799924
-3.238914063299968,-0.22712258791497675,-0.19758947108950037,0.41055886889330234,-0.033146341052892964,Freunde,3.3965370386674505
-3.736905005256622,0.10132445691870573,-0.31210151312009565,-0.1402920998741774,-0.015351697970709496,familie freund+e,2.803804731073349
-3.198745828670015,-0.31139590430448805,-0.6108656296574333,-0.15586672613615427,-0.0469595944541113,Fans,3.4522464582213086
-3.6657996756681737,0.04733197851924853,-0.35768975594373775,-0.14468087734796514,-0.019150883436907185,freund+e fan+s,2.8888566589148565
-3.6702052253974053,0.051100855113440646,-0.35775246939171623,-0.1481640798488622,-0.017519435089806967,Bekannt,2.8833949924791704
-3.672954038865462,0.05155960553175465,-0.3603265038157313,-0.15345986761197322,-0.01534979587910032,brachte,2.8810049691315465
-3.672954038865462,0.05155960553175465,-0.3603265038157313,-0.15345986761197322,-0.01534979587910032,kopf bring+e,2.8810049691315465
-3.8459221182704604,0.18438047445638284,-0.24942577337522917,-0.1469489884244734,-0.004199530468037269,junge,2.6736294275414214
-3.8459221182704604,0.18438047445638284,-0.24942577337522917,-0.1469489884244734,-0.004199530468037269,bring+e jung+e,2.6736294275414214
-3.903024973241372,0.22824636344447713,-0.21064813954289813,-0.14475233592816283,-0.0002952088210462986,jung+e mann,2.605335092656979
-3.9934136948732233,0.29764427828128825,-0.14687815427034695,-0.14122955989309605,0.006134281001942438,mann tourett+e,2.4974466239960655
-4.0394784478561,0.33297343087951914,-0.11319332204981922,-0.1394133162800687,0.009535555012349213,litt,2.4425807315087735
-4.0394784478561,0.33297343087951914,-0.11319332204981922,-0.1394133162800687,0.009535555012349213,tourett+e leid,2.4425807315087735
-4.0652598796980275,0.3527293619564098,-0.09397564705902511,-0.1383907310429049,0.011477718188500512,Mill…,2.4119124207885094
-4.0652598796980275,0.3527293619564098,-0.09397564705902511,-0.1383907310429049,0.011477718188500512,leid mill…,2.4119124207885094
-4.09156003143165,0.37286724502983026,-0.0740940689732299,-0.1373430858965724,0.013488299629570287,+246,2.3806580223489537
-4.09156003143165,0.37286724502983026,-0.0740940689732299,-0.1373430858965724,0.013488299629570287,mill… +246,2.3806580223489537
-4.108313448418265,0.38568588753247646,-0.061280556246204904,-0.13667335530093827,0.01478482194712797,+246 char+s,2.3607658637548177
-2.7924806521390635,-0.6152275506279161,-0.8030278883719985,-0.17812279264135422,-0.06224673129909247,kopf jan,3.94120669868875
-3.7045478548553903,0.0769131434701038,-0.33877775756520856,-0.14980526865726584,-0.01430162545698474,Zimmermanns,2.842476432488319
-3.7045478548553903,0.0769131434701038,-0.33877775756520856,-0.14980526865726584,-0.01430162545698474,jan zimmermann+s,2.842476432488319
-3.777417550751849,0.13341692026687402,-0.2899900958488393,-0.14387868561480555,-0.010833306299406126,engster,2.7547621948186074
-3.777417550751849,0.13341692026687402,-0.2899900958488393,-0.14387868561480555,-0.010833306299406126,zimmermann+s eng+st+er,2.7547621948186074
-3.736905005256622,0.10132445691870573,-0.31210151312009565,-0.1402920998741774,-0.015351697970709496,eng+st+er freund,2.803804731073349
-3.8139449146058446,0.1606472339636147,-0.26258695419155464,-0.13774701476451645,-0.010209411255501122,Partner,2.7113883770401963
-3.8139449146058446,0.1606472339636147,-0.26258695419155464,-0.13774701476451645,-0.010209411255501122,freund partner,2.7113883770401963
-3.2113854316908244,-0.30092972020101905,-0.6057175651721849,-0.15694622632779248,-0.045767238059095355,meldet,3.4365569893235213
-3.930997828374536,0.2514397360019187,-0.1860549924257578,-0.13716722036002454,-0.0007420260134468892,partner meld+et,2.570970676131083
-3.9098792041870487,0.23445232260377624,-0.20430952365736085,-0.1425258482294549,-0.0005396268555332012,meld+et tod,2.5966372293707902
-3.8887262157668343,0.21802182316832752,-0.2192216118626168,-0.14378852944250486,-0.0018412721035826266,tod der,2.62201879619643
-2.671834395554477,-0.6305622546461205,-0.13951835516393157,0.8454392008360936,-0.03978625841559169,der tod,4.086365732644675
-3.0243548249981096,-0.44155163858228486,-0.7034787439250137,-0.1738860586643105,-0.050781603204340275,Streamer,3.6617661069554677
-3.0243548249981096,-0.44155163858228486,-0.7034787439250137,-0.1738860586643105,-0.050781603204340275,tod streamer,3.6617661069554677
-2.7610411143451508,-0.639270459741438,-0.8178367138887191,-0.181312293287759,-0.0627478169615801,streamer jan,3.9794380923191874
-2.822180319685988,-0.5937037372658978,-0.7927723418484781,-0.18018944727634734,-0.059860722289130475,berührte,3.905778198645047
-2.822180319685988,-0.5937037372658978,-0.7927723418484781,-0.18018944727634734,-0.059860722289130475,kopf berühr+te,3.905778198645047
-3.0402300959046316,-0.4292028549240934,-0.6953572560097321,-0.17234620322592198,-0.05042387544107535,berühr+te viel+e,3.6424096478441363
-3.136369677423615,-0.3563006003423155,-0.6493878809846549,-0.1685251565013257,-0.04608928162754561,viel+e mensch+en,3.52631608810654
-3.2752368198176325,-0.2506423868425869,-0.5788672935412231,-0.1618937196026613,-0.03987363277292372,verabschiedet,3.3587004303606713
-3.2752368198176325,-0.2506423868425869,-0.5788672935412231,-0.1618937196026613,-0.03987363277292372,nun verabschied+et,3.3587004303606713
-3.2924569064840417,-0.23963629370448958,-0.5642682382883717,-0.15369768706944364,-0.0418199459275736,verabschied+et gut+er,3.3389770635269107
-3.9263613181544983,0.24652216693589613,-0.18541910740632525,-0.13209407600768053,-0.0030380249493959927,Streaming-Partner,2.577167516681938
-3.9263613181544983,0.24652216693589613,-0.18541910740632525,-0.13209407600768053,-0.0030380249493959927,freund streaming-partn+er,2.577167516681938
-4.091539510948772,0.37468906425068704,-0.06980689923447966,-0.1320711163881173,0.011548029135827746,öffentlich,2.3796849766877783
-4.091539510948772,0.37468906425068704,-0.06980689923447966,-0.1320711163881173,0.011548029135827746,streaming-partn+er öffentlich,2.3796849766877783
-3.9263613181544983,0.24652216693589613,-0.18541910740632525,-0.13209407600768053,-0.0030380249493959927,Streaming-Partner…,2.577167516681938
-3.9263613181544983,0.24652216693589613,-0.18541910740632525,-0.13209407600768053,-0.0030380249493959927,freund streaming-partner…,2.577167516681938
-4.100961836375357,0.3818795530194472,-0.0628364925358639,-0.13198412754693423,0.012383532385541414,+9328,2.3685087541428604
-4.100961836375357,0.3818795530194472,-0.0628364925358639,-0.13198412754693423,0.012383532385541414,streaming-partner… +9328,2.3685087541428604
-4.125485159838111,0.4005519325683613,-0.04448632912976938,-0.1317042978989204,0.014557243757949569,+9328 chars,2.339456380852039
-4.180833419345933,0.4422320151438075,-0.0025609488277877346,-0.131546846598119,0.019739769025671337,Krieg,2.2742080121344763
-4.159360061547821,0.42596407709683426,-0.019366109778007345,-0.13208647972900567,0.017888033274544267,Nahost,2.29956370662581
-4.159360061547821,0.42596407709683426,-0.019366109778007345,-0.13208647972900567,0.017888033274544267,krieg nahost,2.29956370662581
-4.137179372405635,0.40914054706150305,-0.03648438387210076,-0.13260180920597475,0.015983235419951065,Starkes,2.325782004319212
-4.137179372405635,0.40914054706150305,-0.03648438387210076,-0.13260180920597475,0.015983235419951065,nahost stark+es,2.325782004319212
-4.111016964901761,0.3892689907721345,-0.05636426495422436,-0.13315055123940334,0.013744665647233596,stark+es unwetter,2.3567432452064327
-4.074561785761256,0.3615205417418128,-0.08350999670420992,-0.1338003600099445,0.010635658848629388,bedroht,2.3999543215696506
-4.074561785761256,0.3615205417418128,-0.08350999670420992,-0.1338003600099445,0.010635658848629388,unwetter bedroh+t,2.3999543215696506
-4.031845969949547,0.3288952076646441,-0.11451058668923864,-0.13438116798324928,0.007001406184992814,bedroh+t mensch+en,2.450699304296423
-3.9223201619860695,0.24440496149706714,-0.19023368453859474,-0.13500205080460775,-0.0022876187521901903,Israel,2.5815055415889407
-3.9223201619860695,0.24440496149706714,-0.19023368453859474,-0.13500205080460775,-0.0022876187521901903,mensch+en israel,2.5815055415889407
-3.8428098050822173,0.1827135396115347,-0.24320473186044955,-0.1363307998140047,-0.008400743852238199,Gaza,2.676882757539736
-3.8428098050822173,0.1827135396115347,-0.24320473186044955,-0.1363307998140047,-0.008400743852238199,israel gaza,2.676882757539736
-3.8845599337544674,0.21566986086471274,-0.21745341585996664,-0.13804592119840287,-0.004318084764672311,gaza ein,2.6265065868866913
-3.89504772822121,0.22381436791117992,-0.21148426239159784,-0.13923403818235763,-0.003001040827790853,ein sturm+tief,2.6139363415560424
-3.8814010574184823,0.21301055925544565,-0.22273410108673786,-0.14221270747685483,-0.0030311412952042163,sturm+tief bring+t,2.630440398293918
-3.7945339756446,0.14600740153259784,-0.28138544887616895,-0.14644429097791456,-0.008522976759655493,bring+t regen,2.7345694611581144
-3.6914829269950085,0.0670628178855115,-0.3464293812883642,-0.14969043193758685,-0.015340786078823096,regen teils,2.8580601653600763
0.10726639458645426,-2.7122538485417973,-1.5841959307826077,-0.2556975837127163,-0.14208151686040943,starken,7.4364971074747395
-3.5644767714681866,-0.030116727530943965,-0.42218363370239576,-0.1535342527150706,-0.023317009750803096,teils stark+en,3.0105510739076777
-3.2682810849656145,-0.2559218352213255,-0.5822139316621804,-0.16185779482893264,-0.040332971108841514,stark+en wind,3.3670780781740897
-3.4909019676085165,-0.08670507751603185,-0.4652965721990704,-0.15734427730005668,-0.027122780223311684,Gazastreifen,3.0992228868958795
-3.760201377656097,0.11941605038276304,-0.30408526441276285,-0.14836147272725336,-0.010526476590908482,stürzen,2.775840314092004
-3.760201377656097,0.11941605038276304,-0.30408526441276285,-0.14836147272725336,-0.010526476590908482,gazastreifen stürz+en,2.775840314092004
-3.8544143555997046,0.19165714532671463,-0.242496125749616,-0.1451137751326796,-0.004181877067269246,stürz+en viel+e,2.66306143673565
-3.908169074534915,0.23287468824715618,-0.20601071257177178,-0.1432310352009829,-0.00042339667023225114,Zelte,2.5988237308895736
-3.908169074534915,0.23287468824715618,-0.20601071257177178,-0.1432310352009829,-0.00042339667023225114,viel+e zelt+e,2.5988237308895736
-3.969142828181442,0.2799098589440676,-0.1628091678601089,-0.14037758746853557,0.0037149851188537503,zelt+e mensch+en,2.5259087043364885
-3.9944605753503195,0.2997010384058474,-0.14382730600152677,-0.13839842072927644,0.005186034510720021,suchen,2.4955236179943396
-3.9944605753503195,0.2997010384058474,-0.14382730600152677,-0.13839842072927644,0.005186034510720021,mensch+en such+en,2.4955236179943396
-4.004709229204305,0.30782868899706206,-0.13561355526887345,-0.13701612068883456,0.005574373546954996,Schutz,2.483164119147948
-4.004709229204305,0.30782868899706206,-0.13561355526887345,-0.13701612068883456,0.005574373546954996,such+en schutz,2.483164119147948
-4.001011693509784,0.30524313654051416,-0.13669438114200272,-0.13511027155895694,0.00454247045325519,schutz oft,2.4874217830959644
-3.989794899784988,0.29659357802423036,-0.1438539936083854,-0.1342989562361337,0.0032568728966600735,überfüllten,2.5008022708685798
-3.989794899784988,0.29659357802423036,-0.1438539936083854,-0.1342989562361337,0.0032568728966600735,oft überfüllt+en,2.5008022708685798
-3.9410108963651775,0.257696524747272,-0.1750202629659967,-0.13132867464772252,-0.002077868575493816,unbeheizten,2.559711613218827
-3.9410108963651775,0.257696524747272,-0.1750202629659967,-0.13132867464772252,-0.002077868575493816,überfüllt+en un+beheiz+t+en,2.559711613218827
-4.070163227680684,0.3583406255170687,-0.08502417932937861,-0.1316606911559392,0.009441090194091346,un+beheiz+t+en öffentlich+en,2.405064600476683
-4.061635581568019,0.3516172458931943,-0.09007731760742016,-0.13020244857971858,0.008121957566418904,Gebäuden,2.415286698184207
-4.061635581568019,0.3516172458931943,-0.09007731760742016,-0.13020244857971858,0.008121957566418904,öffentlich+en gebäude+n,2.415286698184207
-3.920925037368451,0.2390695670839289,-0.18572137594562454,-0.12728300961670952,-0.005322057273512412,Bundeskanzler,2.5853216166404756
-4.105152001101894,0.3850666504704161,-0.05730609869783204,-0.12879071970982564,0.01158187784881768,Friedrich,2.3635175296202346
-4.105152001101894,0.3850666504704161,-0.05730609869783204,-0.12879071970982564,0.01158187784881768,bund+es+kanzler friedrich,2.3635175296202346
-4.158053570615731,0.4256815134769132,-0.017771801186275638,-0.12885843065810104,0.016572562115864005,friedrich merz,2.3007131009354422
-3.498590263119593,-0.08189250211182553,-0.4537847572413009,-0.1476291563576692,-0.030206539685768943,sieht,3.0904466543715783
-4.176383506410662,0.4396316378726035,-0.0037446426327696902,-0.12879824453365657,0.018300920161036467,merz seh+t,2.2790380847257152
-4.202479663908198,0.4594034929693933,0.01653745480773594,-0.12862422328501583,0.020756519560906884,absehbarer,2.2482461026812466
-4.202479663908198,0.4594034929693933,0.01653745480773594,-0.12862422328501583,0.020756519560906884,seh+t ab+seh+bar+er,2.2482461026812466
-4.227080193046223,0.47796420265216044,0.03600527208373583,-0.12835864092447763,0.02306436068187904,ab+seh+bar+er zukunft,2.2192817460121406
-4.2515903779568545,0.49639883215060365,0.0557475879968336,-0.12799406418775794,0.02535712662759807,Voraussetzungen,2.190475944183388
-4.2515903779568545,0.49639883215060365,0.0557475879968336,-0.12799406418775794,0.02535712662759807,zukunft voraussetzung+en,2.190475944183388
-4.28348813408985,0.5203251060233567,0.08196689065303797,-0.1273756556521783,0.02833459891425231,Anerkennung,2.1530554359848715
-4.28348813408985,0.5203251060233567,0.08196689065303797,-0.1273756556521783,0.02833459891425231,voraussetzung+en anerkennung,2.1530554359848715
-4.302297115440513,0.5344063601012614,0.09770860895000566,-0.12694034074208166,0.030089743373631524,palästinensischen,2.131022549636784
-4.302297115440513,0.5344063601012614,0.09770860895000566,-0.12694034074208166,0.030089743373631524,anerkennung palästinensisch+en,2.131022549636784
-4.3182232966245575,0.5463155427565265,0.1112009917469749,-0.12653442836218887,0.03157726585947478,Staates,2.1123848072308204
-4.3182232966245575,0.5463155427565265,0.1112009917469749,-0.12653442836218887,0.03157726585947478,palästinensisch+en staat+es,2.1123848072308204
-4.329106726974159,0.5544468018897131,0.12050739907239016,-0.1262387671286801,0.032595165461587895,staat+es deutschland,2.0996579756709775
-4.3409265439252405,0.563271105316508,0.13069372779012323,-0.12590194730498605,0.03370240452162857,sagte,2.0858450715085057
-4.3409265439252405,0.563271105316508,0.13069372779012323,-0.12590194730498605,0.03370240452162857,der sag+te,2.0858450715085057
-4.347280525234228,0.5680119115093378,0.13620368142808553,-0.12571445928795266,0.034298537779131825,sag+te cdu+-+politiker,2.0784235575131147
-4.36157641386875,0.5786706789271148,0.14868773949095027,-0.1252771392072935,0.03564255286232402,cdu+-+politiker treffen,2.0617359757215645
-4.365739572993318,0.581772605667928,0.15234596473783807,-0.1251459310197125,0.03603475177043918,mi…,2.0568790173251843
-4.365739572993318,0.581772605667928,0.15234596473783807,-0.1251459310197125,0.03603475177043918,treffen mi…,2.0568790173251843
-4.368252444837765,0.5836444578292725,0.1545590166250112,-0.12506592417168555,0.03627167210778894,+1860,2.053947968465491
-4.368252444837765,0.5836444578292725,0.1545590166250112,-0.12506592417168555,0.03627167210778894,mi… +1860,2.053947968465491
-4.371182675924336,0.5858267564213442,0.15714434497765678,-0.12497187231933847,0.036548129193331315,+1860 chars,2.050530679609096
-3.9676891315637905,0.276795846524724,-0.16672360728185007,-0.1438771820279039,0.004870648183860064,Biathlon,2.528711037287196
-3.8833459976240685,0.21191275180345115,-0.22565319805223918,-0.14731770584143522,-0.00099300763750583,biathlon ein,2.6295095528862578
-3.8388506250350556,0.17768206871665937,-0.2557131673956005,-0.14909485622107332,-0.003987457205738204,Brief,2.6827695588250418
-3.8388506250350556,0.17768206871665937,-0.2557131673956005,-0.14909485622107332,-0.003987457205738204,ein brief,2.6827695588250418
-3.75318990888069,0.11180919579844462,-0.311694522397573,-0.15244474463455915,-0.009571448673149997,erzeugt,2.7854413826244198
-3.75318990888069,0.11180919579844462,-0.311694522397573,-0.15244474463455915,-0.009571448673149997,brief erzeug+t,2.7854413826244198
-3.425996025556944,-0.13897460000757822,-0.5051795278229138,-0.16446842823468372,-0.02895565902945665,nächste,3.178809551253566
-3.425996025556944,-0.13897460000757822,-0.5051795278229138,-0.16446842823468372,-0.02895565902945665,erzeug+t nächst+e,3.178809551253566
-2.6466018178641795,-0.727620459714573,-0.8679351953741196,-0.18966399549815904,-0.0656346760900492,nächst+e gewitter,4.11912144618698
-3.264443366677618,-0.2596017363619678,-0.587154457860676,-0.16585401987493759,-0.039090768073089005,französische,3.3721403770954064
-3.596892216898583,-0.007983474855258743,-0.4076766697551987,-0.15806331764189452,-0.019290755752333924,der französisch+e,2.9730427357645595
-3.826170503187902,0.16838967183087306,-0.2636339314352734,-0.14897633641887065,-0.00505590677469054,Biathlon-Team,2.6977108830281864
-3.826170503187902,0.16838967183087306,-0.2636339314352734,-0.14897633641887065,-0.00505590677469054,französisch+e biathlon-team,2.6977108830281864
-3.9473509887738136,0.26190186514822944,-0.18027521546581898,-0.14365644240318914,0.003047000251966553,biathlon-team bleib+t,2.5525977983679846
-4.001939487180769,0.30409753102977155,-0.14082915515031136,-0.14104116247082876,0.006810875288710556,Aufruhr,2.487332483292305
-4.001939487180769,0.30409753102977155,-0.14082915515031136,-0.14104116247082876,0.006810875288710556,bleib+t aufruhr,2.487332483292305
-3.5771533499846497,-0.02114216025552884,-0.40959891250058034,-0.14626754369797973,-0.025110367652953738,Julia,2.9956332073781113
-4.03821627718851,0.33218110145626367,-0.11387431983046323,-0.13916326264764378,0.00933162734653701,aufruhr julia,2.443989418163653
-3.644364961482512,0.030929477740607503,-0.37085008339892134,-0.14560842698959675,-0.020411478903902325,Simon,2.91458226600062
-3.644364961482512,0.030929477740607503,-0.37085008339892134,-0.14560842698959675,-0.020411478903902325,julia simon,2.91458226600062
-3.7690256418285606,0.12506944304416412,-0.3002389543160262,-0.15027830431068212,-0.009127120852216578,kehrt,2.7658675363812
-4.073703104998053,0.35972104107196823,-0.08683136685353338,-0.13711564072853522,0.011776982982135788,simon kehr+t,2.4015951001698737
-4.105591407674698,0.38463272265253345,-0.06168333791321717,-0.13477478025020612,0.013839846992754416,Sperre,2.3634468527862587
-4.105591407674698,0.38463272265253345,-0.06168333791321717,-0.13477478025020612,0.013839846992754416,kehr+t sperre,2.3634468527862587
-3.194234812061244,-0.31214995270302337,-0.6193253903422735,-0.16424792863793541,-0.04411798724541277,zurück,3.456352731169291
-4.1132955153433866,0.390737182167215,-0.05531652331979808,-0.13392953399895446,0.014242531983084568,sperre zurück,2.35418882161818
-3.63994570105703,0.025542749048629076,-0.3701142016149166,-0.1411273721104982,-0.022420661593418392,Verband,2.920895608698336
-4.1184808649439555,0.3950607483663624,-0.05037127940745245,-0.1325598692304173,0.014220052216372271,zurück verband,2.34784062843831
-4.114525258820862,0.3922437315789642,-0.05257556634150573,-0.13164998206158057,0.013515975811761928,hüllt,2.352417189727518
-4.114525258820862,0.3922437315789642,-0.05257556634150573,-0.13164998206158057,0.013515975811761928,verband hüll+t,2.352417189727518
-4.078173441337044,0.36435435275721906,-0.07780824247678675,-0.12979264775845717,0.009474004920682545,Schweigen,2.395592992724289
-4.078173441337044,0.36435435275721906,-0.07780824247678675,-0.12979264775845717,0.009474004920682545,hüll+t schweig+en,2.395592992724289
-4.070019486225544,0.3575995173508604,-0.08244060254480642,-0.12804503573746684,0.008073932570013827,bekommt,2.4055307332943032
-4.070019486225544,0.3575995173508604,-0.08244060254480642,-0.12804503573746684,0.008073932570013827,schweig+en bekomm+t,2.4055307332943032
-4.177145892613842,0.44025502767091473,-0.0028661782751254195,-0.12842427452552668,0.018235542815518348,Olympiasieger,2.278111307018313
-4.177145892613842,0.44025502767091473,-0.0028661782751254195,-0.12842427452552668,0.018235542815518348,bekomm+t olympiasieger,2.278111307018313
-4.216656653659815,0.47018155380515125,0.027945379471073006,-0.12819845686769066,0.021982454423072013,Martin,2.231506939213679
-4.216656653659815,0.47018155380515125,0.027945379471073006,-0.12819845686769066,0.021982454423072013,olympiasieger martin,2.231506939213679
-4.231551976737297,0.48140910250994495,0.03978868908983357,-0.1280461582905002,0.023390068364081813,Fourcade,2.2139803114923637
-4.231551976737297,0.48140910250994495,0.03978868908983357,-0.1280461582905002,0.023390068364081813,martin fourcade,2.2139803114923637
-4.247848126850109,0.4936658881055478,0.05289321959082355,-0.12783578174353927,0.024926721688120233,Gegenwind,2.1948285941095893
-4.247848126850109,0.4936658881055478,0.05289321959082355,-0.12783578174353927,0.024926721688120233,fourcade gegenwind,2.1948285941095893
-4.270162244444916,0.5104121274940441,0.07109091720764232,-0.12747422327979546,0.02702591494462544,Kapriolen,2.168639657911231
-4.270162244444916,0.5104121274940441,0.07109091720764232,-0.12747422327979546,0.02702591494462544,für kapriole+n,2.168639657911231
-4.286158617781222,0.5223957020079786,0.08431867616447464,-0.12716455850623548,0.02852827994683651,Skijäger-Kosmos,2.1498883349465556
-4.286158617781222,0.5223957020079786,0.08431867616447464,-0.12716455850623548,0.02852827994683651,kapriole+n ski+jäger+-+kosmos,2.1498883349465556
-4.2959265994974185,0.5298308930418016,0.09270057435242185,-0.12668651319754604,0.029347168422370097,ski+jäger+-+kosmos zeig+t,2.13838020114511
-1.3050744326174666,-1.5873757876209358,-0.85264320112438,0.4153350902101565,-0.09944767424605566,seit,5.695701053267641
-4.295433989834098,0.5296430386831164,0.09264487253585102,-0.12627518623390455,0.029146996603923774,zeig+t seit,2.138860448571145
-4.2946280933145395,0.5291204339779612,0.09214333728350171,-0.1260863947672864,0.02899591394137046,Längerem,2.1397610764704407
-4.2946280933145395,0.5291204339779612,0.09214333728350171,-0.1260863947672864,0.02899591394137046,seit lang+er+em,2.1397610764704407
-4.29034676772204,0.526114290697574,0.08906123974369828,-0.12558004578445597,0.028374623180700352,lang+er+em französisch+e,2.1446686076341708
-4.28157127360212,0.5197021604217442,0.08235469769479337,-0.12502605924680976,0.027279937435758274,französisch+e verband,2.154862943024485
-4.272590928449367,0.5130207425608417,0.07537184595750729,-0.12463742831388828,0.026228315275417073,zuständig,2.1653615432865947
-4.272590928449367,0.5130207425608417,0.07537184595750729,-0.12463742831388828,0.026228315275417073,verband zuständig,2.1653615432865947
-4.252153900173468,0.49758210476022113,0.05940933498404649,-0.12398102366867682,0.023932321537824187,zuständig der,2.1893879152571394
-4.240733447977524,0.4888527877675328,0.05050907186808895,-0.12367898495187678,0.02268153518172595,Kreditkartenaffäre,2.202874490261202
-4.240733447977524,0.4888527877675328,0.05050907186808895,-0.12367898495187678,0.02268153518172595,der kredit+karte+n+affäre,2.202874490261202
-4.046000374620117,0.3331440357144324,-0.09426419862989041,-0.11995063764113238,0.0028154821021315335,kredit+karte+n+affäre rund,2.437155086008613
-4.168237598227641,0.4320323350605293,-0.00478514203612973,-0.1217518524073349,0.014877094763700659,rund julia,2.2893304954343563
-4.269042914945116,0.5104449928913803,0.07374836232257531,-0.12303358809599792,0.02527532806163576,angebliche,2.169464749229923
-4.269042914945116,0.5104449928913803,0.07374836232257531,-0.12303358809599792,0.02527532806163576,simon angeblich+e,2.169464749229923
-4.297386675323282,0.5319071964137163,0.09670598217001808,-0.1232632294520473,0.028239679780084813,Gewehrsabotage,2.13613496697321
-4.297386675323282,0.5319071964137163,0.09670598217001808,-0.1232632294520473,0.028239679780084813,angeblich+e gewehr+sabotage,2.13613496697321
-4.33059902970451,0.5567592465721221,0.12417768160305903,-0.12338055292949567,0.031708894055940955,Jeanne,2.0972736738434996
-4.33059902970451,0.5567592465721221,0.12417768160305903,-0.12338055292949567,0.031708894055940955,gewehr+sabotage jeanne,2.0972736738434996
-4.338628045070114,0.5627263885828604,0.1309199791737019,-0.12337642540134565,0.03254419651632088,Richard,2.0879066821637586
-4.338628045070114,0.5627263885828604,0.1309199791737019,-0.12337642540134565,0.03254419651632088,jeanne richard,2.0879066821637586
-4.351240518379199,0.5720739783388951,0.14159633019289214,-0.12333961005477533,0.03385211679474525,Frust…,2.0732110594147013
-4.351240518379199,0.5720739783388951,0.14159633019289214,-0.12333961005477533,0.03385211679474525,richard frust…,2.0732110594147013
-4.357900611297586,0.5769989470373957,0.14727735660754993,-0.12330419929276669,0.03454037003920974,+5085,2.065459257944801
-4.357900611297586,0.5769989470373957,0.14727735660754993,-0.12330419929276669,0.03454037003920974,frust… +5085,2.065459257944801
-4.362470999906768,0.580374808776096,0.15119362448542323,-0.12327321915246726,0.035011624886520674,+5085 char+s,2.0601427167510047
-4.5319856675287005,0.7081711292327476,0.3149315271472841,-0.1095260028146816,0.048791070202890176,schwarz-grüne,1.8622076090713051
-4.5319856675287005,0.7081711292327476,0.3149315271472841,-0.1095260028146816,0.048791070202890176,der schwarz+-+grün+e,1.8622076090713051
-4.529010257132266,0.7059579118564369,0.3121503963269553,-0.10946300198462676,0.0484199443991642,Duell,1.8656516774733176
-4.529010257132266,0.7059579118564369,0.3121503963269553,-0.10946300198462676,0.0484199443991642,schwarz+-+grün+e duell,1.8656516774733176
-4.526882419777056,0.7043718770907709,0.31016415661335683,-0.10941790978917205,0.04815482957254239,duell baden-württemberg,1.868116622420898
-4.521082581738382,0.7000351177644275,0.30476154884859374,-0.1092948489713614,0.047433449241563376,baden-württemberg süd+westen,1.874843498640149
-4.29220399813406,0.5161450161793253,0.1048072295095081,-0.10439733800175004,0.02047950020850487,süd+westen steh+t,2.1481539261671174
-4.321676979010755,0.5409460522144536,0.12911728045423604,-0.10502160053623198,0.02378176123336958,spannendsten,2.112245704660261
-4.321676979010755,0.5409460522144536,0.12911728045423604,-0.10502160053623198,0.02378176123336958,steh+t spann+end+st+en,2.112245704660261
-4.329028168610819,0.5470907071885773,0.13524586751855433,-0.10517798867255933,0.024613208330031257,Landtagswahlen,2.103316735204772
-4.329028168610819,0.5470907071885773,0.13524586751855433,-0.10517798867255933,0.024613208330031257,spann+end+st+en land+tag+s+wahl+en,2.103316735204772
-4.325464065801985,0.5441137082374816,0.1322712614015939,-0.10510213511693493,0.024209705862633983,land+tag+s+wahl+en seit,2.107644394409909
-4.317804940133039,0.5377027064605422,0.1258997063747086,-0.10493933037147514,0.02334507148291639,seit jahr+en,2.116953284672104
-4.303525785560923,0.5257025293899953,0.11409643583968887,-0.10463659262404139,0.02174212576870025,Schwarz,2.1343398579495365
-4.303525785560923,0.5257025293899953,0.11409643583968887,-0.10463659262404139,0.02174212576870025,jahr+en schwarz,2.1343398579495365
-4.269558295400694,0.4969210022372237,0.08641019972458963,-0.10392106885571999,0.017976062096827734,Grün,2.1758568024582146
-4.269558295400694,0.4969210022372237,0.08641019972458963,-0.10392106885571999,0.017976062096827734,schwarz grün,2.1758568024582146
-4.249391228937913,0.47968817041954437,0.07023064054858874,-0.10349973659617943,0.01577128344897149,grün manuel,2.2006044701649277
-4.127583048514848,0.3737393984980595,-0.02352528364446027,-0.10102340921061496,0.002939773367677638,hagel cem,2.3514006469083686
-4.055840774463334,0.310195139520427,-0.07569199887430139,-0.09962965279182755,-0.004239536382414089,Frage,2.4410798458661476
-4.055840774463334,0.310195139520427,-0.07569199887430139,-0.09962965279182755,-0.004239536382414089,özdemir frage,2.4410798458661476
-4.195694466877102,0.4333414002172338,0.028072531433400827,-0.10239256911072418,0.010013057868346963,frage ende,2.2668201807190638
-4.22371357722246,0.4576045858264923,0.049904924483877566,-0.1029674895240723,0.012997459917915184,erneut,2.2322126642283244
-4.22371357722246,0.4576045858264923,0.049904924483877566,-0.1029674895240723,0.012997459917915184,ende erneut,2.2322126642283244
-4.26961190926726,0.4969666774476449,0.08645346792265268,-0.10392219261004822,0.01798195436585339,grün-schwarze,2.175791105680105
-4.26961190926726,0.4969666774476449,0.08645346792265268,-0.10392219261004822,0.01798195436585339,erneut grün+-+schwarz+e,2.175791105680105
-4.303552158161965,0.5257247489778429,0.11411814541334281,-0.10463715076896878,0.021745075484878397,Regierung,2.134307708887028
-4.303552158161965,0.5257247489778429,0.11411814541334281,-0.10463715076896878,0.021745075484878397,grün+-+schwarz+e regierung,2.134307708887028
-4.29220399813406,0.5161450161793253,0.1048072295095081,-0.10439733800175004,0.02047950020850487,regierung steh+t,2.1481539261671174
-4.470184257667915,0.661164131318648,0.2580605844819862,-0.10820739285047044,0.04118194414365673,geh+t wirtschaft,1.9343660358305108
-4.449982223413328,0.64536149220066,0.239880023038617,-0.10777333193559772,0.03874075697725741,Energiekosten,1.9582186872133556
-4.449982223413328,0.64536149220066,0.239880023038617,-0.10777333193559772,0.03874075697725741,wirtschaft energie+kosten,1.9582186872133556
-4.403021335292134,0.6078992597839823,0.19839976288305566,-0.1067628981142527,0.033155766436350036,Bürokratieabbau,2.0141159764270395
-4.403021335292134,0.6078992597839823,0.19839976288305566,-0.1067628981142527,0.033155766436350036,energie+kosten bürokratie+abbau,2.0141159764270395
-4.392725299928252,0.5995603738540554,0.18945110281523042,-0.10654152512943364,0.03194817184044973,bürokratie+abbau süd+westen,2.026449814758903
-4.497631649010145,0.6823016166106723,0.28308552329089653,-0.10879525669622951,0.04453533335779284,ge…,1.9021616923036917
-4.500821623200836,0.6847320733432861,0.2860181264606385,-0.10886338351264428,0.04492778323362443,+1327,1.898434709763793
-4.500821623200836,0.6847320733432861,0.2860181264606385,-0.10886338351264428,0.04492778323362443,ge… +1327,1.898434709763793
-4.504285613251333,0.6873649179803588,0.289208327250956,-0.10893730701660377,0.045354579482209174,+1327 chars,1.8943914328767946
-3.614069894629076,0.11433217882160651,1.0998462194771697,-0.10527397036027313,1.5146105950695004,wissenschaft forscher,3.028136550460318
-3.5395516421128908,0.06238247013601472,1.090781032305142,-0.06003145107541345,1.5114213277830435,entschlüsseln,3.1169305007115
-3.5395516421128908,0.06238247013601472,1.090781032305142,-0.06003145107541345,1.5114213277830435,forscher entschlüssel+n,3.1169305007115
-3.367516685625435,-0.06014073282185084,1.0747062604667192,0.0441400339691503,1.5043999906306287,entschlüssel+n mechanismus,3.3236735655984706
-2.5820209050248297,-0.6594975786693489,1.051851169411381,0.48456573669564595,1.4765059026317828,Blitzen,4.293222158410222
-2.5820209050248297,-0.6594975786693489,1.051851169411381,0.48456573669564595,1.4765059026317828,mechanismus blitz+en,4.293222158410222
-2.9373235433925027,-0.33057292178654607,0.9283798226921477,0.11330968870212939,1.4875370307656604,blitz+en bring+t,3.816925451778573
-2.8343454305857727,-0.3781936938511472,0.8195207516067292,0.01759933600958681,1.482557674035889,Wassereis,3.9222119297544484
-2.8343454305857727,-0.3781936938511472,0.8195207516067292,0.01759933600958681,1.482557674035889,bring+t wasser+eis,3.9222119297544484
-2.024914120317134,-0.8970724375453969,0.4542335915299268,-0.09930501176784505,1.4533248548233642,wasser+eis gewitter+wolke+n,4.852952428779663
-3.1420363286654354,-0.1690853696071224,0.842255034701679,-0.13861035544232525,1.492510955471069,regelrecht,3.5566122984994912
-3.1420363286654354,-0.1690853696071224,0.842255034701679,-0.13861035544232525,1.492510955471069,gewitter+wolke+n regelrecht,3.5566122984994912
-3.3205688921447294,-0.05509615083980979,0.9087642263937304,-0.16354664756814158,1.4999839675049567,Kochen,3.351388809793206
-3.3205688921447294,-0.05509615083980979,0.9087642263937304,-0.16354664756814158,1.4999839675049567,regelrecht koch+en,3.351388809793206
-3.1693759200065066,-0.1516011035000404,0.8524564614018931,-0.1418544995132116,1.493630880318182,koch+en wie,3.525160858932921
-4.175946784110165,0.4389966893357593,-0.005279906996793593,-0.13030092995166337,0.018813843797372908,Pochers,2.279723698684098
-4.152374122875086,0.42113151945206195,-0.023452362845119534,-0.13060994686710814,0.016682190526477077,Endlos-Reise,2.30756422911954
-4.152374122875086,0.42113151945206195,-0.023452362845119534,-0.13060994686710814,0.016682190526477077,pocher+s endlos+-+reise,2.30756422911954
-2.700499032957917,-0.6852379583333725,-0.8358420036823359,-0.17427455588597435,-0.0685747295042235,Bali,4.052801951883551
-4.068268097960122,0.3568553759947335,-0.08596510756843762,-0.13109751655613527,0.009058742500326948,endlos+-+reise bali,2.4073293736244255
-4.002103171712864,0.30547488738146455,-0.1328102484708853,-0.13093695255922605,0.0030777513563416195,bali nach,2.4863993132315834
-3.906329644586896,0.2296177338049934,-0.1974604235548401,-0.1302287033920812,-0.005436957232492948,nach stunde+n,2.6018666008157973
-3.6867972390577983,0.05222610925026272,-0.33464295673837174,-0.12953958868951077,-0.023270859248900613,Luft,2.8693834845041235
-4.01068110809774,0.31265311998492207,-0.1288327411811006,-0.1336490305286695,0.0048501347345944745,stunde+n luft,2.4758955066912267
-4.022938397692281,0.32206744329855774,-0.12094307826953016,-0.13457454866264984,0.006280419863622072,luft dreh+te,2.4613020191946196
-4.024790647467917,0.32318149302592647,-0.12114859086653773,-0.13649168677494694,0.007155136545200509,Pilot,2.4592727745115903
-4.024790647467917,0.32318149302592647,-0.12114859086653773,-0.13649168677494694,0.007155136545200509,dreh+te pilot,2.4592727745115903
-3.2352111425941956,-0.28133963653789906,-0.5967952358621258,-0.16012243224065342,-0.04308376876831921,Olli,3.4070734750526226
-3.988512404504849,0.29522456363863214,-0.14787529801033453,-0.13832577496790438,0.004639720777365866,pilot olli,2.502565813083636
-3.3941430275113857,-0.16108441482665237,-0.5123728893869273,-0.15251084970165069,-0.03555841619789388,Pocher,3.215900767092587
-3.3941430275113857,-0.16108441482665237,-0.5123728893869273,-0.15251084970165069,-0.03555841619789388,olli pocher,3.215900767092587
-3.8991200217028994,0.22683541142363883,-0.20974446907416458,-0.14044278012988448,-0.0022115463989159506,erlebte,2.6091364483866637
-3.8991200217028994,0.22683541142363883,-0.20974446907416458,-0.14044278012988448,-0.0022115463989159506,pocher erleb+te,2.6091364483866637
-3.716735351768609,0.08653028020612186,-0.32646542930123035,-0.1432640382640903,-0.01580000542092405,24-Stunden-Odyssee,2.827660635568767
-3.716735351768609,0.08653028020612186,-0.32646542930123035,-0.1432640382640903,-0.01580000542092405,erleb+te 24+-+stunde+n+-+odyssee,2.827660635568767
-4.068268097960122,0.3568553759947335,-0.08596510756843762,-0.13109751655613527,0.009058742500326948,24+-+stunde+n+-+odyssee bali,2.4073293736244255
-3.236244784579504,-0.28142089508584767,-0.602138476341876,-0.1677153903208493,-0.04019074856040311,bali wegen,3.4063515207093333
-2.5787740676773336,-0.7767616214825579,-0.8929960335327102,-0.18968822984563705,-0.06909154810776968,Gewitterproblemen,4.200232628582582
-2.5787740676773336,-0.7767616214825579,-0.8929960335327102,-0.18968822984563705,-0.06909154810776968,wegen gewitter+problem+en,4.200232628582582
-3.7409776985817356,0.10450501688080083,-0.3166484468444909,-0.14945206083180546,-0.011623744544574217,turbulente,2.7989739414695345
-3.7409776985817356,0.10450501688080083,-0.3166484468444909,-0.14945206083180546,-0.011623744544574217,ein turbulent+e,2.7989739414695345
-3.8281698553209225,0.1720705439179071,-0.2586497588838084,-0.14440015611601553,-0.006580139226784895,Reise,2.6941593451934973
-3.8281698553209225,0.1720705439179071,-0.2586497588838084,-0.14440015611601553,-0.006580139226784895,turbulent+e reise,2.6941593451934973
-3.8522619681525003,0.19092965311526422,-0.24052810245215012,-0.14086461708745734,-0.0059321624744469795,reise olli,2.665116474583707
-3.905230366742797,0.23159220093331023,-0.2034912586669599,-0.13755064437739173,-0.0027756935074654127,pocher familie,2.601777493799593
-3.913322613873084,0.23773222730737031,-0.2000311341666237,-0.14001290679516254,-0.0011792036300340147,familie auf,2.592171607999767
-3.452807100000882,-0.07643690044770302,0.031572098700176965,0.5879225310644988,-0.0129461679321147,Weg,3.1522237266222213
-3.892030533754424,0.221037451232724,-0.21588702667770476,-0.1423294723553164,-0.0021046818115102728,auf weg,2.617808288319619
-3.849591096472729,0.18804740395064545,-0.24554534614436682,-0.14506425517861177,-0.004594237657883735,tropische,2.6687812291715396
-3.849591096472729,0.18804740395064545,-0.24554534614436682,-0.14506425517861177,-0.004594237657883735,weg tropisch+e,2.6687812291715396
-3.758664546284953,0.11770480595765243,-0.306030703817889,-0.1496114397732356,-0.010185481204650723,tropisch+e bali,2.777970664086134
-3.6881530192163394,0.06332227723381534,-0.3508116910485646,-0.15271934762572353,-0.014473591970454058,zwang,2.8627027550122053
-3.6881530192163394,0.06332227723381534,-0.3508116910485646,-0.15271934762572353,-0.014473591970454058,bali zwing,2.8627027550122053
-3.433337540808618,-0.13229643593095375,-0.4999821405960762,-0.16274525262506917,-0.02909388864975856,heftiges,3.169392523054834
-3.433337540808618,-0.13229643593095375,-0.4999821405960762,-0.16274525262506917,-0.02909388864975856,zwing heftig+es,3.169392523054834
-2.6204723456755046,-0.7465083765551812,-0.8776659751784338,-0.18967229701331823,-0.06697562193695444,heftig+es gewitter,4.150338997418612
-3.5675417769134072,-0.029582623087971882,-0.42391002697048386,-0.1578623021793632,-0.021492365342698563,Maschine,3.0078549137836403
-3.5675417769134072,-0.029582623087971882,-0.42391002697048386,-0.1578623021793632,-0.021492365342698563,gewitter maschine,3.0078549137836403
-3.7882862841565808,0.14038942033665114,-0.28701820414194373,-0.14862270510224868,-0.008215520792696628,Umkehr,2.7424999537199346
-3.7882862841565808,0.14038942033665114,-0.28701820414194373,-0.14862270510224868,-0.008215520792696628,maschine umkehr,2.7424999537199346
-3.8842232889722195,0.21465363372830626,-0.22211915655825018,-0.14374050875614014,-0.002232822562874555,Geduld,2.6273533959625572
-3.8842232889722195,0.21465363372830626,-0.22211915655825018,-0.14374050875614014,-0.002232822562874555,der geduld,2.6273533959625572
-3.917006641935401,0.24015882756966445,-0.1988384157298102,-0.1415891761987918,-0.0002856628833091124,geduld werd+e,2.5879948825427173
-3.9411843895946554,0.2592493644668725,-0.17984344113192327,-0.137984422328278,0.0004296685196185368,Probe,2.5588249095910442
-3.9411843895946554,0.2592493644668725,-0.17984344113192327,-0.137984422328278,0.0004296685196185368,werd+e probe,2.5588249095910442
-3.9276345416574117,0.248793050048008,-0.18777767673977025,-0.13646997876442907,-0.0012877887523245202,gestellt,2.575013222004431
-3.9276345416574117,0.248793050048008,-0.18777767673977025,-0.13646997876442907,-0.0012877887523245202,probe ge+stell+t,2.575013222004431
-3.962963155390497,0.27570276690187545,-0.16178628671458672,-0.1336286009571811,0.0006741574537759004,Anreise,2.5329409010743653
-3.962963155390497,0.27570276690187545,-0.16178628671458672,-0.1336286009571811,0.0006741574537759004,ge+stell+t anreise,2.5329409010743653
-4.060283968802781,0.350725552403907,-0.09333335466624998,-0.13320613180762336,0.009119639072930556,+304,2.4168452379167342
-4.060283968802781,0.350725552403907,-0.09333335466624998,-0.13320613180762336,0.009119639072930556,anreise +304,2.4168452379167342
-4.085754348860798,0.37017618069310276,-0.07469448693872405,-0.13292273149699574,0.011332963094791364,+304 chars,2.3866062483299237
-2.9638524065755454,-0.5714927868504232,0.23454701475772016,1.2131742351693735,-0.028054233013401982,ibiza blitz,3.830919819752988
-3.3997733551922864,-0.14394014167881908,0.13395738657279027,0.7778060787575406,-0.011153614392955868,donner der,3.2375193509706826
-2.4766428365238977,-0.7535652421179186,-0.24558582311524915,0.7963611344632995,-0.04909436949937779,gestern,4.308431908297092
-3.4466606377768505,-0.09767419281507239,0.10428442828124856,0.6995187535649562,-0.008852271148228563,der gestern,3.1727233279136176
-2.4748847643955867,-0.7506965681581521,-0.28033257108338067,0.7477484590624245,-0.04939580631511531,gestern ganz,4.30660664059237
-2.3832297670678444,-0.8112894757935716,-0.3319697146086168,0.7199180904221014,-0.05277194075073793,schön,4.4124464094402756
-2.3832297670678444,-0.8112894757935716,-0.3319697146086168,0.7199180904221014,-0.05277194075073793,ganz schön,4.4124464094402756
-2.1998685469826924,-0.9355482495902785,-0.4153120436029466,0.6883833003220599,-0.05921433594644021,gekracht,4.626889248412252
-2.1998685469826924,-0.9355482495902785,-0.4153120436029466,0.6883833003220599,-0.05921433594644021,schön ge+krach+t,4.626889248412252
-0.5398365744927451,-2.063378202249731,-0.5796035499530192,1.0477834556963002,-0.09357739332143639,beim,6.605053924890181
-1.437450655705085,-1.4606602429439968,-0.6733663957706105,0.6306372396686643,-0.08260281727812785,ge+krach+t bei,5.528566462086967
-0.20781771062665744,-2.3071994769277624,-0.9553719858615942,0.5967570684750046,-0.11019499909817626,bei gewitter,6.992344896488142
-2.2136391001973372,-0.9451084005313501,-0.24042642531446773,0.9307925241538609,-0.05636365470292953,gewitter ibiza,4.629541321967086
-2.8775100316042175,-0.4740615841495752,-0.16717362397851884,0.6882901769567832,-0.035698817624186585,Riesenböllern,3.8305455080698287
-2.8775100316042175,-0.4740615841495752,-0.16717362397851884,0.6882901769567832,-0.035698817624186585,mit riese+n+böller+n,3.8305455080698287
-3.0638531538855176,-0.34652566169682464,-0.10224528969442512,0.6667778705181711,-0.027758280718797487,plus,3.6114677761690683
-3.0638531538855176,-0.34652566169682464,-0.10224528969442512,0.6667778705181711,-0.027758280718797487,riese+n+böller+n plus,3.6114677761690683
-3.116205935057279,-0.31060755417803265,-0.08373373025338116,0.659546704439983,-0.02545727828098476,Stromausfall,3.54991506465859
-3.116205935057279,-0.31060755417803265,-0.08373373025338116,0.659546704439983,-0.02545727828098476,plus strom+ausfall,3.54991506465859
-3.2296891971136845,-0.23256001699105888,-0.04325511151532044,0.6418152105316802,-0.02035220758518594,strom+ausfall woll+ten,3.4164551808550736
-3.3288684327462956,-0.16157325228764452,-0.02518308537279007,0.598234823992334,-0.01589164110274882,alte,3.297524931268971
-3.3288684327462956,-0.16157325228764452,-0.02518308537279007,0.598234823992334,-0.01589164110274882,eigentlich alt+e,3.297524931268971
-3.3063444021742203,-0.17608418181889918,-0.04118533997657495,0.5911759939270748,-0.01713193491872142,alt+e jahr,3.3230566581649694
-3.2786966385676735,-0.19413675719301904,-0.0595015208308802,0.5842276663671482,-0.018656183620661126,verabschieden,3.3545921276525457
-3.2786966385676735,-0.19413675719301904,-0.0595015208308802,0.5842276663671482,-0.018656183620661126,jahr verabschied+en,3.3545921276525457
-2.635067848044966,-0.6557834206037696,-0.5639963548694078,0.25521107897795475,-0.05579541670699678,aemet warn+stufe,4.107214398526718
-2.338828621075415,-0.871719882470201,-0.6865706546858082,0.2314374455907685,-0.06621045426627287,gelb gewitter,4.462178121002381
-3.2375549301230944,-0.22169542489895688,-0.3041188301249222,0.25910883372620397,-0.030238479168142703,Star…,3.389847922322368
-3.2375549301230944,-0.22169542489895688,-0.3041188301249222,0.25910883372620397,-0.030238479168142703,gewitter star…,3.389847922322368
-3.440389715287887,-0.07527990553346409,-0.2006077942999199,0.26126030638618497,-0.01893941911642444,star… das,3.149628595129007
-3.6006439798628485,0.03972834048445151,-0.11269985792908258,0.26193451331886963,-0.00950881518161574,das gestern,2.9606907440000185
-4.144931643876264,0.42587381363539567,0.20658902658445627,0.21238976437998175,0.02624415084143642,Wette…,2.323915912409686
-4.144931643876264,0.42587381363539567,0.20658902658445627,0.21238976437998175,0.02624415084143642,spanisch+e wette…,2.323915912409686
-4.156290140959788,0.43385983061539735,0.2138941009262631,0.21065991861270433,0.027086154499749833,+493,2.310730956184207
-4.156290140959788,0.43385983061539735,0.2138941009262631,0.21065991861270433,0.027086154499749833,wette… +493,2.310730956184207
-4.16299150036447,0.4385718756312804,0.21819382488708378,0.20958734968777792,0.027584094338882294,+493 char+s,2.302951922194357
-4.348134869879306,0.562979404961574,0.1512973627555273,-0.10558556200263812,0.026788828783908265,Glückssache,2.080162890082027
-4.510256226034121,0.6918871444892194,0.29472092352902257,-0.109064579382722,0.04609176307747837,glück+s+sache 2025,1.8874318602819318
-1.5649166392983789,-1.48023723162104,-0.1673678880446,1.2924901886611824,-0.08006459732152432,weniger,5.457736246601286
-4.507905776530132,0.6901092851104882,0.292548683740696,-0.10901449857684319,0.04580132282837874,2025 weniger,1.8901701876555714
-2.7839175773916396,-0.7340601895544161,-0.756335386650173,-0.11381500131621565,-0.08626350739272465,Schäden,4.010555470777351
-4.503733193475268,0.6869454934618819,0.2886991731412777,-0.10892552204697974,0.04528647188915467,weniger schaden,1.8950359643355954
-4.320351727790365,0.5398365028578671,0.128015213559675,-0.1049934344125656,0.023632201751529726,schaden wetter+extrem+e,2.1138565839414767
-4.494847607149243,0.6801758768938653,0.28053020936556294,-0.10873576113609675,0.04419328316351554,wetter+extrem+e wetter+extrem+e,1.9054171623644076
-4.085992854251296,0.33698357136997603,-0.054033351128387946,-0.10020904702252899,-0.001255444523607381,wetter+extrem+e stark+reg+en,2.4033232520135703
-3.8319331000922374,0.10885733337063175,-0.22527002355073444,-0.09564045037852613,-0.024975543497820815,stark+reg+en überschwemmung+en,2.7236922166286215
-4.013181118007021,0.2721228782626175,-0.10569298185855891,-0.09882637219824976,-0.008380843960574001,überschwemmung+en sturm,2.494643899687086
-3.6631834508239307,-0.044122575040552725,-0.3262091061942597,-0.09301517596534593,-0.03909131443491354,sturm hagel,2.9383499266552793
-4.256969364419531,0.4861756802048851,0.07628799951753873,-0.10365773285137857,0.016597052651508785,hagel 2025,2.1912968708134426
-4.195694466877102,0.4333414002172338,0.028072531433400827,-0.10239256911072418,0.010013057868346963,2025 deutlich,2.2668201807190638
-4.297469535465958,0.5205946137241555,0.10911983115722296,-0.10450852068766207,0.02106580637246009,deutlich weniger,2.141726208902286
-4.26961190926726,0.4969666774476449,0.08645346792265268,-0.10392219261004822,0.01798195436585339,versicherte,2.175791105680105
-4.26961190926726,0.4969666774476449,0.08645346792265268,-0.10392219261004822,0.01798195436585339,weniger versicher+te,2.175791105680105
-4.341894930579196,0.5578037449833511,0.1460357037071504,-0.10545229108961356,0.026075989570787043,versicher+te schaden,2.087715869573745
-1.5278401411303006,-1.4107524455852403,-0.3773851643367671,1.0183084165955043,-0.07591479527879458,Vorjahr,5.441974472834698
-4.33976953086045,0.5560378640775698,0.144247841797776,-0.1054069324388029,0.025833700956382787,verursach+t vorjahr,2.0902904507131965
-4.505362787949217,0.6881822709524412,0.2902015703301387,-0.10896028233073395,0.04548743213666987,Aktuell,1.8931349436230134
-4.372446199399063,0.5830147565863562,0.17197845773980963,-0.10610609152356469,0.02958755087335501,aktuell schaden,2.0508195461624235
-4.244330871699269,0.4753483038829365,0.06620074694577183,-0.10339446009726123,0.015221686180378675,Höhe,2.206825070333992
-4.244330871699269,0.4753483038829365,0.06620074694577183,-0.10339446009726123,0.015221686180378675,schaden höhe,2.206825070333992
-4.023086841689157,0.28097965393518765,-0.09879271627945516,-0.09901114581756675,-0.0074275381970594495,"2,6",2.482191905734878
-4.234197957815509,0.4666398794859221,0.058167101440030844,-0.1031842148050122,0.014125529141054007,"höhe 2,6",2.2192939404312133
-3.3358029853881317,-0.25685507638794225,-0.5183880248719105,-0.11924138705624528,-0.051912307996451273,Milliarden,3.3128692862512183
-4.11004205437398,0.35826701680718,-0.03648293278218448,-0.1006778484496992,0.0011591134778899392,"2,6 milliarde+n",2.3732760152802266
-3.5888778047287553,-0.11149636792912432,-0.3678142152587322,-0.09196290949785606,-0.04493787391958813,Euro,3.0331205041732883
-3.5888778047287553,-0.11149636792912432,-0.3678142152587322,-0.09196290949785606,-0.04493787391958813,milliarde+n euro,3.0331205041732883
-4.133657830007234,0.37908700693357633,-0.01900665565899995,-0.10114378049943133,0.0035603217734603704,Naturgefahren,2.3438331329357243
-4.298075225395235,0.521105938335406,0.10961675517005776,-0.10452132006033495,0.021133350723413567,euro natur+gefahr+en,2.1409871750675062
-4.3869254203871195,0.5948444276027678,0.18443322433382753,-0.1064168999572394,0.03127060695417928,gerechnet,2.033409353877451
-4.3869254203871195,0.5948444276027678,0.18443322433382753,-0.1064168999572394,0.03127060695417928,natur+gefahr+en ge+rechn+et,2.033409353877451
-4.218017378506967,0.4526854359713932,0.04543732731841843,-0.10285009857283749,0.012387173329035724,ge+rechn+et rund,2.239238668247129
-3.756805868822422,0.040791086969457435,-0.2713642200435867,-0.09443093941631024,-0.03140946265695155,drei,2.8191372409456665
-3.955897155885549,0.22074041098608732,-0.14483162139653907,-0.09777910092817023,-0.013796999093459134,rund drei,2.5668049688965544
-4.240330757049669,0.4719134001283354,0.06302364412942713,-0.10331137226216024,0.014788267793610928,drei milliarde+n,2.2117453355641885
-4.435551838873677,0.6339543579142881,0.22701749350790573,-0.10746289499387597,0.03701116667690205,we…,1.9753301313338203
-4.435551838873677,0.6339543579142881,0.22701749350790573,-0.10746289499387597,0.03701116667690205,euro we…,1.9753301313338203
-4.445603208237091,0.6419101431468542,0.23596587394797308,-0.10767915037350044,0.03821464785565357,we… kopier+e,1.963404966021303
-4.482968627126292,0.6710587893451442,0.26967023306767535,-0.10848154290306931,0.04273865058423915,hin+zu+füg+en wetter+extrem+e,1.9193360527711123
-4.505362787949217,0.6881822709524412,0.2902015703301387,-0.10896028233073395,0.04548743213666987,Aktuel…,1.8931349436230134
-4.509800366335799,0.6915425815902391,0.29429941403982185,-0.10905486876271629,0.04603540976971316,+1271,1.8879627998122714
-4.509800366335799,0.6915425815902391,0.29429941403982185,-0.10905486876271629,0.04603540976971316,aktuel… +1271,1.8879627998122714
-4.512437337753262,0.6935341027907769,0.2967390994975204,-0.10911102502670396,0.046361549124256475,+1271 chars,1.884892506362629
-4.008364416368194,0.2968489089278641,0.3246764962116383,0.5331496877770295,0.02182676254087982,Ordnungsamt,2.5108831272154006
-3.967321719279154,0.26283764620231564,0.32267941737060746,0.571453817368881,0.019519158846082206,vergisst,2.562605926686597
-3.967321719279154,0.26283764620231564,0.32267941737060746,0.571453817368881,0.019519158846082206,ordnung+s+amt vergess+st,2.562605926686597
-3.929170135869534,0.23084784786066126,0.3213627711098427,0.6070084315598661,0.017405247983514803,Aufladen,2.610925001574204
-3.929170135869534,0.23084784786066126,0.3213627711098427,0.6070084315598661,0.017405247983514803,vergess+st auf+lad+en,2.610925001574204
-3.8555068636050507,0.1681213523755587,0.31989231726109335,0.6750022137191491,0.013396226494721199,Akkus,2.7048190828129797
-3.8555068636050507,0.1681213523755587,0.31989231726109335,0.6750022137191491,0.013396226494721199,auf+lad+en akku+s,2.7048190828129797
-3.7908466164874,0.11214934166531743,0.31927860404778097,0.7333431801819099,0.009944338386978037,Strom-Panne,2.787792356114748
-3.7908466164874,0.11214934166531743,0.31927860404778097,0.7333431801819099,0.009944338386978037,akku+s strom+-+panne,2.787792356114748
-3.625778764893124,-0.0333498786362072,0.31788781541683264,0.8732250660273386,0.0013770116299556961,strom+-+panne bei,3.001152479152224
-3.491641982063792,-0.15283387812114646,0.3151784738145109,0.9754962876728004,-0.005329014208984267,Alles-Blitzer,3.175265042580546
-3.491641982063792,-0.15283387812114646,0.3151784738145109,0.9754962876728004,-0.005329014208984267,bei all+es+-+blitzer,3.175265042580546
-2.300754611619273,-0.8953690108410868,-0.1825580854458217,0.9727942458348325,-0.050301300261387516,Lübeck,4.533870365387916
-3.599513241651844,-0.04249978175046221,0.2909650801628182,0.854612064636905,0.00012332229125328054,all+es+-+blitzer lübeck,3.0264067457158026
-3.67540336922856,0.031544482219736825,0.273794431117822,0.7661822332009713,0.003864270732660463,lübeck der,2.923596424128595
-3.701556322883194,0.05819239242614627,0.2632370814310161,0.7281850548761969,0.005110711178122021,Radarfalle,2.8873415585746103
-3.701556322883194,0.05819239242614627,0.2632370814310161,0.7281850548761969,0.005110711178122021,der radar+fall+e,2.8873415585746103
-3.7391960765106607,0.10060740299701343,0.23213380833503472,0.6493228410992099,0.006704214102540927,radar+fall+e blitz+t,2.832209477996555
-2.8146731545929966,-0.5366225281979653,-0.08617839376920994,0.8418216926130446,-0.03396648299855065,Autos,3.9205003534783267
-3.7459802358472265,0.11251280847064793,0.21047894897487335,0.6112772728439073,0.00677677685998921,blitz+t auto+s,2.819198589704513
-2.05870314974234,-1.089601795733401,-0.14179566073988964,1.1393163767593837,-0.05603066120307765,Radfahrer,4.840934098990409
-3.7427691765327102,0.1160087289669054,0.18682438007016494,0.5791402729548061,0.006289115980578894,auto+s rad+fahrer,2.818791520700282
-2.879223231941256,-0.5036991993362792,-0.027188987361264322,0.8887423518301961,-0.03101724776048925,Fußgänger,3.852390363131036
-3.7187638528376787,0.1063333358654277,0.14380847008540648,0.5367617737137532,0.004450304584006623,rad+fahrer fußgänger,2.841543334839881
-1.1249572803217598,-1.6673623039530718,-0.6179468579948431,0.8171072043117142,-0.08873140244626937,Doch,5.902406553915469
-3.5958152877909,0.029411476110847712,0.030355677941740045,0.474394507729161,-0.0032959566495687487,doch geb,2.9780926172051796
-3.5077206663701124,-0.030082282787189163,-0.03182630636337805,0.45447703805271544,-0.008384760241967715,geb zwei,3.079297932403114
-2.791591656725028,-0.5298457702139165,-0.3874603468950956,0.42188759210309357,-0.04458638692309613,Tage,3.919805967663998
-3.4139905770206704,-0.09464496907637643,-0.09141811323024435,0.43995952746227046,-0.013542791610994948,zwei tag+e,3.1880427071551085
-3.0236568415882146,-0.3690351713159785,-0.30163392903719016,0.40560862674620124,-0.03287828868676779,Foto-Gewitter,3.6463668665455207
-3.0236568415882146,-0.3690351713159785,-0.30163392903719016,0.40560862674620124,-0.03287828868676779,tag+e foto+-+gewitter,3.6463668665455207
-3.5077206663701124,-0.030082282787189163,-0.03182630636337805,0.45447703805271544,-0.008384760241967715,fotografiert,3.079297932403114
-3.5077206663701124,-0.030082282787189163,-0.03182630636337805,0.45447703805271544,-0.008384760241967715,lübeck fotografier+t,3.079297932403114
-3.647483474615568,0.06326699520049761,0.0716453705191174,0.4918590669269774,-0.0001698981041563935,fotografier+t auto+s,2.9195579766061464
-3.703782788501707,0.09801627974983385,0.12569600878181392,0.5231278331333087,0.0034288651095714107,lichtet,2.8573970850148456
-3.7302562517410167,0.1120028972885132,0.16046148859710269,0.5512452380250941,0.005275338670742424,licht+et rad+fahrer,2.829899897246778
-3.7459802358472265,0.11251280847064793,0.21047894897487335,0.6112772728439073,0.00677677685998921,Sogar,2.819198589704513
-3.74084389007173,0.10289266093838889,0.22914185894175554,0.6434398181387356,0.006752285586334533,sogar fußgänger,2.82948608936722
-3.4687213880734786,-0.16559038658535297,0.30243433101488026,0.9740740142352181,-0.0063419710424985065,ALLES-Blitzer,3.2003834794271073
-3.4687213880734786,-0.16559038658535297,0.30243433101488026,0.9740740142352181,-0.0063419710424985065,fußgänger all+es+-+blitzer,3.2003834794271073
-3.695753980420289,0.028668102712313237,0.31862765265126847,0.815725626940873,0.004967229534752246,Hansestadt,2.9105080609917517
-3.695753980420289,0.028668102712313237,0.31862765265126847,0.815725626940873,0.004967229534752246,all+es+-+blitzer hansestadt,2.9105080609917517
-3.8176043754199767,0.13540367328145142,0.31948800564542057,0.7093941735000293,0.011365809701504949,sicher,2.753401185941065
-3.8176043754199767,0.13540367328145142,0.31948800564542057,0.7093941735000293,0.011365809701504949,hansestadt sicher,2.753401185941065
-3.8792434938007645,0.1842445763215097,0.33127041572746485,0.6698006006081313,0.014743206357097922,passierte,2.6772655038124196
-3.8792434938007645,0.1842445763215097,0.33127041572746485,0.6698006006081313,0.014743206357097922,doch passier+te,2.6772655038124196
-3.788281495717013,0.09490393853919987,0.35148962996028255,0.7840334922167622,0.009836310168479405,Unglaubliche,2.800620983636312
-3.788281495717013,0.09490393853919987,0.35148962996028255,0.7840334922167622,0.009836310168479405,passier+te un+glaublich+e,2.800620983636312
-3.4974716033219915,-0.17910260473197637,0.36128756788657945,1.0393962098241405,-0.0056155345667813494,un+glaublich+e der,3.18653689590117
-3.1977707383790333,-0.4510977273078276,0.34627676389663253,1.2285768846310006,-0.020171085254696408,Blitzer,3.578166688018226
-3.1977707383790333,-0.4510977273078276,0.34627676389663253,1.2285768846310006,-0.020171085254696408,der blitzer,3.578166688018226
-3.6461286135938074,-0.04597826935962712,0.3702904732321829,0.9347795938319412,0.002067857129713538,blitzer mach+te,2.993534226572339
-3.781198866329436,0.07787720184827407,0.3718188311409617,0.8210054670710135,0.009391932710011909,mach+te plötzlich,2.8164681713181543
-3.9092922192486834,0.1945336548833192,0.36991601399346563,0.6994571150457735,0.016549848432514412,+2040,2.648946079404147
-3.9092922192486834,0.1945336548833192,0.36991601399346563,0.6994571150457735,0.016549848432514412,plötzlich +2040,2.648946079404147
-3.946947727543711,0.2284127890979748,0.368862183701649,0.6612672959951635,0.018687425221423727,+2040 chars,2.5999210481184423
-4.480922959421121,0.6694811933195349,0.2678070953745467,-0.10843771054697525,0.042488942565979966,Weniger,1.9217375914246615
-4.480922959421121,0.6694811933195349,0.2678070953745467,-0.10843771054697525,0.042488942565979966,glück+s+sache wenig+er,1.9217375914246615
-4.471522268771552,0.6622036275327293,0.2592718551339396,-0.10823610836408483,0.041344439780752786,Unwetterschäden,1.9327906087117683
-4.471522268771552,0.6622036275327293,0.2592718551339396,-0.10823610836408483,0.041344439780752786,wenig+er unwetter+schaden,1.9327906087117683
-4.435551838873677,0.6339543579142881,0.22701749350790573,-0.10746289499387597,0.03701116667690205,unwetter+schaden deutschland,1.9753301313338203
-4.3869254203871195,0.5948444276027678,0.18443322433382753,-0.1064168999572394,0.03127060695417928,deutschland sturm,2.033409353877451
-3.933894305639569,0.20094029417465276,-0.15952563909598613,-0.0973866357857918,-0.01583431855189544,Hochwasser,2.594584957992604
-4.294248931179466,0.5178740070549868,0.10648050660949637,-0.10444049819720434,0.02070701004198152,hagel hochwasser,2.1456570184482127
-4.440815797195014,0.6381266522971342,0.23169756345858872,-0.10757616003303634,0.0376407193332834,hochwasser ende,1.9690812635432131
-4.452036253053954,0.646977262753544,0.24171927804245663,-0.10781749984996196,0.038987909588311755,gehenden,1.9557879277146042
-4.452036253053954,0.646977262753544,0.24171927804245663,-0.10781749984996196,0.038987909588311755,ende geh+end+en,1.9557879277146042
-4.467378103915426,0.6589811091232414,0.255523120256433,-0.10814715355654338,0.040841475723096134,geh+end+en jahr,1.9376719023734585
-4.4798592470905625,0.66866000672222,0.26683911445062203,-0.10841491280171663,0.04235919099599431,geringere,1.9229868754525183
-4.4798592470905625,0.66866000672222,0.26683911445062203,-0.10841491280171663,0.04235919099599431,jahr gering+er+e,1.9229868754525183
-4.489380717641118,0.6759894248872337,0.27552361057162245,-0.10861883545784982,0.043522864880238606,gering+er+e schaden,1.9118171723322819
-4.495564692053379,0.6807238077543889,0.2811880146671737,-0.10875108868993764,0.04428134394550568,angerichtet,1.9045784073791556
-4.495564692053379,0.6807238077543889,0.2811880146671737,-0.10875108868993764,0.04428134394550568,schaden an+ge+richt+et,1.9045784073791556
-3.025057387169618,-0.28978307465170516,0.7334304805134736,-0.22494355488420392,1.4670316934462473,2024,3.7096016704939867
-4.505362787949217,0.6881822709524412,0.2902015703301387,-0.10896028233073395,0.04548743213666987,an+ge+richt+et 2024,1.8931349436230134
-4.512437337753262,0.6935341027907769,0.2967390994975204,-0.10911102502670396,0.046361549124256475,Versicherungsbranche,1.884892506362629
-4.512437337753262,0.6935341027907769,0.2967390994975204,-0.10911102502670396,0.046361549124256475,doch versicherung+s+branche,1.884892506362629
-4.520138218605682,0.699327098870681,0.3038834287106532,-0.10927479101143377,0.04731616244147694,versicherung+s+branche seh+t,1.8759399327560922
-4.521994714684953,0.7007184745063815,0.3056101155581329,-0.10931421703272041,0.04754677909142078,darin,1.8737847826811325
-4.521994714684953,0.7007184745063815,0.3056101155581329,-0.10931421703272041,0.04754677909142078,seh+t darin,1.8737847826811325
-4.525616033030895,0.7034266578287272,0.3089830958299129,-0.1093910585013002,0.047997161904476233,dauerhaften,1.869584407604795
-4.525616033030895,0.7034266578287272,0.3089830958299129,-0.1093910585013002,0.047997161904476233,darin dauerhaft+en,1.869584407604795
-4.528553179476052,0.7056174474163917,0.31172354788688994,-0.1094533184145041,0.04836297488408612,Effekt,1.8661810319064047
-4.528553179476052,0.7056174474163917,0.31172354788688994,-0.1094533184145041,0.04836297488408612,dauerhaft+en effekt,1.8661810319064047
-4.398167441884448,0.6039733450185758,0.19417455180402327,-0.10665851624074467,0.03258570614916418,Gesamtverband,2.0199272017504475
-4.398167441884448,0.6039733450185758,0.19417455180402327,-0.10665851624074467,0.03258570614916418,der gesamtverband,2.0199272017504475
-4.404693135209011,0.609249218346813,0.19985772189422085,-0.10679885665582532,0.03335242286516992,gesamtverband deutsch+en,2.012115849106414
-4.407929284042988,0.6118591000787212,0.20268385536668687,-0.10686847125603748,0.033733552501431154,Versicherungswirtschaft,2.0082462059275037
-4.407929284042988,0.6118591000787212,0.20268385536668687,-0.10686847125603748,0.033733552501431154,deutsch+en versicherung+s+wirtschaft,2.0082462059275037
-4.022422928241788,0.28038633598638274,-0.09925643370846671,-0.09899872829206806,-0.007491588125233699,GDV,2.483026218510705
-4.406664730027671,0.6108397808218653,0.20157890268705086,-0.10684126744795681,0.033584551070364975,versicherung+s+wirtschaft gdv,2.0097579793927176
-4.405028210965602,0.6095196500209614,0.2001501039538675,-0.10680606414338671,0.03339185767561891,beziffert,2.011715054201138
-4.405028210965602,0.6095196500209614,0.2001501039538675,-0.10680606414338671,0.03339185767561891,gdv beziffer+t,2.011715054201138
-4.532184416920907,0.7083187750650158,0.31511745365381605,-0.10953020886395957,0.0488158773637511,versichert…,1.8619776684534872
-4.532184416920907,0.7083187750650158,0.31511745365381605,-0.10953020886395957,0.0488158773637511,beziffer+t versichert…,1.8619776684534872
-4.5303315226218235,0.7069413776215467,0.3133848544697887,-0.10949098592756694,0.04858468833282421,versichert… der,1.8641219051054803
-4.50317119566127,0.6865186218280575,0.2881813456619817,-0.10891353117786871,0.04521720065081281,versicherten,1.8956917762751204
-4.50317119566127,0.6865186218280575,0.2881813456619817,-0.10891353117786871,0.04521720065081281,beziffer+t versicher+t+en,1.8956917762751204
-4.494847607149243,0.6801758768938653,0.28053020936556294,-0.10873576113609675,0.04419328316351554,versicher+t+en schaden,1.9054171623644076
-4.484912823141437,0.6725560958273826,0.2714428733794997,-0.10852318729834552,0.04297618863644854,schaden natur+gefahr+en,1.9170548745768459
-4.452036253053954,0.646977262753544,0.24171927804245663,-0.10781749984996196,0.038987909588311755,natur+gefahr+en jahr,1.9557879277146042
-4.429726049210069,0.629322109652216,0.22185392188763237,-0.10733752301865272,0.036316262727303074,"jahr 2,6",1.9822550310898146
-4.218017378506967,0.4526854359713932,0.04543732731841843,-0.10285009857283749,0.012387173329035724,euro rund,2.239238668247129
-4.435551838873677,0.6339543579142881,0.22701749350790573,-0.10746289499387597,0.03701116667690205,euro wenig+er,1.9753301313338203
-4.461173496052817,0.6541403471500424,0.24992646314568012,-0.10801389200057253,0.040090249249487155,wenig+er 2024,1.9449899402732358
-4.472819833300544,0.6632108342043027,0.2604473579021711,-0.10826395108858826,0.04150211935846163,+2025,1.9312633339825602
-4.472819833300544,0.6632108342043027,0.2604473579021711,-0.10826395108858826,0.04150211935846163,2024 +2025,1.9312633339825602
-4.4798592470905625,0.66866000672222,0.26683911445062203,-0.10841491280171663,0.04235919099599431,+2025 chars,1.9229868754525183
-4.522585791183156,0.7011610384093204,0.3061602183306058,-0.10932676501122864,0.04762024270087168,Naturgefahrenbilanz,1.873098874739863
-4.515996797076358,0.6962159844875463,0.3000376866291429,-0.10918676378703317,0.04680238378991195,natur+gefahr+en+bilanz 2025,1.8807519350648092
-4.513672950397506,0.6944659048949122,0.2978834476114325,-0.10913732488034926,0.04651449988371748,2025 gdv,1.883454673303544
-4.512013681016536,0.6932144123815702,0.2963469078615858,-0.10910200555530412,0.046309125823215454,registriert,1.885385619829918
-4.512013681016536,0.6932144123815702,0.2963469078615858,-0.10910200555530412,0.046309125823215454,gdv registrier+t,1.885385619829918
-4.5064047558560185,0.688972289293987,0.291162894434859,-0.10898250105274969,0.045616003245344074,registrier+t deutlich,1.8919198950335323
-4.501424864144832,0.6851910533605341,0.2865732621398126,-0.10887626123753831,0.04500206068678187,deutlich wenig+er,1.897730298977303
-4.496267414338089,0.6812604919875297,0.28183289120465393,-0.10876610704118082,0.04436766854593192,wenig+er schaden,1.9037566163201465
-4.128080730757661,0.3741777199580423,-0.023155695731796183,-0.10103325738281675,0.0029905372499973576,überschwemmung+en sowie,2.350780506797597
-4.0359247597438035,0.2924439459108288,-0.08979072878211161,-0.09925219846586182,-0.006184585865977553,Sturm-,2.466066538044204
-4.0359247597438035,0.2924439459108288,-0.08979072878211161,-0.09925219846586182,-0.006184585865977553,sowie sturm+-,2.466066538044204
-3.955897155885549,0.22074041098608732,-0.14483162139653907,-0.09777910092817023,-0.013796999093459134,Hagelereignisse,2.5668049688965544
-3.955897155885549,0.22074041098608732,-0.14483162139653907,-0.09777910092817023,-0.013796999093459134,sturm+- hagel+ereignis+se,2.5668049688965544
-4.445603208237091,0.6419101431468542,0.23596587394797308,-0.10767915037350044,0.03821464785565357,hagel+ereignis+se jahr,1.963404966021303
-2.2900572626049747,-0.9498877308601452,-0.061568346025031695,1.1471468816362662,-0.05339643951175804,jahr 2025,4.577383933866371
-4.4643820367036735,0.6566459958999075,0.2528182358024623,-0.10808281563352572,0.040478454311847996,insgesamt,1.9412041611605062
-4.4643820367036735,0.6566459958999075,0.2528182358024623,-0.10808281563352572,0.040478454311847996,2025 insgesamt,1.9412041611605062
-4.477643770969423,0.6669477711330843,0.2648248246482803,-0.10836741815692717,0.042089150386360664,unterdurchschnittliche,1.9255900036734683
-4.477643770969423,0.6669477711330843,0.2648248246482803,-0.10836741815692717,0.042089150386360664,insgesamt unterdurchschnittlich+e,1.9255900036734683
-4.496267414338089,0.6812604919875297,0.28183289120465393,-0.10876610704118082,0.04436766854593192,unterdurchschnittlich+e schaden,1.9037566163201465
-4.510705324092105,0.6922264807946998,0.29513628100368405,-0.10907414485276466,0.04614729163546517,längerfristige,1.8869088655749375
-4.510705324092105,0.6922264807946998,0.29513628100368405,-0.10907414485276466,0.04614729163546517,der längerfristig+e,1.8869088655749375
-4.516731219238918,0.6967684249759183,0.30071905902551044,-0.10920238172217554,0.04689342704865843,Trend,1.879898158582423
-4.516731219238918,0.6967684249759183,0.30071905902551044,-0.10920238172217554,0.04689342704865843,längerfristig+e trend,1.879898158582423
-4.518825537197722,0.6983420712352685,0.3026635542171813,-0.10924690087066068,0.04715321216048055,weist,1.877464515384431
-4.518825537197722,0.6983420712352685,0.3026635542171813,-0.10924690087066068,0.04715321216048055,trend weis+t,1.877464515384431
-4.520771468170295,0.6998019239756758,0.3044722101547511,-0.1092882416404828,0.04739480461210955,weis+t jedoch,1.8752046762611951
-4.524282740089957,0.7024304670478786,0.30774048704564017,-0.10936277705736193,0.04783125792578081,jedoch oben,1.8711303562801076
-4.525874479796702,0.7036196378692214,0.30922406521281076,-0.10939653923902719,0.04802933200627955,berichtet,1.869284812609414
-4.525874479796702,0.7036196378692214,0.30922406521281076,-0.10939653923902719,0.04802933200627955,oben bericht+et,1.869284812609414
-4.529235591885175,0.7061257111542079,0.31236086605412405,-0.10946777535657483,0.048448033946982556,bericht+et gdv,1.8653907385903241
-4.531173200699968,0.7075673190128882,0.31417168005348184,-0.10950880598707048,0.04868968318056594,der verband,1.8631477309447302
-4.40118931770555,0.606418615292617,0.1968036643565721,-0.10672349734442053,0.032940447888417955,rechnet,2.016308613501704
-4.532770578694219,0.7087540797351963,0.31566591012553,-0.10954261190359828,0.0488890522514407,verband rechn+et,1.861299599244918
-4.534263725805981,0.7098619979782623,0.3170637690642789,-0.10957419527584326,0.04907553608881097,aktuell,1.8595728968768195
-4.534263725805981,0.7098619979782623,0.3170637690642789,-0.10957419527584326,0.04907553608881097,rechn+et aktuell,1.8595728968768195
-4.5303315226218235,0.7069413776215467,0.3133848544697887,-0.10949098592756694,0.04858468833282421,"2,6 der",1.8641219051054803
-4.532962682493443,0.7088966973748225,0.3158456932885204,-0.10954667623356983,0.048913037995153404,der gdv,1.8610774015585867
-4.532770578694219,0.7087540797351963,0.31566591012553,-0.10954261190359828,0.0488890522514407,gdv rechn+et,1.861299599244918
-4.5296800180850205,0.706456570852688,0.31277604699024364,-0.10947718881113176,0.04850344278540054,rechn+et 2025,1.8648761440927082
-4.536331405801472,0.711393968014859,0.31900129648664033,-0.10961790419296501,0.04933397240977117,2025 schaden,1.8571831347058163
-4.499581473790197,0.6837878643344026,0.28487743673895394,-0.10883690387943652,0.04477514584660481,PublicDomainPictures,1.8998832268100627
-4.499581473790197,0.6837878643344026,0.28487743673895394,-0.10883690387943652,0.04477514584660481,bild+quelle publicdomainpicture+s,1.8998832268100627
-4.478766630750973,0.6678158936833135,0.26584541423324104,-0.10839149165292254,0.0422259795493786,Pixabay,1.9242704785009481
-4.478766630750973,0.6678158936833135,0.26584541423324104,-0.10839149165292254,0.0422259795493786,publicdomainpicture+s pixabay,1.9242704785009481
-4.468803643280973,0.660090589381399,0.2568116762668001,-0.1081777579625292,0.04101437996183364,pixabay stark+reg+en,1.9359922042842648
-4.419688407013688,0.6213056136712642,0.21299669694172846,-0.10712149887879897,0.03512351605519257,ha…,1.994208363166694
-4.419688407013688,0.6213056136712642,0.21299669694172846,-0.10712149887879897,0.03512351605519257,hagel+ereignis+se ha…,1.994208363166694
-4.435551838873677,0.6339543579142881,0.22701749350790573,-0.10746289499387597,0.03701116667690205,+1492,1.9753301313338203
-4.435551838873677,0.6339543579142881,0.22701749350790573,-0.10746289499387597,0.03701116667690205,ha… +1492,1.9753301313338203
-4.449982223413328,0.64536149220066,0.239880023038617,-0.10777333193559772,0.03874075697725741,+1492 chars,1.9582186872133556
-3.7576786487384397,0.11238654871959497,-0.31137536042768,-0.155275654073131,-0.008186742319092173,MSI,2.781583667532102
-4.364665487377302,0.5772547193102744,0.147370982761732,-0.12947855763604466,0.03746090290272235,wetter+vorhersage msi,2.060076796892546
-4.360943273429433,0.5744367466572529,0.14404525084524317,-0.12966255219801548,0.037134756648745944,Lightning-Grafikkartenserie,2.0644431970348784
-4.360943273429433,0.5744367466572529,0.14404525084524317,-0.12966255219801548,0.037134756648745944,msi lightning-grafikkartenseri+e,2.0644431970348784
-4.337229183862553,0.5564632579763842,0.123032218564544,-0.13082483326158145,0.03507218553243029,lightning-grafikkartenseri+e kehr+t,2.0922859532471523
-4.331393459811903,0.5520350779900465,0.11790713108293521,-0.13110826951898114,0.03456863741039524,kehr+t zurück,2.0991440429174233
-4.364665487377302,0.5772547193102744,0.147370982761732,-0.12947855763604466,0.03746090290272235,zurück msi,2.060076796892546
-3.98014915595378,0.2832875041512122,-0.16067036441284516,-0.14662539745780495,0.006940041122693856,heimlich,2.51547342504803
-3.98014915595378,0.2832875041512122,-0.16067036441284516,-0.14662539745780495,0.006940041122693856,msi heimlich,2.51547342504803
-3.9448382420938506,0.2561562966868358,-0.1857779490507681,-0.14804827543552096,0.004427699010307026,Teaser,2.5576186993638683
-3.9448382420938506,0.2561562966868358,-0.1857779490507681,-0.14804827543552096,0.004427699010307026,heimlich teaser,2.5576186993638683
-3.903299017816459,0.2242368990132695,-0.21471711224356937,-0.14969639947529623,0.0015279441184035403,Rückkehr,2.6072469514442473
-3.903299017816459,0.2242368990132695,-0.21471711224356937,-0.14969639947529623,0.0015279441184035403,teaser rückkehr,2.6072469514442473
-3.8497342343482286,0.18308071657006053,-0.2511157624528706,-0.15178301861025872,-0.002125154346280876,Flaggschiff-Grafikkartenserie,2.671314063033511
-3.8497342343482286,0.18308071657006053,-0.2511157624528706,-0.15178301861025872,-0.002125154346280876,rückkehr flaggschiff+-+grafik+karte+n+serie,2.671314063033511
-3.8852178165348996,0.21034339691475368,-0.22711749041672927,-0.1504054860962014,0.0002841228909598176,Lightning,2.6288646647722484
-3.8852178165348996,0.21034339691475368,-0.22711749041672927,-0.1504054860962014,0.0002841228909598176,flaggschiff+-+grafik+karte+n+serie lightning,2.6288646647722484
-3.6081216327882153,-0.0022810228996485993,-0.40356421668089903,-0.160728528530243,-0.0174907561324235,Social,2.9610928989363368
-3.6081216327882153,-0.0022810228996485993,-0.40356421668089903,-0.160728528530243,-0.0174907561324235,lightning social,2.9610928989363368
-3.5447892790558506,-0.050744057444787716,-0.4406379593762526,-0.16296506650295162,-0.021241981515774527,Media,3.037216970695573
-3.5447892790558506,-0.050744057444787716,-0.4406379593762526,-0.16296506650295162,-0.021241981515774527,social media,3.037216970695573
-3.4799693961155063,-0.10027607652350956,-0.47745600124674836,-0.16521424672311896,-0.02497239391534811,platziert,3.115183118839346
-3.4799693961155063,-0.10027607652350956,-0.47745600124674836,-0.16521424672311896,-0.02497239391534811,media platzier+t,3.115183118839346
-3.2261870724380923,-0.2934337089374037,-0.6116231918363735,-0.17368432260065275,-0.03860479690511426,ein wetter+vorhersage,3.4208338902960023
-2.5867394314711403,-0.7739905522203512,-0.8927957578684798,-0.19330579994008734,-0.06732584071832587,wetter+vorhersage warn+t,4.192329970320917
4.408050786799623,-5.659460692917315,-2.045666976917304,-0.3615870232722235,-0.1862813579560169,warn+t gewitter,12.591574009637561
-2.556546717972323,-0.7944740269141692,-0.902803622734358,-0.19200938784511568,-0.06933860812548981,Januar,4.227699795256348
-2.859791803748445,-0.5698895681568423,-0.7813885268874194,-0.18517054517078824,-0.05592612256259738,gewitter januar,3.862772851179553
-3.1301087513957757,-0.3662122234419858,-0.6586595741356638,-0.17677107134281045,-0.043396799196889074,womit,3.5366683046357634
-3.1301087513957757,-0.3662122234419858,-0.6586595741356638,-0.17677107134281045,-0.043396799196889074,januar womit,3.5366683046357634
-3.401617089304914,-0.16004711947830508,-0.5205162669353081,-0.16788330980870536,-0.029341317733165197,Beginn,3.209488865424822
-3.401617089304914,-0.16004711947830508,-0.5205162669353081,-0.16788330980870536,-0.029341317733165197,womit beginn,3.209488865424822
-4.0848073955173785,0.3636513511842532,-0.08336759682453904,-0.14227923508870693,0.01465382491302062,CES,2.3908162004020426
-4.0848073955173785,0.3636513511842532,-0.08336759682453904,-0.14227923508870693,0.01465382491302062,beginn c+es,2.3908162004020426
-4.104781232938608,0.3789734438579624,-0.0681008344358103,-0.1414260917089306,0.01617325607654812,c+es 2026,2.3670746413323824
-4.127045498162531,0.39604418896401805,-0.05088091463897909,-0.14046549387512547,0.017885432010024023,gemeint,2.3406311690231365
-4.127045498162531,0.39604418896401805,-0.05088091463897909,-0.14046549387512547,0.017885432010024023,2026 ge+mein+t,2.3406311690231365
-3.723615698964198,0.09096465429718759,-0.32800732726858545,-0.15057328498771055,-0.012553404471512764,de…,2.81991493026793
-4.050327351021457,0.3371876061204091,-0.10932668390221184,-0.14373349740004804,0.012067157678445982,beginn de…,2.431839166827843
-4.079466951900281,0.35955358280234173,-0.08742079431160471,-0.14250599124819385,0.014250201627077179,+1450,2.39716688327995
-4.079466951900281,0.35955358280234173,-0.08742079431160471,-0.14250599124819385,0.014250201627077179,de… +1450,2.39716688327995
-4.109457369664113,0.3825595642553692,-0.06450199355845565,-0.14122519068170103,0.01653123374942673,+1450 chars,2.3615189202105347
-2.3832664149913523,-0.8119484583919978,-0.4615897690674714,0.5341722953009801,-0.05588989982140913,dwd-prognos+e schnee,4.4058761904557215
0.30064602541915875,-2.669336590521138,-1.1053190386223917,0.4983606787118322,-0.1223368239086155,schnee sturm,7.6027330862341564
1.3442913287185725,-3.376446693630424,-1.2368718764506288,0.5071518696855465,-0.13478981430421783,sturm gewitter,8.847406110855673
1.8414219077856346,-3.6394928695238837,-0.905419426216461,1.0672149893762592,-0.12723661679678172,Winter,9.42283851386746
-0.8976263940564007,-1.8299444257707003,-0.7883167222815424,0.6454972052772118,-0.09517043414474508,gewitter winter,6.170100736038645
-0.49442870448364395,-2.0990186717464905,-0.8212969014665592,0.7150126635109822,-0.10282287959360087,winter zeig+t,6.648790448098064
-1.4537725364216554,-1.4443783695943413,-0.5193271787720632,0.8450910343890395,-0.07836692811227036,Muskeln,5.514504716943339
-1.4537725364216554,-1.4443783695943413,-0.5193271787720632,0.8450910343890395,-0.07836692811227036,zeig+t muskel+n,5.514504716943339
-3.886137205161779,0.2143312223212579,-0.2234391166976931,-0.14684477033244903,-0.0009346696243916486,muskel+n hier,2.6260260713823467
-3.6179598105254307,0.009103312516370421,-0.3940411855385171,-0.1559477633673449,-0.01852774059893994,sie schnee,2.9472176828233807
-3.1076081707288745,-0.37778665020258284,-0.6614314499145441,-0.1671988376160769,-0.04832720597279169,sturm sogar,3.5608387436843847
-3.5404641267801606,-0.04911282030449837,-0.4377574224877016,-0.1564947029024748,-0.023939522953984684,der winter,3.03976965022669
-3.8207473181096363,0.16565964802409283,-0.26518067981929705,-0.14670136750837787,-0.006329032426794362,zeig+t baden-württemberg,2.703434203932751
-3.98882230286782,0.29456154340005836,-0.14952148972401025,-0.14060752030147783,0.005506219547890462,baden-württemberg freitag,2.50268418158897
-4.056927112274982,0.34671227091365253,-0.09967374019744277,-0.13807872768308327,0.010612115689170372,raue,2.4216258230184904
-4.056927112274982,0.34671227091365253,-0.09967374019744277,-0.13807872768308327,0.010612115689170372,freitag rau+e,2.4216258230184904
-4.076628206709199,0.3617816178637141,-0.08490976347190465,-0.1373398397231151,0.01212472588661715,rau+e seite,2.3982144624200017
-4.226305093797139,0.47588435654770445,0.03265709143221457,-0.13160089198464076,0.024170822789672954,wechselnd,2.220992958745077
-4.226305093797139,0.47588435654770445,0.03265709143221457,-0.13160089198464076,0.024170822789672954,dwd wechsel+nd,2.220992958745077
-4.246421835660959,0.4911499213965862,0.04922625470495001,-0.1308104875453871,0.025868133834862035,wechsel+nd stark,2.197273721669619
-4.2686308187423965,0.5079781064672393,0.06774196401767557,-0.12993192843166185,0.02776456460977062,Schnee-,2.1711189769578243
-4.2686308187423965,0.5079781064672393,0.06774196401767557,-0.12993192843166185,0.02776456460977062,bewölk+t schnee+-,2.1711189769578243
-4.277428994580514,0.5146368680636029,0.07514279366603654,-0.12958209693330702,0.028522481795739095,od…,2.1607671353287374
-4.277428994580514,0.5146368680636029,0.07514279366603654,-0.12958209693330702,0.028522481795739095,schnee+- od…,2.1607671353287374
-4.282639743284641,0.5185783561915058,0.07954373962767741,-0.1293744181158517,0.028973152835628395,+808,2.1546388230227516
-4.282639743284641,0.5185783561915058,0.07954373962767741,-0.1293744181158517,0.028973152835628395,od… +808,2.1546388230227516
-4.287646371280536,0.5223638746681973,0.08378481571722118,-0.12917452689565545,0.029407431390117346,+808 chars,2.148752422839139
-2.7808483224926404,-0.6714514059405983,0.15334778429625534,1.2023561316585334,-0.03406903670690664,muskel+n blitz+e,4.032140302399238
-2.3711110724784654,-0.9589780748512662,0.07194905783291528,1.2966649868283235,-0.047215359327288875,blitz+e zuck+en,4.5217667998989945
-2.552399650779854,-0.7429426136506625,-0.06457581703306609,1.0156399829235754,-0.04174234065502169,zuck+en schnee,4.249363881006137
-0.8299345145985582,-1.9713653942650038,-0.21612602197639064,1.4677185729019058,-0.08295923896358254,fällt,6.33225857573286
-2.900265879135982,-0.5412038029509985,0.10410064307904271,1.0643350660857784,-0.0294322643049138,schnee fall+t,3.8613969963762482
-3.0276418983087607,-0.44156785430136525,0.1149803143097684,1.0030647228990963,-0.024690757957762485,fall+t sturmbö+en,3.703270622348397
-3.1611510606515574,-0.33766898433194115,0.12824867808387835,0.9367483084169993,-0.019489536591488776,fegen,3.5379980146715884
-3.1611510606515574,-0.33766898433194115,0.12824867808387835,0.9367483084169993,-0.019489536591488776,sturmbö+en feg+en,3.5379980146715884
-3.224159386082834,-0.2888310480016292,0.13525265830680788,0.9047038210678375,-0.016945145416147805,durchs,3.4601750846891823
-3.224159386082834,-0.2888310480016292,0.13525265830680788,0.9047038210678375,-0.016945145416147805,feg+en durch,3.4601750846891823
-3.286685266308086,-0.24049078407748747,0.14271110079085708,0.8724209383842071,-0.014359186499434545,durch land,3.3830624404430765
-3.331299497955084,-0.20578783011032553,0.1477168241202243,0.8481403696834848,-0.012514040099952078,land was,3.327923045880003
-2.5217692026159524,-0.7439602224658288,-0.13395813149129313,0.9328269392512013,-0.04371900390043787,was winter,4.271827299854062
-3.3744723640826964,-0.16263985513855284,0.12861342093143602,0.7886367963210813,-0.012219876169130534,winter baden-württemberg,3.2681342015538504
-3.264174598567825,-0.22408632612794754,0.02994111800605387,0.7228142630925821,-0.022514586825137045,auffährt,3.3865382778808795
-3.264174598567825,-0.22408632612794754,0.02994111800605387,0.7228142630925821,-0.022514586825137045,baden-württemberg auf+fahr+t,3.3865382778808795
-2.665418314061655,-0.6561692520661531,-0.07527176568253183,0.939254808800913,-0.04408990537695112,besonders,4.107962884071509
-3.3033624527582774,-0.1995314694433612,0.05471574669771567,0.7312582991623131,-0.020360443845615556,auf+fahr+t besonders,3.342322441201441
-3.936778151486939,0.2557356704693554,0.26485837626428954,0.514125622742766,0.015260487944962993,besonders un+gemütlich,2.588381842628208
-3.2369653755709233,-0.4319059254450974,0.36593004231464876,1.231365164013305,-0.01883737069983532,hin+zu+füg+en blitz+e,3.5363980978300846
-4.094192577907047,0.3759259520262952,0.30209764875705725,0.40827782424215164,0.023573857691778756,ungemütlic…,2.396857796969165
-4.094192577907047,0.3759259520262952,0.30209764875705725,0.40827782424215164,0.023573857691778756,besonders ungemütlic…,2.396857796969165
-4.139780237225441,0.408022572081042,0.3244797646108257,0.39263710475022146,0.027362928880724273,+976,2.3436063382871475
-4.139780237225441,0.408022572081042,0.3244797646108257,0.39263710475022146,0.027362928880724273,ungemütlic… +976,2.3436063382871475
-4.152481809725493,0.41707349805640725,0.3300669835918798,0.38708242217441075,0.028394138824936403,+976 char+s,2.3286800426556784
-4.270353409040541,0.5094180302878184,0.06937355255574379,-0.1296528339828899,0.027836568095013205,Start,2.169019993832717
-4.270353409040541,0.5094180302878184,0.06937355255574379,-0.1296528339828899,0.027836568095013205,stürmisch+er start,2.169019993832717
-4.258624110034144,0.5005446615185987,0.05957067235528851,-0.1300999672718553,0.026824493054219224,start woche+n+ende,2.1828224584500635
-4.099975587886366,0.38102675241261763,-0.060950857717459644,-0.12856358231007264,0.011017790262845724,Heftige,2.369700345857437
-4.243065668877608,0.4887631642249666,0.046670405550791494,-0.13068887973209176,0.02549175693335958,woche+n+ende heftig+e,2.2011451192783102
-4.231641304401847,0.4801043586957723,0.03727178196157299,-0.13111829462299096,0.024520138641759205,heftig+e böe+n,2.2146092708263696
-3.3700107715290217,-0.17882198347532863,-0.5311010291639315,-0.16093715590776797,-0.03403336220073347,Potsdam,3.2446880157675633
-4.219233378597213,0.47069300337653575,0.02713409141763473,-0.13158181178523232,0.023471501362347498,böe+n potsdam,2.229241967396816
-3.6589595128496106,0.04247647087270967,-0.36460883428495194,-0.1485453052353633,-0.01822369362239734,Unwetterwarnung,2.896898245767742
-4.202106800796443,0.4576911373019177,0.013259633829986961,-0.13221673988588523,0.02203528026983071,potsdam unwetter+warnung,2.2494549397963874
-4.170030898746795,0.43330766480937677,-0.012361941758833705,-0.13339090042233703,0.019379750322359425,unwetter+warnung der,2.287357686298243
-4.0670752944169095,0.3548143613471586,-0.09153044294670887,-0.1370311388252627,0.011145068951784791,weiten,2.4093829697875107
-4.0670752944169095,0.3548143613471586,-0.09153044294670887,-0.1370311388252627,0.011145068951784791,warn+t weit+en,2.4093829697875107
-4.037401604745789,0.3321423142670903,-0.11351769064880413,-0.13804475176252562,0.008849431615986968,Teilen,2.444645238434891
-4.037401604745789,0.3321423142670903,-0.11351769064880413,-0.13804475176252562,0.008849431615986968,weit+en teil+en,2.444645238434891
-4.002713082956828,0.30561886398781923,-0.13877073244600677,-0.13920980303064812,0.0062076730826411824,Brandenburgs,2.485913295898812
-4.002713082956828,0.30561886398781923,-0.13877073244600677,-0.13920980303064812,0.0062076730826411824,teil+en brandenburg+s,2.485913295898812
-3.88558707533695,0.2159587772708591,-0.22062261939664596,-0.14298623242436992,-0.0023979115920025745,brandenburg+s sturmbö+en,2.625582535943731
-3.682919570125077,0.06072233311662245,-0.3508857000881427,-0.1489327345641538,-0.01627225823317273,Schneeschauer,2.8682101014774286
-3.682919570125077,0.06072233311662245,-0.3508857000881427,-0.1489327345641538,-0.01627225823317273,auch schnee+schauer,2.8682101014774286
-3.1076081707288745,-0.37778665020258284,-0.6614314499145441,-0.1671988376160769,-0.04832720597279169,schnee+schauer kurz+e,3.5608387436843847
-3.8512583776501987,0.18929584202857908,-0.244492106560683,-0.14508137010136352,-0.004451788394530018,potsdam droh+en,2.666803633090063
-3.901915376164109,0.22868883345650848,-0.20893742591740422,-0.14175053307545926,-0.0014933788757032565,droh+en freitag,2.6059607573684365
-3.892469806299421,0.22153006959088084,-0.21109327078663187,-0.13647380050106034,-0.004246847542141323,Abendstunden,2.617151133401906
-3.892469806299421,0.22153006959088084,-0.21109327078663187,-0.13647380050106034,-0.004246847542141323,freitag abend+stunde+n,2.617151133401906
-3.921950193168599,0.24391014610738693,-0.1899403929443862,-0.13426715654800103,-0.002594641481682064,abend+stunde+n sturmbö+en,2.5820504684707544
-4.089378526461784,0.3728776617490115,-0.07228926856478327,-0.1332201511800547,0.01177518709763476,laut unwetter+warnung,2.382342528538022
-4.156572848032957,0.4239249789937085,-0.0213618208190271,-0.1319483975319834,0.017572937408309293,unwetter+warnung deutsch+en,2.302816819144004
-4.19993285900383,0.45710499040691044,0.013459185838224308,-0.12997807713176013,0.02100725016882448,dwd tret+en,2.2514520705122285
-4.199172906466851,0.45669480927672024,0.013280983097729904,-0.12947600138334936,0.020749144683993546,tret+en sturmbö+en,2.252258616271426
-4.189345636089395,0.44951445983164895,0.006522051123066308,-0.1284241174326332,0.01941017062947565,Geschwindigkeiten,2.2637058154764738
-4.189345636089395,0.44951445983164895,0.006522051123066308,-0.1284241174326332,0.01941017062947565,sturmbö+en geschwindigkeit+en,2.2637058154764738
-4.108685660841226,0.38679732464861494,-0.05206108016197861,-0.12516877886834898,0.010547727433246883,Kilometern,2.3597959616114346
-4.108685660841226,0.38679732464861494,-0.05206108016197861,-0.12516877886834898,0.010547727433246883,geschwindigkeit+en kilo+meter+n,2.3597959616114346
-4.189919269685617,0.45005476318032556,0.008888688411398227,-0.1259394596765655,0.018542311525744155,auf.…,2.2629528095996037
-4.189919269685617,0.45005476318032556,0.008888688411398227,-0.1259394596765655,0.018542311525744155,kilo+meter+n auf.…,2.2629528095996037
-4.217663829839049,0.47125916273106117,0.03041525728789224,-0.12607765220892375,0.02129674821280824,+1712,2.2301389846305018
-4.217663829839049,0.47125916273106117,0.03041525728789224,-0.12607765220892375,0.02129674821280824,auf.… +1712,2.2301389846305018
-4.235506737781399,0.48479710057424463,0.044471072596815764,-0.12611383465100684,0.02306819688823839,+1712 chars,2.209102113931679
-4.384401813266429,0.5781009799070884,0.1557870980831813,-0.1370007486428172,0.042086258043307075,+1583,2.0442368994525193
-4.384401813266429,0.5781009799070884,0.1557870980831813,-0.1370007486428172,0.042086258043307075,das… +1583,2.0442368994525193
-4.389287056673128,0.5825765409175157,0.16062387782300497,-0.13640809650868896,0.04240440210732988,+1583 chars,2.0381085599066746
-1.8870797213555672,-1.2500537726291898,-0.08031814909350127,1.2957379302382852,-0.0600999003832024,Ungewöhnlich,5.072416790881909
-2.6207523260930317,-0.7206686721058597,0.010066536810042104,1.0858011623863644,-0.03912371781144475,wetter un+gewöhnlich,4.184406465256035
-1.1256994184357092,-1.8224732857512227,-0.10284551589971003,1.5316263709593276,-0.07743965935019609,wenig,6.011376960067397
-1.1256994184357092,-1.8224732857512227,-0.10284551589971003,1.5316263709593276,-0.07743965935019609,un+gewöhnlich wenig,6.011376960067397
-1.273090352554365,-1.76109517873582,-0.035267422875607135,1.5750633803143363,-0.07515050564696929,wenig blitz+e,5.8588048265249535
-1.9764028851861708,-1.1616462668475283,-0.1193560636833958,1.2051816937751587,-0.058711552222365626,blitz+e berlin,4.94888843408388
-1.4801682806257022,-1.4296695945732423,-0.4662187992296336,0.911248221789375,-0.07526507847598801,brandenburg für,5.487620287667058
1.8258957541089424,-3.638540787520152,-1.0020748705979563,0.9262488778178978,-0.128958048056025,für gewitter,9.404197661803495
-0.48120728451832306,-2.0988476978303447,-0.6611563342283648,0.948384696764761,-0.09610489646355375,gewitter brauch+t,6.668696902158091
-1.5096264546836196,-1.4115299288765493,-0.46527394753868856,0.9007533781618341,-0.07847883084258472,feuchte,5.45292949554946
-1.5096264546836196,-1.4115299288765493,-0.46527394753868856,0.9007533781618341,-0.07847883084258472,brauch+t feucht+e,5.45292949554946
-1.6194180214663367,-1.3408381631797162,-0.45274134689262446,0.8766572605421427,-0.07829344827369739,energiereiche,5.3240080643893135
-1.6194180214663367,-1.3408381631797162,-0.45274134689262446,0.8766572605421427,-0.07829344827369739,feucht+e energie+reich+e,5.3240080643893135
-2.1227114476140034,-0.9996397134164012,-0.302029408814156,0.8844542437734378,-0.06054559319460434,Luftmassen,4.73101118989323
-2.1227114476140034,-0.9996397134164012,-0.302029408814156,0.8844542437734378,-0.06054559319460434,energie+reich+e luft+masse+n,4.73101118989323
-2.3125358166350414,-0.8891886526210788,-0.1713305808209366,0.9827684651206555,-0.051327999132864566,Sommer,4.521158766054725
-2.3125358166350414,-0.8891886526210788,-0.1713305808209366,0.9827684651206555,-0.051327999132864566,der sommer,4.521158766054725
-2.3723924217461354,-0.8568452475905333,-0.1304910220462272,1.0120124376450168,-0.04851940935102678,sommer 2025,4.456285702724679
-2.4262641582713753,-0.8332408189525791,-0.08207231903398388,1.0543573937535093,-0.04569150898891572,allerdings,4.4014427568486045
-2.4262641582713753,-0.8332408189525791,-0.08207231903398388,1.0543573937535093,-0.04569150898891572,2025 allerdings,4.4014427568486045
-2.2520056128687487,-0.9611335609470837,-0.0972524794408311,1.1152695919484406,-0.05277924734912742,ziemlich,4.613513932602078
-2.39872448308173,-0.8687645678907137,-0.047830411113106375,1.1160734852610843,-0.04615075845934258,allerdings ziemlich,4.444982961787809
-0.7223030566678679,-1.9516354394829207,-0.4880924810341738,1.1245813182242448,-0.09070872739369878,trocken,6.397500489313846
-2.3351067344618004,-0.9299066312377144,-0.0243946508711661,1.1792970816978314,-0.047923502460135325,ziemlich trocken,4.531613037784724
-2.3541022411757635,-0.9127243226256794,-0.02873860372385123,1.1641321173368624,-0.04786495258209755,der fall+t,4.506387227892205
-1.7121394751111927,-1.5275935843664006,0.09577003549780971,1.599483857302389,-0.0672124348068946,Blitz-Statistik,5.374201642706438
-1.7121394751111927,-1.5275935843664006,0.09577003549780971,1.599483857302389,-0.0672124348068946,fall+t blitz+-+statistik,5.374201642706438
-3.136843130750278,-0.2878970145076585,-0.2088504851020512,0.4657810139202845,-0.026797318787513593,hin+zu+füg+en für,3.5142273890759084
-4.081495055176432,0.3754655746912865,0.23163972681557615,0.3179043403568892,0.023579299581284387,+1790,2.4041642653546234
-4.081495055176432,0.3754655746912865,0.23163972681557615,0.3179043403568892,0.023579299581284387,fall+t +1790,2.4041642653546234
-4.0927547831089015,0.38342438365861975,0.237200125673579,0.31418686889480996,0.024346757838114,+1790 chars,2.390973566515079
-3.964596655856199,0.25268865573234756,0.3458727350217644,0.6090893468953305,0.019563413079666504,Spitzenwert,2.571385649982395
-3.9018255441546064,0.19789161281607326,0.3464335708019999,0.6711469956971884,0.01605840559012805,spitze+n+wert geb,2.6521676709887174
-3.8514117335874194,0.1532822646795271,0.347005288969334,0.7195950340869781,0.01327894537349484,2006,2.7173949029694215
-3.8514117335874194,0.1532822646795271,0.347005288969334,0.7195950340869781,0.01327894537349484,geb 2006,2.7173949029694215
-3.7936706021253355,0.10169533770333183,0.34750038438508635,0.773186496705114,0.010131919981421163,2006 un+gewöhnlich,2.792382030892788
-3.1536290901871546,-0.47307722726029855,0.32447213145685927,1.225513677412955,-0.021670265178631354,Blitzeinschläge,3.6254223924836237
-3.1536290901871546,-0.47307722726029855,0.32447213145685927,1.225513677412955,-0.021670265178631354,wenig blitz+ein+schlag+e,3.6254223924836237
-3.745613073960041,0.07345255020050345,0.31710046208584886,0.7702822070575065,0.007560188984838373,blitz+ein+schlag+e nrw,2.845528284657476
-3.7861888895393463,0.11422136120768633,0.3047152934026278,0.7157181465787091,0.009644162893225873,nrw jahr,2.7898201975538592
-0.48790602057504806,-2.1447645098245665,-0.3750090572163489,1.3459144189410337,-0.0906942039191872,Mehr,6.702508598850321
-3.669855676833699,0.01351436645445303,0.3028788122350574,0.8141771785541576,0.0036451670162771094,2025 mehr,2.9391650506207396
-2.3888554446207544,-0.9650084698957997,0.10059545776715056,1.3280390855045023,-0.04698466642456456,8.000,4.511560320700209
-2.3888554446207544,-0.9650084698957997,0.10059545776715056,1.3280390855045023,-0.04698466642456456,mehr 8.000,4.511560320700209
-1.7289622359136603,-1.519040245756576,0.10114427499403578,1.6005051807871915,-0.06690655575972443,8.000 blitz+e,5.355864964702438
-2.3894094843943736,-0.9486902808791324,0.07885977117855791,1.297647335762753,-0.046705802093141846,blitz+e weniger,4.501398535322175
-2.736849813867114,-0.6388379016573986,0.033156733391049686,1.0560836276701047,-0.03525057234249562,weniger vorjahr,4.045541189922266
-2.7881942567370914,-0.5825697626415085,-0.0037218411864930467,0.9748753955354584,-0.03377837736588363,vorjahr wie,3.971126061050595
-2.7708426478276422,-0.5859227363298745,-0.031176325819591122,0.9453739286347979,-0.03498422003999746,beeinflussen,3.9858960408862827
-2.7708426478276422,-0.5859227363298745,-0.031176325819591122,0.9453739286347979,-0.03498422003999746,wie beeinfluss+en,3.9858960408862827
-2.61764986409121,-0.6691212074911048,-0.14500383463528668,0.8664678735708737,-0.04301418733427298,trockene,4.151456141086386
-2.61764986409121,-0.6691212074911048,-0.14500383463528668,0.8664678735708737,-0.04301418733427298,beeinfluss+en trocken+e,4.151456141086386
-2.399280828164718,-0.8087907781026984,-0.25493923255753936,0.8213473698987315,-0.05302183472455474,Monate,4.401505515933681
-2.399280828164718,-0.8087907781026984,-0.25493923255753936,0.8213473698987315,-0.05302183472455474,trocken+e monat+e,4.401505515933681
-2.1223576008187988,-0.9921240842549306,-0.38111927814118324,0.7716804959228748,-0.06365190782770819,monat+e kühl+e,4.722967281805721
-0.2660807590671732,-2.262623013614302,-0.9167913522974432,0.6379844188121493,-0.10733290323989181,Gewitter-Risiko,6.922043453678989
-0.2660807590671732,-2.262623013614302,-0.9167913522974432,0.6379844188121493,-0.10733290323989181,temperatur+en gewitter+-+risiko,6.922043453678989
-2.470611432099346,-0.7503059941705792,-0.33539123239315566,0.6712954992408213,-0.05017654130896504,der meteorologe+n,4.3071219926865405
-3.70971097018943,0.10757887675977407,0.09514440774833055,0.47313052839878855,0.0028854389913007955,Erklärungen,2.845813249676537
-3.70971097018943,0.10757887675977407,0.09514440774833055,0.47313052839878855,0.0028854389913007955,meteorologe+n erklärung+en,2.845813249676537
-3.669855676833699,0.01351436645445303,0.3028788122350574,0.8141771785541576,0.0036451670162771094,hin+zu+füg+en mehr,2.9391650506207396
-3.691525207355617,0.10101245697543093,0.03179993579584778,0.3960926084770548,0.00018268650316571877,haben…,2.8609481069869935
-3.691525207355617,0.10101245697543093,0.03179993579584778,0.3960926084770548,0.00018268650316571877,meteorologe+n haben…,2.8609481069869935
-3.762743235701162,0.15071214403581235,0.06907665372545096,0.38830953794191003,0.004288662144758447,+1792,2.777699721896071
-3.762743235701162,0.15071214403581235,0.06907665372545096,0.38830953794191003,0.004288662144758447,haben… +1792,2.777699721896071
-3.806059531155973,0.18095688557012224,0.09177183893965613,0.3825475389856913,0.00683964894209646,+1792 char+s,2.727079424336396
-4.355494756656534,0.5703102476320976,0.13919061829427237,-0.12993110904820376,0.036658528468894704,Meistens,2.070836576583118
-4.355494756656534,0.5703102476320976,0.13919061829427237,-0.12993110904820376,0.036658528468894704,wetter meistens,2.070836576583118
-4.345440366871614,0.5626905825002622,0.1302740822977591,-0.13042430860393694,0.03578338689358301,meistens trocken,2.082640447602249
-4.337229183862553,0.5564632579763842,0.123032218564544,-0.13082483326158145,0.03507218553243029,trocken 2025,2.0922859532471523
-4.328357298959425,0.5497304540477153,0.11524780024234849,-0.13125533680115892,0.03430727949171306,extrem,2.102713080315014
-4.328357298959425,0.5497304540477153,0.11524780024234849,-0.13125533680115892,0.03430727949171306,2025 extrem,2.102713080315014
-4.320940470791176,0.5440984851687807,0.10877185653366828,-0.13161346646526545,0.03367061499854553,blitzarm,2.111434390913112
-4.320940470791176,0.5440984851687807,0.10877185653366828,-0.13161346646526545,0.03367061499854553,extrem blitz+arm,2.111434390913112
-4.310648535024002,0.536278365027713,0.09983308338882735,-0.1321077960205525,0.03279133484634469,blitz+arm nicht,2.1235428650714505
-4.294017636358776,0.5236301504008365,0.085504389736409,-0.13290025738294697,0.031380692694293257,100.000,2.1431244118547124
-4.294017636358776,0.5236301504008365,0.085504389736409,-0.13290025738294697,0.031380692694293257,nicht 100.000,2.1431244118547124
-4.282546476883085,0.5148981674050888,0.0757034527921071,-0.13344239375476324,0.030414981045341453,Einschläge,2.156641470279169
-4.282546476883085,0.5148981674050888,0.0757034527921071,-0.13344239375476324,0.030414981045341453,100.000 ein+schlag+e,2.156641470279169
-3.942365946160475,0.2584561557184286,-0.1736682681586015,-0.13071300539259234,-0.002194315559585984,System,2.5582349520417895
-4.250395802197677,0.4903932996715248,0.048585509514902536,-0.13494307339197859,0.027739564704602156,ein+schlag+e system,2.1945707581380907
-3.6815132528390744,0.09235747329543686,0.04174125618885227,0.4192991399101824,0.0003332315297657762,Informationsdienstes,2.8743831214740125
-4.227625382923309,0.4730126359740152,0.029686752470055033,-0.13598975804184055,0.02587213281949694,system information+s+dienst+es,2.221471611927394
-3.2736289179399454,-0.1924574274940829,-0.20936999116514082,0.37142245369514604,-0.022456149347851312,Aldis/Blids,3.349968655796773
-3.638305532368368,0.06432118008339405,-0.005550137350820494,0.38677177727381956,-0.003022839535082686,information+s+dienst+es aldis/blid+s,2.9224477380388296
-3.7552800894469023,0.11551023524443438,-0.30748949569925,-0.14886159323364662,-0.010726994047518826,deutschlandweit,2.7818098309250017
-4.127045498162531,0.39604418896401805,-0.05088091463897909,-0.14046549387512547,0.017885432010024023,aldis/blid+s deutschlandweit,2.3406311690231365
-4.043952059588494,0.3322928908713907,-0.11407259250656274,-0.14399990014579284,0.011593844404819899,gezählt,2.4394293899027035
-4.043952059588494,0.3322928908713907,-0.11407259250656274,-0.14399990014579284,0.011593844404819899,deutschlandweit ge+zähl+t,2.4394293899027035
-3.9757445010972847,0.2799034236732769,-0.16382825100618714,-0.1468040213337483,0.006624234667929427,Oft,2.520728384323746
-3.9370840816444894,0.2501979490618709,-0.19122844289852114,-0.14835800065446586,0.0038818745702291074,fehlten,2.5668789322335606
-3.9370840816444894,0.2501979490618709,-0.19122844289852114,-0.14835800065446586,0.0038818745702291074,oft fehl+ten,2.5668789322335606
-3.834433385712324,0.17132647076849628,-0.2613289047036716,-0.15237146927434808,-0.0031513258062542127,wichtige,2.6896285850001402
-3.834433385712324,0.17132647076849628,-0.2613289047036716,-0.15237146927434808,-0.0031513258062542127,fehl+ten wichtig+e,2.6896285850001402
-3.6396902729373237,0.02189880613974826,-0.38466124958580183,-0.1595983666224865,-0.015580154924440481,Zutaten,2.9231700319995646
-3.6396902729373237,0.02189880613974826,-0.38466124958580183,-0.1595983666224865,-0.015580154924440481,wichtig+e zutaten,2.9231700319995646
-2.7107683339013957,-0.6814839493884368,-0.8436236297682788,-0.18964864656890662,-0.06229171861325883,zutaten gewitter,4.04262565296871
-2.1808371888181166,-0.9596267935618346,-0.28742994976224095,0.8794568686951415,-0.0568168160183673,2025 deutschland,4.66230604959337
-4.008751801077002,0.30526025378338195,-0.13998035182899676,-0.1454573442128409,0.009007844870962588,ungewöhnlich,2.4813651619444563
-4.008751801077002,0.30526025378338195,-0.13998035182899676,-0.1454573442128409,0.009007844870962588,deutschland un+gewöhnlich,2.4813651619444563
-4.09000273449563,0.36763736191448926,-0.07941295571651982,-0.14205809738976627,0.015047542378874824,un+gewöhnlich selten,2.384639215403384
-3.493081801116483,-0.041061808548221945,-0.0177159193775,0.48618472321195894,-0.00913479016106683,geblitzt,3.097928905011642
-4.1228068987598165,0.3927950544712826,-0.054175824204677314,-0.14064916647254427,0.017557955582809585,selten ge+blitz+t,2.3456636754030025
-4.16116767769109,0.42218654785750176,-0.024065958587585923,-0.1389728094816416,0.02054809516232805,99.930,2.300148411697163
-3.640554983877866,0.06782484946801537,-0.027045602070637637,0.3533137914306217,-0.004370238520666286,Erdblitze,2.9174785478407808
-4.1836142223537784,0.43936808060943533,-0.006140073431449566,-0.13797680578188964,0.022325629834446088,99.930 erd+blitz+e,2.273548770449035
-4.21101639065994,0.46032317095279685,0.016059085867704548,-0.13674509167135762,0.02452409907357426,zählte,2.2411121366932343
-4.21101639065994,0.46032317095279685,0.016059085867704548,-0.13674509167135762,0.02452409907357426,erd+blitz+e zähl+te,2.2411121366932343
-4.236333303789499,0.4796616969813412,0.03688438979007869,-0.13559102509730414,0.026583626533303976,Informationsdienst,2.211180544412681
-4.236333303789499,0.4796616969813412,0.03688438979007869,-0.13559102509730414,0.026583626533303976,zähl+te information+s+dienst,2.211180544412681
-4.271588445136842,0.506551108917757,0.0664029284992973,-0.13395694864354302,0.029497966479778946,information+s+dienst aldis/blid+s,2.1695618022349956
-4.294017636358776,0.5236301504008365,0.085504389736409,-0.13290025738294697,0.031380692694293257,Jahresverlauf,2.1431244118547124
-4.294017636358776,0.5236301504008365,0.085504389736409,-0.13290025738294697,0.031380692694293257,aldis/blid+s jahr+es+verlauf,2.1431244118547124
-4.337229183862553,0.5564632579763842,0.123032218564544,-0.13082483326158145,0.03507218553243029,halb,2.0922859532471523
-4.337229183862553,0.5564632579763842,0.123032218564544,-0.13082483326158145,0.03507218553243029,der halb,2.0922859532471523
-4.34455807995805,0.5620216522027293,0.12949422672664473,-0.13046744157291262,0.03570681792948554,halb viele,2.0836766137932923
-4.355494756656534,0.5703102476320976,0.13919061829427237,-0.12993110904820376,0.036658528468894704,viele vorjahr,2.070836576583118
-4.368255892042018,0.5799720503028603,0.15058607704464172,-0.1293006702960336,0.037776121340824524,Sens…,2.0558660326773133
-4.368255892042018,0.5799720503028603,0.15058607704464172,-0.1293006702960336,0.037776121340824524,vorjahr sens…,2.0558660326773133
-4.373075448524891,0.5836183040170004,0.15491288802318864,-0.12906124965572413,0.03820021486926691,+3738,2.05021532180717
-4.373075448524891,0.5836183040170004,0.15491288802318864,-0.12906124965572413,0.03820021486926691,sens… +3738,2.05021532180717
-4.377027178817332,0.586606837654873,0.15847008308698135,-0.12886439328883326,0.03854876965470846,+3738 char+s,2.0455834624683398
-3.9496356718060923,0.2531828690478799,0.31062302634138006,0.5702083894917372,0.017087932036757077,brandenburg 2025,2.581523540006189
-3.9973623566559184,0.28997550827650787,0.32087161565899935,0.5380956793950611,0.02021545260005605,seltener,2.5232766946114618
-3.9973623566559184,0.28997550827650787,0.32087161565899935,0.5380956793950611,0.02021545260005605,2025 selten+er,2.5232766946114618
-4.030050257232162,0.31550962053865717,0.32676620062814044,0.5136478509827698,0.02232408341610611,selten+er ge+blitz+t,2.4831566238140628
-4.06726274544012,0.34479579912492464,0.3326400393933363,0.4837705991920326,0.024699843598722356,ge+blitz+t 2024,2.4373338870059937
-4.1163028042577885,0.3835459241579855,0.33954385225897543,0.44181056383689726,0.027807922028202252,angabe+n information+s+dienst+es,2.3768375927234917
-4.127156660997015,0.3984159828360687,0.3180748901539757,0.3972324694340847,0.027258330104260382,sank,2.358837542967396
-4.127156660997015,0.3984159828360687,0.3180748901539757,0.3972324694340847,0.027258330104260382,aldis/blid+s sink,2.358837542967396
-3.989551176893286,0.3073544734592859,0.21614448340412384,0.3885020697672889,0.014210060829722017,Zahl,2.514653874969599
-4.123298755266431,0.397528294904014,0.30872560367553536,0.387244749677111,0.026526085862214673,sink zahl,2.36195833963277
-4.114872911411705,0.3934141059817118,0.2965661505803949,0.37799454595160437,0.02538157291873166,zahl erd+blitz+e,2.3703880850306467
-4.087528945490915,0.37681845815432213,0.26898592536480626,0.3658516377921395,0.02233429371597808,beiden,2.400130913129757
-4.087528945490915,0.37681845815432213,0.26898592536480626,0.3658516377921395,0.02233429371597808,erd+blitz+e beide+n,2.400130913129757
-4.056062735015247,0.356002375275551,0.2428386658944297,0.35994924979275955,0.01915733545179133,Ländern,2.4355885509084554
-4.056062735015247,0.356002375275551,0.2428386658944297,0.35994924979275955,0.01915733545179133,beide+n land+ern,2.4355885509084554
-3.895504527247808,0.24096811847906663,0.12922174935508657,0.35244383612849645,0.00435404767577157,land+ern rund,2.622426451192729
-4.0240844946412455,0.334812256561956,0.21038866979617232,0.3448030080511604,0.015574051871404933,Prozent,2.4713111652584825
-4.0240844946412455,0.334812256561956,0.21038866979617232,0.3448030080511604,0.015574051871404933,rund prozent,2.4713111652584825
-4.11267788851748,0.3971095249248091,0.26644410665578555,0.33498883110239014,0.023484397488804744,Brandenbu…,2.3685314534354025
-4.154771649477388,0.4263382736547634,0.29132985392965616,0.3262542370394474,0.027188085821230147,+1658,2.319819093504808
-4.154771649477388,0.4263382736547634,0.29132985392965616,0.3262542370394474,0.027188085821230147,brandenbu… +1658,2.319819093504808
-4.169627771154163,0.4366676264072722,0.2995944731064407,0.32215216962979837,0.028472180575078755,+1658 char+s,2.3025944872648076
-2.5390496683693162,-0.8057020279113396,-0.907377107289464,-0.189706667880138,-0.07108023819420844,formentera gewitter,4.247846383231759
-3.3583843393827597,-0.1875832687553991,-0.5333875394800485,-0.156246997265027,-0.03655264894720173,Liebe,3.2585968935681153
-3.682336663623297,0.060411405814043695,-0.35023162499247923,-0.14764477495628053,-0.016795250261108036,sturm lieb+e,2.8688270676118606
-3.450372692572053,-0.1172757113826568,-0.48416793181825873,-0.1538865285402392,-0.031219812282058886,Leser,3.147752645908657
-3.450372692572053,-0.1172757113826568,-0.48416793181825873,-0.1538865285402392,-0.031219812282058886,lieb+e leser,3.147752645908657
-3.5892272083173107,-0.01102354171936093,-0.405117855019717,-0.14933288584689708,-0.02308731249458705,leser wetter,2.980693222111638
-3.612194119324261,0.006464181784881173,-0.3908916941882161,-0.14771133970398087,-0.02201036280878299,freut,2.9531397706092406
-3.612194119324261,0.006464181784881173,-0.3908916941882161,-0.14771133970398087,-0.02201036280878299,wetter freu+t,2.9531397706092406
-3.6012508466272832,-0.0027561451435991202,-0.3952466004662031,-0.14521716749680486,-0.02374661071871879,freu+t wohl,2.966703043858935
-3.489522486534972,-0.09317099046317101,-0.4544874639714468,-0.14187116682452877,-0.03300125269290036,Natur,3.1035855319993106
-3.489522486534972,-0.09317099046317101,-0.4544874639714468,-0.14187116682452877,-0.03300125269290036,wohl natur,3.1035855319993106
-3.646801611446016,0.030429286225343466,-0.36553912124099996,-0.14028660090482747,-0.022224889538375717,zahlreichen,2.9128486958807893
-3.646801611446016,0.030429286225343466,-0.36553912124099996,-0.14028660090482747,-0.022224889538375717,natur zahlreich+en,2.9128486958807893
-3.7546879067298553,0.11514133474829102,-0.301087439883691,-0.14004461081669167,-0.014055947942146554,Urlauber,2.782397236706329
-3.7546879067298553,0.11514133474829102,-0.301087439883691,-0.14004461081669167,-0.014055947942146554,zahlreich+en urlauber,2.782397236706329
-3.378810684967437,-0.17180266322074922,-0.5248813152401122,-0.15867200022419314,-0.03428921324235096,urlauber ibiza,3.2339066801157155
-3.8976315278031137,0.22579898031821055,-0.20934384867809194,-0.13865758609287615,-0.0029997305932049703,Jahreswechsel,2.610843756707233
-3.8976315278031137,0.22579898031821055,-0.20934384867809194,-0.13865758609287615,-0.0029997305932049703,ibiza jahr+es+wechsel,2.610843756707233
-3.9443317133572813,0.2616649232767829,-0.177660929109244,-0.13790371201808832,0.0006685102782796465,paar,2.55506859302732
-3.9443317133572813,0.2616649232767829,-0.177660929109244,-0.13790371201808832,0.0006685102782796465,jahr+es+wechsel paar,2.55506859302732
-3.9553884502082504,0.2701412336935496,-0.1700303736229476,-0.13770384135724356,0.0015418541828840227,schöne,2.5418805724940974
-3.9553884502082504,0.2701412336935496,-0.1700303736229476,-0.13770384135724356,0.0015418541828840227,paar schön+e,2.5418805724940974
-3.9717599171709255,0.2826822559360611,-0.15863963248416824,-0.1373932640852309,0.0028387492035199247,sonnige,2.5223650952857657
-3.9717599171709255,0.2826822559360611,-0.15863963248416824,-0.1373932640852309,0.0028387492035199247,schön+e sonnig+e,2.5223650952857657
-3.9867439067801738,0.29415087224163106,-0.14811679558395952,-0.13709398747802648,0.004029886754748996,sonnig+e tag+e,2.504515624799396
-3.995500887384601,0.3008493652564348,-0.1419235387585494,-0.13691256652823452,0.00472795095711713,genießen,2.4940892659908656
-3.995500887384601,0.3008493652564348,-0.1419235387585494,-0.13691256652823452,0.00472795095711713,tag+e genieß+en,2.4940892659908656
-4.0102403830148,0.31211765139889325,-0.1314262489004037,-0.13659656556533872,0.005906300850755455,genieß+en woll+ten,2.476548619332977
-4.0295479831522325,0.3268665340191803,-0.11753589906563833,-0.13616291023128652,0.007456630740601607,der blick,2.453588111222128
-4.300636921156963,0.5328796807049483,0.09584689187787993,-0.127517489041577,0.03012946691233776,blick himmel,2.133117343629827
-4.302947924063009,0.5347356013443627,0.09799695113274748,-0.12722568605666007,0.030259803334669745,himmel heute,2.1303443006451515
-4.304558782610521,0.536051110505233,0.09953666396135757,-0.12697618831857005,0.030334074190785605,heute samstag,2.1283998781734157
-4.306365707454443,0.5375913335965676,0.10138367666537934,-0.12655770948344702,0.030367142964102693,samstag januar,2.126184508322221
-4.306832152059745,0.538065601888698,0.10200312842605902,-0.1262825606902795,0.030314893548900802,9.30,2.1255717784402988
-4.306832152059745,0.538065601888698,0.10200312842605902,-0.1262825606902795,0.030314893548900802,januar 9.30,2.1255717784402988
-4.306786612775632,0.5381096788174351,0.10211154502271108,-0.1261110198596722,0.030247779527003298,9.30 uhr,2.125583406521237
-4.306453172347309,0.5379380876062068,0.10198243541040602,-0.12593907049989544,0.030150941835263838,uhr zeig+t,2.1259321247193252
-4.305442501746493,0.53729001699066,0.10135420966029346,-0.1256962646780182,0.029958760490262908,zeig+t viele,2.12705734317462
-4.303993783137419,0.5362970377409964,0.10033811921292296,-0.12548456429564686,0.02973296977074579,Wolke…,2.128704427672077
-4.303993783137419,0.5362970377409964,0.10033811921292296,-0.12548456429564686,0.02973296977074579,viele wolke…,2.128704427672077
-4.301487796819047,0.5345242429893513,0.09848653748042724,-0.1252306801490995,0.029383476217790104,wolke… lieb+e,2.1315830731894545
-4.393509466400047,0.6033326619708188,0.1783365823273158,-0.12273928552147316,0.03812525485019871,Himm…,2.024042209137749
-4.393509466400047,0.6033326619708188,0.1783365823273158,-0.12273928552147316,0.03812525485019871,blick himm…,2.024042209137749
-4.3967420727809925,0.6057075904602551,0.18118187920915912,-0.12269407487270582,0.038456431999326864,+1261,2.020293204679379
-4.3967420727809925,0.6057075904602551,0.18118187920915912,-0.12269407487270582,0.038456431999326864,himm… +1261,2.020293204679379
-4.399389067503503,0.6076517656770084,0.18351751415441353,-0.12265485602617714,0.03872726045368762,+1261 chars,2.017223956570804
-3.806945387982041,0.15610177645611478,-0.27027297263467653,-0.14213985389617528,-0.00912903456505277,Bester,2.7193747059064948
-3.806945387982041,0.15610177645611478,-0.27027297263467653,-0.14213985389617528,-0.00912903456505277,zimmermann gut+er,2.7193747059064948
-3.8836733342550667,0.21490966577321813,-0.21764911256146918,-0.1375348659731298,-0.0045827810303479405,tim meld+et,2.627603089476397
-3.996508592840978,0.3017051274151825,-0.14076140070745694,-0.13632176008334057,0.00459726634526042,meld+et zurück,2.492840531254121
-3.8139449146058446,0.1606472339636147,-0.26258695419155464,-0.13774701476451645,-0.010209411255501122,zurück tim,2.7113883770401963
-4.13085306434946,0.40409798409391495,-0.04188272186522607,-0.1334247338704192,0.015692543660970178,äußer+t erstmals,2.3333953152181803
-4.142562397020647,0.41319463326112094,-0.032424970471221365,-0.1325695468215058,0.01647744100284152,erstmals seit,2.3194331760808162
-4.1447259507010585,0.415099221277784,-0.03007734839475734,-0.131681762936679,0.016354747107584965,seit tod,2.316731867747984
-3.7150207196736758,0.08478475546237263,-0.3326101491104528,-0.149897561286305,-0.01346460534223131,tod jan,2.8300002693888477
-4.049397289189353,0.34127691143995564,-0.09697239942481814,-0.12759228862939576,0.006033538724117771,zimmermann video,2.4303149363203262
-4.02886115245421,0.32458046439878174,-0.11090014234192827,-0.12658201758098447,0.0038075138388188948,bewegt,2.4552343050624064
-4.02886115245421,0.32458046439878174,-0.11090014234192827,-0.12658201758098447,0.0038075138388188948,video beweg+t,2.4552343050624064
-4.141986945236351,0.41333865676057613,-0.02894144232248022,-0.12757935083757665,0.014573856227446565,beweg+t fan+s,2.3197697784695577
-4.214746103048646,0.46886350054162285,0.026906715131225056,-0.1276277658942746,0.021584979011777146,könig+s+winter der,2.233687522943705
-4.285136062861767,0.5217698832207776,0.08374034413707321,-0.12686402435759042,0.02831504841168659,tod youtube-star+s,2.151011753461116
-4.289395695065445,0.5253682874371588,0.08818815146877412,-0.12569621275405546,0.028320465334982996,sorgte,2.1458011061628
-4.289395695065445,0.5253682874371588,0.08818815146877412,-0.12569621275405546,0.028320465334982996,zimmermann sorg+te,2.1458011061628
-4.283560331666411,0.5211320886956357,0.08377124806067826,-0.12527684140770157,0.027573888464107736,sorg+te november,2.152565173461439
-4.275107232413511,0.514879472734117,0.07723565513343161,-0.12485900118948044,0.026564245447485098,november 2025,2.1624273781721497
-4.268480143983786,0.5099237222221924,0.0720741548056748,-0.12459949748416856,0.025799831741520583,2025 deutschlandweit,2.170189468328136
-4.209588114197839,0.46477657098079717,0.02635528551415961,-0.12305020775839924,0.019374068926354716,deutschlandweit groß+e,2.2398214151025524
-4.162290449183487,0.42752333244563845,-0.009579160661247976,-0.12209995689956625,0.014439639841394632,groß+e trauer,2.2963575258748197
-4.123068509356899,0.395960613702935,-0.03859367057934507,-0.12115668152922772,0.010366971630037254,Fassungslosigkeit,2.3436492948924075
-4.123068509356899,0.395960613702935,-0.03859367057934507,-0.12115668152922772,0.010366971630037254,trauer fassungslosigkeit,2.3436492948924075
-4.285068512990995,0.5226061085239833,0.08662996462817424,-0.12323488033607762,0.02697294561730538,der tourett+e,2.150603070854772
-4.304323328258979,0.5371133782174269,0.10234666510319851,-0.12335831997218032,0.028985641477069356,erkrankte,2.1280072628630906
-4.304323328258979,0.5371133782174269,0.10234666510319851,-0.12335831997218032,0.028985641477069356,tourett+e erkrank+t+e,2.1280072628630906
-4.320502344990695,0.5492223511054113,0.11571582124043639,-0.1234164878981016,0.030674576510565647,YouTu…,2.1090740254911537
-4.320502344990695,0.5492223511054113,0.11571582124043639,-0.1234164878981016,0.030674576510565647,erkrank+t+e youtu…,2.1090740254911537
-4.330969982762381,0.5570216076744328,0.12444975553301713,-0.12342748977016023,0.031764695765559216,+3055,2.096848100408594
-4.330969982762381,0.5570216076744328,0.12444975553301713,-0.12342748977016023,0.031764695765559216,youtu… +3055,2.096848100408594
-4.337804584804413,0.5621006948214862,0.1301896925563676,-0.12342199416106565,0.032474900134318134,+3055 char+s,2.0888746675088945
-4.394793508346546,0.4969507759794036,0.6690425132786887,0.6264961641240346,0.05054000460232524,sterb weg,2.104802983756679
-4.377211073905445,0.4712869631718375,0.6785517014632207,0.6652066546067564,0.049329216810589736,Einsatz,2.1332235281478407
-4.377211073905445,0.4712869631718375,0.6785517014632207,0.6652066546067564,0.049329216810589736,weg einsatz,2.1332235281478407
-4.140070448102486,0.18576678942982405,0.6976037242534818,0.9792285071286602,0.03160206536143793,Wacken,2.4794926150108427
-4.34728409659845,0.42685878073104,0.6932054069508425,0.7280504647867887,0.04723356189513749,einsatz wacke+n,2.181922456862207
-4.117432881045337,0.15361685660634317,0.7019579280844941,1.0110487759749758,0.03006185204254643,Open,2.5153065051334167
-4.117432881045337,0.15361685660634317,0.7019579280844941,1.0110487759749758,0.03006185204254643,wacke+n open,2.5153065051334167
-4.092226284196981,0.11729946050935425,0.706738804609887,1.0458893454152742,0.028364253172206512,Air,2.555464535417097
-4.092226284196981,0.11729946050935425,0.706738804609887,1.0458893454152742,0.028364253172206512,open air,2.555464535417097
-4.062598110852839,0.0743220991704805,0.7119836889857047,1.0855758363094823,0.02638821425680591,air trauer+t,2.6028130987628897
-3.3888748065655467,-0.8277506541100497,0.7347818071318366,1.6740998037714834,-0.012148029444357,Feuerwehrmann,3.637967544208575
-3.991834040346012,-0.11320205090828472,0.7729843221624092,1.2588200893855692,0.022262379845676118,trauer+t feuer+wehr+mann,2.763191606593338
-4.277040216284647,0.32293511062709057,0.7184010191868891,0.8573496502257242,0.04216884497132337,feuer+wehr+mann der,2.2956241307803156
-3.9891722248682924,-0.11391733515712343,0.7714422315317117,1.2587894676581886,0.02207390118174337,Feuerwehrmannes,2.7656881274608605
-3.9891722248682924,-0.11391733515712343,0.7714422315317117,1.2587894676581886,0.02207390118174337,tod feuer+wehr+mann+es,2.7656881274608605
-4.332765384128754,0.41242519067742034,0.6914984131815018,0.7434262268818412,0.04604020751613513,feuer+wehr+mann+es viele,2.2013491426016905
-4.352689443548992,0.44320074712227187,0.6808804172093706,0.7004774027699922,0.04740440329122741,tief,2.168245368884879
-4.352689443548992,0.44320074712227187,0.6808804172093706,0.7004774027699922,0.04740440329122741,viele tief,2.168245368884879
-4.36585843947619,0.46349697004073453,0.6731064052889417,0.6706823392111979,0.048288071742123094,tief ge+treff+en,2.1463530434301172
-4.401114544623817,0.5177375541503024,0.6483568599241242,0.5838960858084236,0.050544396986244126,Festival,2.0876004970369273
-4.401114544623817,0.5177375541503024,0.6483568599241242,0.5838960858084236,0.050544396986244126,auch festival,2.0876004970369273
-4.4116517779599285,0.5340004761284101,0.6394147728656201,0.5553019306352392,0.051171503022567254,festival wacke+n,2.0699356605082753
-4.432516645469271,0.5673774747567679,0.6167543816777288,0.49051937727933975,0.052255941966674276,Retter,2.0340813855543063
-4.432516645469271,0.5673774747567679,0.6167543816777288,0.49051937727933975,0.052255941966674276,trauer+t retter,2.0340813855543063
-4.415164676665835,0.545568937174401,0.6257859077716837,0.528315341815531,0.05108796770392591,früher,2.0602522618932286
-4.415164676665835,0.545568937174401,0.6257859077716837,0.528315341815531,0.05108796770392591,retter früher,2.0602522618932286
-4.396873577478158,0.5219636886125767,0.6350305367689147,0.5674988494596466,0.04984998166194398,arbeitete,2.0881543873485335
-4.396873577478158,0.5219636886125767,0.6350305367689147,0.5674988494596466,0.04984998166194398,früher arbeit+ete,2.0881543873485335
-4.378562056367931,0.49774309463141475,0.6439634369757015,0.6059775139245682,0.04860337050062071,Warringholz,2.1163859272560717
-4.083498789818594,0.14735493668070387,0.673661995217145,1.0001400172453705,0.02718698417528955,Schleswig-Holstein,2.5451046651471767
-4.349518021566972,0.45824908677150966,0.6573847654347353,0.6653073599883635,0.04661134900967274,warringholz schleswig-holstein,2.16170309933486
-4.267771168934427,0.34181704725827733,0.6896109289727642,0.8197583004121578,0.04092760072245894,schleswig-holstein nach,2.291813227655881
-4.183360054362728,0.21715985271736127,0.7143708644815877,0.9594356457754415,0.03502338332314451,nach tod,2.4281752185856207
-3.9527390690760176,-0.12421998583324867,0.7504402511448457,1.2583876636092313,0.019499442534636154,tod feuer+wehr+mann,2.80013755382142
-4.23582166049796,0.3057887243082351,0.6894704436249143,0.857311703706154,0.0384949170575695,Jelle,2.3370449724392333
-4.23582166049796,0.3057887243082351,0.6894704436249143,0.857311703706154,0.0384949170575695,feuer+wehr+mann jelle,2.3370449724392333
-4.270751636184721,0.3609710911472188,0.6726669572054625,0.7878228210318443,0.04080825867660771,Govers,2.278398280990733
-4.270751636184721,0.3609710911472188,0.6726669572054625,0.7878228210318443,0.04080825867660771,jelle gover+s,2.278398280990733
-4.311005076600915,0.4264697376758122,0.6458090056656399,0.6942893320486891,0.043300391349773114,fahren,2.209442673149627
-4.311005076600915,0.4264697376758122,0.6458090056656399,0.6942893320486891,0.043300391349773114,gover+s fahr+en,2.209442673149627
-4.329752014207039,0.45917639333342297,0.6271620490522306,0.6403641523902044,0.044290626598897216,fahr+en ganz,2.1758542768192464
-4.349518021566972,0.45824908677150966,0.6573847654347353,0.6653073599883635,0.04661134900967274,ganz schleswig-holstein,2.16170309933486
-4.347492337197856,0.5010463175640891,0.5869955826597281,0.5528549029830304,0.044555153793825415,Löschfahrzeuge,2.1371327486069935
-4.347492337197856,0.5010463175640891,0.5869955826597281,0.5528549029830304,0.044555153793825415,schleswig-holstein lösch+fahrzeug+e,2.1371327486069935
-4.3436399392288045,0.5108999904735214,0.5600799421651106,0.5145964380920024,0.04343050308733382,lösch+fahrzeug+e seit,2.1336763674255685
-4.339335602751207,0.5115794403940974,0.5497801827741925,0.5036254347039736,0.042768327583447736,seit tag+en,2.1363017287002424
-4.323949572619422,0.5077893562502087,0.525081132076474,0.48379792704615454,0.040771951581342954,Trauerflor,2.1496044976795163
-4.323949572619422,0.5077893562502087,0.525081132076474,0.48379792704615454,0.040771951581342954,tag+en trauerflor,2.1496044976795163
-4.28264442951075,0.48696145591932805,0.4795191294263268,0.463218499528312,0.03607741200993068,Kameraden,2.1920394123366895
-4.161856418206487,0.40836346372029264,0.3776068101668686,0.4476506261257025,0.023594835737382504,kamerad+en freund+e,2.327223044167333
-4.189770852998369,0.4305419171715388,0.3872789152785212,0.4307725057899746,0.0259140785107174,Kollegen,2.2930978085428197
-4.189770852998369,0.4305419171715388,0.3872789152785212,0.4307725057899746,0.0259140785107174,freund+e kollege+n,2.2930978085428197
-4.293506892976425,0.5031820300748027,0.4589529717014158,0.4182084073908663,0.03614006677943012,kollege+n zeig+en,2.1734645213793975
-4.331885553219467,0.5297364311717172,0.4839055649539159,0.4095317588740054,0.03994573306243721,ei…,2.1293213563171096
-4.331885553219467,0.5297364311717172,0.4839055649539159,0.4095317588740054,0.03994573306243721,zeig+en ei…,2.1293213563171096
-4.351067829653828,0.5430969383700475,0.49564630995852377,0.4037097774272469,0.0418392870678962,+2468,2.1071791936688187
-4.351067829653828,0.5430969383700475,0.49564630995852377,0.4037097774272469,0.0418392870678962,ei… +2468,2.1071791936688187
-4.3689982107049365,0.555714196422467,0.5059902603005875,0.3970634554950516,0.043598262233018804,+2468 chars,2.086384913589014
-3.400768621752607,-0.1571795150301072,-0.5177527666938594,-0.1639140238568632,-0.03086808336926899,Wetterfühligkeit,3.2086278855032426
-2.6703785208869224,-0.7104825848482395,-0.858996040573915,-0.1896575038165721,-0.06440428794585124,wetterfühligkeit gewitter,4.0907480298646295
-3.6976311311791634,0.06831382020075205,-0.3475321906959192,-0.15552167430371272,-0.012722714778312008,Knochen,2.8525462753753423
-3.6976311311791634,0.06831382020075205,-0.3475321906959192,-0.15552167430371272,-0.012722714778312008,gewitter knochen,2.8525462753753423
-3.8324156997669565,0.1719617985595212,-0.2607917883074478,-0.15027899789881716,-0.004075577750239576,Manche,2.6908860067645817
-3.8324156997669565,0.1719617985595212,-0.2607917883074478,-0.15027899789881716,-0.004075577750239576,knochen manch+e,2.6908860067645817
-3.9108503829065726,0.23234935416686286,-0.20748015507290152,-0.1470910712171068,0.001213984452349666,manch+e mensch+en,2.5969993238979234
-3.9831649624319665,0.2880448159272342,-0.15632273867911606,-0.14404493286738618,0.006268514264354888,spüren,2.510586967975582
-3.9831649624319665,0.2880448159272342,-0.15632273867911606,-0.14404493286738618,0.006268514264354888,mensch+en spür+en,2.510586967975582
-3.7400907488385267,0.1008538256640732,-0.32092415704101246,-0.15399829691456624,-0.010020654324285186,spür+en wetter,2.801628775920539
-4.117359863158588,0.3913699545066245,-0.0558210384021971,-0.13804381450726944,0.016118262778684382,ändert,2.350684107019726
-4.117359863158588,0.3913699545066245,-0.0558210384021971,-0.13804381450726944,0.016118262778684382,wetter änder+t,2.350684107019726
-4.188787701623637,0.4463201891947801,0.0009263708072909105,-0.13458162483418856,0.02160609244249232,bloß,2.2658484915953894
-4.188787701623637,0.4463201891947801,0.0009263708072909105,-0.13458162483418856,0.02160609244249232,für bloß,2.2658484915953894
-4.197967512185619,0.4533806564769798,0.008399446138799338,-0.13411586813078125,0.022322194039400896,lästig,2.254959870531734
-4.197967512185619,0.4533806564769798,0.008399446138799338,-0.13411586813078125,0.022322194039400896,bloß lästig,2.254959870531734
-4.22873967983382,0.47705168294858,0.03377243417831893,-0.13250394936651805,0.024735858529200024,leidet,2.2184809027764745
-4.22873967983382,0.47705168294858,0.03377243417831893,-0.13250394936651805,0.024735858529200024,lästig leid+et,2.2184809027764745
-4.242464018378537,0.48761417300884546,0.04525773482918555,-0.1317521648239709,0.02581635998343878,Lebensqualität,2.2022202304998393
-4.242464018378537,0.48761417300884546,0.04525773482918555,-0.1317521648239709,0.02581635998343878,leid+et leben+s+qualität,2.2022202304998393
-4.2583892388488955,0.49988043004699345,0.05872760108404179,-0.13084289601365362,0.02706930307104597,leben+s+qualität deutlich,2.1833558767679517
-4.270873213443089,0.5095097391468617,0.06940528037967486,-0.13009072365034619,0.02804678629101664,steckt,2.168567655249785
-4.270873213443089,0.5095097391468617,0.06940528037967486,-0.13009072365034619,0.02804678629101664,was steck+t,2.168567655249785
-4.28673525480585,0.5217790197873837,0.08315183075322752,-0.1290531200622016,0.02927139301558935,steck+t wetterfühligkeit,2.14976866112692
-4.299243418503895,0.5315132305013892,0.0941876941115602,-0.12810917158517643,0.030201348226476722,fühlig,2.1349203901228213
-4.299243418503895,0.5315132305013892,0.0941876941115602,-0.12810917158517643,0.030201348226476722,nur fühlig,2.1349203901228213
-4.304302228100253,0.5354836110818941,0.09873195340050578,-0.12765933754820258,0.030555277656232067,fühlig schon,2.128899218281978
-4.306469125337898,0.537195916611457,0.1007026491776451,-0.12744314420994074,0.030698793993909256,schon empfindlich,2.1263142532210666
-3.324147274110695,-0.21646927196051902,-0.5594524767648039,-0.1677690710693538,-0.03452045586262109,Diese,3.301418833040376
-4.311926106662435,0.5415781567518263,0.10579929874134136,-0.12675534242507763,0.031009353663112797,Erfahrung,2.119768064080098
-4.311926106662435,0.5415781567518263,0.10579929874134136,-0.12675534242507763,0.031009353663112797,dieser+e erfahrung,2.119768064080098
-4.3135798504442135,0.5429644892974264,0.10745101088812176,-0.12642538342029408,0.031059651249681484,teilt,2.11775347351724
-4.3135798504442135,0.5429644892974264,0.10745101088812176,-0.12642538342029408,0.031059651249681484,erfahrung teil+t,2.11775347351724
-4.314471989297802,0.5437964113917055,0.1084956116730883,-0.1260684419621358,0.03102178714672709,Andrea,2.1166219683994987
-4.314471989297802,0.5437964113917055,0.1084956116730883,-0.1260684419621358,0.03102178714672709,teil+t andrea,2.1166219683994987
-4.3144703985475985,0.5439002315006882,0.10868717801600886,-0.12584252989333977,0.03093945489510324,Lindwurm-Spaeth,2.116567891182908
-4.3144703985475985,0.5439002315006882,0.10868717801600886,-0.12584252989333977,0.03093945489510324,andrea lindwurm-spaeth,2.116567891182908
-4.311091360515783,0.5416849440688585,0.10647297601746702,-0.12515292867316247,0.0303402687652446,Ärztin,2.1203550056585865
-4.311091360515783,0.5416849440688585,0.10647297601746702,-0.12515292867316247,0.0303402687652446,der arzt+in,2.1203550056585865
-4.306539895247063,0.5384333791540792,0.10303146998741558,-0.12476882711006913,0.029732053038721278,Mitglied,2.1255991665479197
-4.306539895247063,0.5384333791540792,0.10303146998741558,-0.12476882711006913,0.029732053038721278,arzt+in mitglied,2.1255991665479197
-4.297183020833928,0.5315775331530346,0.09573636192884494,-0.12426631052847438,0.02858905275233694,mitglied deutsch+en,2.1364732905305353
-4.285195241313822,0.522643136301546,0.08628064162742394,-0.12381101350200106,0.027199235579092713,Gesellschaft,2.1504893751348204
-4.285195241313822,0.522643136301546,0.08628064162742394,-0.12381101350200106,0.027199235579092713,deutsch+en gesellschaft,2.1504893751348204
-4.242728959564441,0.49028043829457313,0.05284785347607601,-0.12268355368026089,0.02250780953099945,Allgemeinmedizin,2.2005587922000824
-4.242728959564441,0.49028043829457313,0.05284785347607601,-0.12268355368026089,0.02250780953099945,gesellschaft allgemeinmedizin,2.2005587922000824
-4.135730785674577,0.4055180840984294,-0.028579438811340424,-0.12039778972347852,0.011268530841587139,Familienmedizin,2.328693139205255
-4.135730785674577,0.4055180840984294,-0.028579438811340424,-0.12039778972347852,0.011268530841587139,allgemeinmedizin familie+n+medizin,2.328693139205255
-4.269610042217641,0.5108492752242335,0.07476381611274036,-0.12230310143492064,0.025060172920729394,DEGAM,2.168804103456566
-4.269610042217641,0.5108492752242335,0.07476381611274036,-0.12230310143492064,0.025060172920729394,familie+n+medizin degam,2.168804103456566
-4.303586303804254,0.5366544457772084,0.10230445527808035,-0.12264359656790837,0.028645692452908204,Teil,2.1288161761601527
-4.303586303804254,0.5366544457772084,0.10230445527808035,-0.12264359656790837,0.028645692452908204,als teil,2.1288161761601527
-4.313679384387065,0.5442475864734411,0.11060245917024347,-0.12271959661981814,0.029712667922574883,teil de…,2.1169835778554003
-4.322332189595,0.5507322682593576,0.11776167466948606,-0.12277287792678752,0.0306271304810612,+13794,2.1068555861174327
-4.322332189595,0.5507322682593576,0.11776167466948606,-0.12277287792678752,0.0306271304810612,de… +13794,2.1068555861174327
-4.3326646165103675,0.5584472358562427,0.12636762847863153,-0.1228200356566083,0.03171807175845102,+13794 chars,2.0947802442934202
-3.6404287548573757,0.027922381016167286,-0.37762350030605263,-0.15148526167822424,-0.018516223685447655,Rückversicherer,2.9193553726025336
-3.712242946857866,0.0828857197881987,-0.33380019340626993,-0.14930731876906478,-0.013896403082404168,Munich,2.8332054783011955
-3.712242946857866,0.0828857197881987,-0.33380019340626993,-0.14930731876906478,-0.013896403082404168,rückversicherer munich,2.8332054783011955
-3.947005906175358,0.2626859771866079,-0.17893717683010388,-0.14176598578634408,0.002324544143308696,Kosten,2.5524477358389546
-4.297857092175202,0.5300848522777062,0.09247982162245827,-0.12875758240003354,0.03029401182812496,munich kosten,2.1367502392295767
-3.4959801300620827,-0.08232236325297393,-0.45976429718690054,-0.15371866099720044,-0.02811581525080525,Naturkatastrophen,3.092818929263297
-4.285504539903988,0.5207505939746351,0.08197693309057508,-0.12925111163215036,0.02921826137353873,kosten natur+katastrophe+n,2.151267246805017
-4.26614853412819,0.506105295868031,0.06566974257935254,-0.13002019462248932,0.027547712805908238,lagen,2.1740370595963077
-4.26614853412819,0.506105295868031,0.06566974257935254,-0.13002019462248932,0.027547712805908238,natur+katastrophe+n lieg+en,2.1740370595963077
-4.259008460752835,0.5006973919702613,0.05970018190334786,-0.13030261549492272,0.026936093051999073,lieg+en 2025,2.1824430687827276
-4.247541221633875,0.4920061609067643,0.050163993978280585,-0.13075478700753929,0.025958964358017735,224,2.1959507397587843
-4.247541221633875,0.4920061609067643,0.050163993978280585,-0.13075478700753929,0.025958964358017735,2025 224,2.1959507397587843
-4.242122925470706,0.4878970750358185,0.045679909476088965,-0.13096784500692182,0.025499466961732158,224 milliarde+n,2.2023362154166213
-4.226058708516849,0.4757055448384486,0.032466850049218676,-0.1315973285994591,0.024145368812714042,US-Dollar,2.2212792429602155
-4.226058708516849,0.4757055448384486,0.032466850049218676,-0.1315973285994591,0.024145368812714042,milliarde+n us+-+dollar,2.2212792429602155
-4.259008460752835,0.5006973919702613,0.05970018190334786,-0.13030261549492272,0.026936093051999073,us+-+dollar 2025,2.1824430687827276
-4.200866572365539,0.45656155323074876,0.011987813581960438,-0.13257808759657697,0.022046337657550978,fielen,2.2510188877441166
-4.200866572365539,0.45656155323074876,0.011987813581960438,-0.13257808759657697,0.022046337657550978,2025 fall+en,2.2510188877441166
-4.297857092175202,0.5300848522777062,0.09247982162245827,-0.12875758240003354,0.03029401182812496,fall+en kosten,2.1367502392295767
-4.149564473918105,0.4174931412579417,-0.028827071172857432,-0.1345525514444521,0.01786215382339596,kosten schwer+e,2.311697904213839
-4.285504539903988,0.5207505939746351,0.08197693309057508,-0.12925111163215036,0.02921826137353873,schwer+e natur+katastrophe+n,2.151267246805017
-4.0684042682867165,0.3555079003982806,-0.0910675707574427,-0.13761966499717504,0.011480717366049477,niedriger,2.407976679996639
-4.0684042682867165,0.3555079003982806,-0.0910675707574427,-0.13761966499717504,0.011480717366049477,natur+katastrophe+n niedrig+er,2.407976679996639
-3.9637462108872583,0.275363719364611,-0.16738950159210675,-0.14148636962364414,0.003657196706988698,niedrig+er vorjahr,2.532564250337919
-3.8976571593125304,0.224686765485705,-0.21345601581648443,-0.14388382132548172,-0.0010625047021059,Jedoch,2.611448056824336
-3.830469645055678,0.17314715434712058,-0.25870678502790717,-0.14629023084561038,-0.005695901692110511,verursachten,2.6917830386417165
-3.830469645055678,0.17314715434712058,-0.25870678502790717,-0.14629023084561038,-0.005695901692110511,jedoch verursach+t+en,2.6917830386417165
-3.634552663102119,0.02294025900912411,-0.3823205964571519,-0.15315431380690875,-0.018334268531328954,verursach+t+en überschwemmung+en,2.9266768484177326
-2.4982499252852044,-0.8355382996461951,-0.9219250660839055,-0.18972911372221357,-0.07309569283362699,überschwemmung+en gewitter,4.296827328192997
-3.383647553436426,-0.16814087475170036,-0.5208638089079288,-0.1566437581380935,-0.03472110473035023,Waldbrände,3.2280776836241722
-3.383647553436426,-0.16814087475170036,-0.5208638089079288,-0.1566437581380935,-0.03472110473035023,gewitter wald+brand+e,3.2280776836241722
-3.780245329229138,0.13523035432280817,-0.2901333267268941,-0.14630460675200213,-0.009708860930473927,Rekordschaden,2.7515824158663835
-3.780245329229138,0.13523035432280817,-0.2901333267268941,-0.14630460675200213,-0.009708860930473927,wald+brand+e rekord+schaden,2.7515824158663835
-3.956267040228249,0.27005428168277357,-0.17189802377812974,-0.14080054724142166,0.002762278742753102,der rückversicherer,2.541255259113758
-4.082959240843751,0.3669257681192053,-0.07964111626970505,-0.13651711675294848,0.012400621643062264,munich seh+t,2.390532615152363
-4.1065695663994894,0.3853598991681557,-0.06097562632186018,-0.13478789756893295,0.013935002436498069,seh+t steig+end+en,2.362297112293238
-4.117577929963623,0.3941103358695526,-0.05178794708499046,-0.13348397808676227,0.014476383715326259,globalen,2.349054160069144
-4.117577929963623,0.3941103358695526,-0.05178794708499046,-0.13348397808676227,0.014476383715326259,steig+end+en global+en,2.349054160069144
-4.120221828879799,0.3963978709019389,-0.04901129808243168,-0.13247330778377858,0.0143501984571082,global+en temperatur+en,2.345771958060887
-4.092687146748132,0.3755968648336323,-0.06751455358696945,-0.13018240643147272,0.010950824134552416,wesentlichen,2.3782905858746655
-4.092687146748132,0.3755968648336323,-0.06751455358696945,-0.13018240643147272,0.010950824134552416,temperatur+en wesentlich+en,2.3782905858746655
-3.9620773605141255,0.2718957169754068,-0.15781336928376605,-0.12717853200335988,-0.0018371276236995998,wesentlich+en grund,2.5355656780826212
-4.071095874312573,0.3584213270923873,-0.08161869983635733,-0.12798689250106876,0.008150146662598105,wachsende,2.40425241497133
-4.071095874312573,0.3584213270923873,-0.08161869983635733,-0.12798689250106876,0.008150146662598105,grund wachs+end+e,2.40425241497133
-4.144485001251599,0.4153136784976399,-0.027667712808000233,-0.12838287534894505,0.01510966711507248,wachs+end+e schaden,2.3167825669239406
-4.197036630808614,0.45535719387129214,0.012570347071316545,-0.12830079060379168,0.02010877630975167,schaden natur+katastrophe+n,2.2546232718491517
-4.248579293651328,0.49422485907650326,0.05350777912047222,-0.12779752262388577,0.02498542133572524,Berechnungen,2.1939646404383923
-4.248579293651328,0.49422485907650326,0.05350777912047222,-0.12779752262388577,0.02498542133572524,nach berechnung+en,2.1939646404383923
-4.273444207970245,0.5128813216983097,0.07381090953138558,-0.12739203923430215,0.027326250195413203,Dax-Konzerns,2.1647860384399635
-4.273444207970245,0.5128813216983097,0.07381090953138558,-0.12739203923430215,0.027326250195413203,berechnung+en dax+-+konzern+s,2.1647860384399635
-4.289007485644144,0.5245369364079313,0.08670650342665287,-0.12708635193019463,0.028788863484430847,beliefen,2.1465460983507745
-4.289007485644144,0.5245369364079313,0.08670650342665287,-0.12708635193019463,0.028788863484430847,dax+-+konzern+s belauf+en,2.1465460983507745
-4.303458994700266,0.5353474078427372,0.09881082525338608,-0.1267687718109905,0.030146240995757793,belauf+en di…,2.129624122344029
-4.308158446279012,0.5388604545864999,0.10277398587536268,-0.12665882238236825,0.030587637322186147,+1375,2.124124327865398
-4.308158446279012,0.5388604545864999,0.10277398587536268,-0.12665882238236825,0.030587637322186147,di… +1375,2.124124327865398
-4.313524115258315,0.5428701589700307,0.10731517796558321,-0.1265294253903792,0.031091671402868816,+1375 chars,2.117846647034977
-3.966670203107759,0.27393625322750026,1.0234511369934753,-0.9596072018900841,1.8245316417707238,AUA-Hagelflug,2.656537413180731
-3.8272618876710314,0.1732762321202772,0.9381704859308139,-0.9584324005282896,1.8130435272148633,Ermittlungen,2.8201694863569147
-4.330420383268521,0.5852578847444048,1.08356017361824,-0.816013228791254,1.539817801174758,aua-hagelflug ermittlung+en,2.185377238272131
-4.211314041397509,0.5050058891030242,0.9937574008107083,-0.8146258150528981,1.527894869155954,Staatsanwaltschaft,2.3206993486839
-4.445734481067248,0.6555255762667076,1.175148199492745,-0.8172196639616891,1.5518435841051819,ermittlung+en staatsanwaltschaft,2.058673078715885
-4.103249728784287,0.42703765583247466,0.9165545385904893,-0.8133106261276676,1.5175487153830733,staatsanwaltschaft wien,2.4465572490813736
-3.910079061352757,0.17931292512188612,1.1093630004270052,-1.0488380167010092,2.0151605936972845,eingestellt,2.764453785981298
-4.424613599500826,0.6432945831658543,1.158040578889044,-0.817012929996775,1.5496081700050155,wien ein+ge+stell+t,2.0815151442471844
-4.408202678261168,0.6335819121793329,1.1448492631917242,-0.816847364359046,1.5478810084013555,ein+ge+stell+t der,2.099382240491251
-4.181866583730613,0.41698591656082984,1.1661600182468939,-0.9613166459582136,1.8435021937955174,Verfahren,2.411390380128207
-4.181866583730613,0.41698591656082984,1.1661600182468939,-0.9613166459582136,1.8435021937955174,der verfahren,2.411390380128207
-4.098973942439629,0.3640306470920278,1.1095723311658379,-0.9606876299365352,1.8360197009487806,neun,2.504551005144691
-4.098973942439629,0.3640306470920278,1.1095723311658379,-0.9606876299365352,1.8360197009487806,verfahren neun,2.504551005144691
-3.7976397206465786,0.15128751130409612,0.9207495015028276,-0.9581836368270549,1.8106836444744385,Ermittlerinnen,2.8553147408947748
-3.7976397206465786,0.15128751130409612,0.9207495015028276,-0.9581836368270549,1.8106836444744385,neun ermittler+in+nen,2.8553147408947748
-4.054410308727964,0.3343803072125442,1.079990064657164,-0.9603314257096547,1.8320869228344476,Ermittler,2.5553286549267717
-4.054410308727964,0.3343803072125442,1.079990064657164,-0.9603314257096547,1.8320869228344476,ermittler+in+nen ermittler,2.5553286549267717
-4.082905282173569,0.3534279676393757,1.0988380153124542,-0.9605603731324868,1.8345942866066334,Verkehrsministeriums,2.5228078718706106
-4.082905282173569,0.3534279676393757,1.0988380153124542,-0.9605603731324868,1.8345942866066334,ermittler verkehr+s+ministerium+s,2.5228078718706106
-4.215699582838896,0.4376794367599337,1.1898391397137407,-0.9615566965526916,1.8466169146267986,verkehr+s+ministerium+s ein+ge+stell+t,2.3739009742360935
-4.21769018107222,0.4388789288244561,1.1912427869061055,-0.9615704583919498,1.8468012380366359,ein+ge+stell+t werd+en,2.371705637786363
1.0574980422837923,-2.9604588922659882,-0.16471453262314556,-0.11111410878365406,1.3917913639029373,Von,8.497334135106925
-4.353805023197508,0.6001631028733103,1.1017696143806734,-0.8162716449645611,1.542219932584995,neuen,2.1593064746009327
-4.353805023197508,0.6001631028733103,1.1017696143806734,-0.8162716449645611,1.542219932584995,von neu+en,2.1593064746009327
-4.3223902309292495,0.5800694806500313,1.0773505919414035,-0.8159231876666764,1.5389974260008783,Entwicklung,2.1943703865150486
-4.3223902309292495,0.5800694806500313,1.0773505919414035,-0.8159231876666764,1.5389974260008783,neu+en entwicklung,2.1943703865150486
-4.141199358427794,0.4548950652547197,0.9432057403905786,-0.8137753083483308,1.5211299543038017,entwicklung rund,2.402068401256286
-4.3080697467856695,0.5707309939379674,1.066332154889655,-0.8157610965302946,1.537540213484616,rund ermittlung+en,2.2104581373047907
-4.383520773894671,0.6186448278450469,1.1251787647105598,-0.8165909439335621,1.5452999831423513,ermittlung+en aua-hagelflug,2.126442085121253
-4.20462858114412,0.5003103551055235,0.9888634658168626,-0.8145454245438274,1.527241585214977,Juni,2.328408126000167
-4.4157548436965,0.6380738345934209,1.1509087119002248,-0.8169240690623711,1.5486747556864462,aua-hagelflug juni,2.091147300223162
-4.218245800246514,0.5098548586819747,0.9988481077736383,-0.814708963107918,1.5285740429085086,juni 2024,2.312718279319972
-4.4347824290421975,0.6492218499197788,1.1662589918991495,-0.8171133902320995,1.5506826928197235,Donn…,2.0704957807732636
-4.4347824290421975,0.6492218499197788,1.1662589918991495,-0.8171133902320995,1.5506826928197235,2024 donn…,2.0704957807732636
-4.4406447472445425,0.6526064999551004,1.1710122737769009,-0.8171705293444377,1.551303623858086,+1449,2.064161512669067
-4.4406447472445425,0.6526064999551004,1.1710122737769009,-0.8171705293444377,1.551303623858086,donn… +1449,2.064161512669067
-4.445048217770889,0.6551330546874241,1.1745900505021605,-0.8172130650807893,1.5517707333773045,+1449 char+s,2.0594124967566243
-4.313984101962117,0.5344977159462734,0.12273176218458315,-0.10485822050415437,0.0229150027634624,teilweise,2.1216016091461745
-4.313984101962117,0.5344977159462734,0.12273176218458315,-0.10485822050415437,0.0229150027634624,ermittlung+en teilweise,2.1216016091461745
-4.547079916793367,0.7193149336684029,0.3291068569844232,-0.10984458443864302,0.05068108642946793,teilweise ein+ge+stell+t,1.844785715311875
-4.5458928018578355,0.7184436673820538,0.32798798598602663,-0.10981959461307624,0.05053200351496429,ein+ge+stell+t ein,1.8461528309907695
-4.545479519121365,0.7181401349612346,0.32759862272907314,-0.10981089189246289,0.05048011923078522,AUA-Flieger,1.846628903305369
-4.545479519121365,0.7181401349612346,0.32759862272907314,-0.10981089189246289,0.05048011923078522,ein aua-flieg+er,1.846628903305369
-4.544182172126822,0.7171866075735479,0.32637690246475504,-0.10978356380492309,0.050317306686145626,aua-flieg+er werd+e,1.8481237699328523
-4.543498800255923,0.716683914879945,0.3257336963801538,-0.10976916332283586,0.05023158178931523,werd+e 2024,1.8489114371185233
-4.5419302415204506,0.7155289644294434,0.3242581919782145,-0.10973609531312754,0.05003490932140315,2024 weg,1.850720044726978
-4.540766694081144,0.7146712346547278,0.32316444683083445,-0.10971155297707279,0.04988910338859887,weg wien,1.8520622490073837
-4.550071145138429,0.7215063295449884,0.33192916829777175,-0.1099074996665139,0.0510570678599279,wien hagel,1.8413432836984551
-4.363599243636415,0.5757482629822102,0.1644191002131538,-0.10591645221584566,0.028565139462616455,schwer,2.061481937458173
-4.363599243636415,0.5757482629822102,0.1644191002131538,-0.10591645221584566,0.028565139462616455,hagel schwer,2.061481937458173
-4.537296155977069,0.7121078644231426,0.31990603437140763,-0.10963828720823031,0.04945463340073653,beschädigt,1.8560686402165274
-4.537296155977069,0.7121078644231426,0.31990603437140763,-0.10963828720823031,0.04945463340073653,schwer beschädig+t,1.8560686402165274
-4.295797345336757,0.5191824006387147,0.10774883249020756,-0.1044731949248157,0.020879439150018213,Neun,2.1437669012269813
-4.53444360064115,0.7099953735682734,0.3172322384382842,-0.10957799892742591,0.049098009290319856,Personen,1.8593649410590039
-4.53444360064115,0.7099953735682734,0.3172322384382842,-0.10957799892742591,0.049098009290319856,neun person+en,1.8593649410590039
-4.5319856675287005,0.7081711292327476,0.3149315271472841,-0.1095260028146816,0.048791070202890176,Sicherheitsuntersuchungsstelle,1.8622076090713051
-4.5319856675287005,0.7081711292327476,0.3149315271472841,-0.1095260028146816,0.048791070202890176,person+en sicherheit+s+untersuchung+s+stelle,1.8622076090713051
-4.5248244611676345,0.702835350050811,0.3082452576601108,-0.10937426931226245,0.04789865363718288,sicherheit+s+untersuchung+s+stelle werd+e,1.8705021563237207
-4.5231638430325045,0.7015936505066489,0.30669836525835525,-0.10933903431848795,0.047692105812612524,danach,1.8724282004691402
-4.5231638430325045,0.7015936505066489,0.30669836525835525,-0.10933903431848795,0.047692105812612524,werd+e danach,1.8724282004691402
-4.521082581738382,0.7000351177644275,0.30476154884859374,-0.1092948489713614,0.047433449241563376,vorgeworfen,1.874843498640149
-4.521082581738382,0.7000351177644275,0.30476154884859374,-0.1092948489713614,0.047433449241563376,danach vor+ge+werf+en,1.874843498640149
-4.516731219238918,0.6967684249759183,0.30071905902551044,-0.10920238172217554,0.04689342704865843,Untersuchungen,1.879898158582423
-4.516731219238918,0.6967684249759183,0.30071905902551044,-0.10920238172217554,0.04689342704865843,vor+ge+werf+en untersuchung+en,1.879898158582423
-4.510705324092105,0.6922264807946998,0.29513628100368405,-0.10907414485276466,0.04614729163546517,zugunsten,1.8869088655749375
-4.510705324092105,0.6922264807946998,0.29513628100368405,-0.10907414485276466,0.04614729163546517,untersuchung+en zugunsten,1.8869088655749375
-4.503733193475268,0.6869454934618819,0.2886991731412777,-0.10892552204697974,0.04528647188915467,Lufthansa,1.8950359643355954
-4.503733193475268,0.6869454934618819,0.2886991731412777,-0.10892552204697974,0.04528647188915467,zugunsten lufthansa,1.8950359643355954
-4.497631649010145,0.6823016166106723,0.28308552329089653,-0.10879525669622951,0.04453533335779284,beeinflusst,1.9021616923036917
-4.497631649010145,0.6823016166106723,0.28308552329089653,-0.10879525669622951,0.04453533335779284,lufthansa beeinfluss+t,1.9021616923036917
-4.474078957774763,0.6641873834710741,0.2615888343412368,-0.10829096436903975,0.04165521802083628,nun werd+en,1.929781804083614
-4.457725969634528,0.651442434433568,0.246824988335266,-0.10793981044131283,0.039673776549705005,werd+en ermittlung+en,1.9490611536786289
-4.3806036200332334,0.5896892376041392,0.17898265372656996,-0.10628113710594851,0.03053427750259815,einge…,2.0410046126328707
-4.3806036200332334,0.5896892376041392,0.17898265372656996,-0.10628113710594851,0.03053427750259815,teilweise einge…,2.0410046126328707
-4.310926057401072,0.5319293669352667,0.12020132989582238,-0.10479335664849297,0.02257139874842689,Aufgrund,2.125324061437545
-4.310926057401072,0.5319293669352667,0.12020132989582238,-0.10479335664849297,0.02257139874842689,einge… aufgrund,2.125324061437545
-4.3480677791620534,0.5629238274267325,0.1512406895342706,-0.1055841283044177,0.02678115250956547,Beweisergebnisse,2.0802440527473958
-4.3480677791620534,0.5629238274267325,0.1512406895342706,-0.1055841283044177,0.02678115250956547,aufgrund beweis+ergebnis+se,2.0802440527473958
-4.435551838873677,0.6339543579142881,0.22701749350790573,-0.10746289499387597,0.03701116667690205,beweis+ergebnis+se sei,1.9753301313338203
-4.457725969634528,0.651442434433568,0.246824988335266,-0.10793981044131283,0.039673776549705005,strafbare,1.9490611536786289
-4.457725969634528,0.651442434433568,0.246824988335266,-0.10793981044131283,0.039673776549705005,sei straf+bar+e,1.9490611536786289
-4.472819833300544,0.6632108342043027,0.2604473579021711,-0.10826395108858826,0.04150211935846163,Handlung,1.9312633339825602
-4.472819833300544,0.6632108342043027,0.2604473579021711,-0.10826395108858826,0.04150211935846163,straf+bar+e handlung,1.9312633339825602
-4.486763700494262,0.6739796794036836,0.2731321678663071,-0.10856281991723908,0.04320252087976923,Beschuldigten,1.9148843150426975
-4.486763700494262,0.6739796794036836,0.2731321678663071,-0.10856281991723908,0.04320252087976923,handlung beschuldig+t+en,1.9148843150426975
-4.4918253024291035,0.6778634397736255,0.27776054421735197,-0.10867113556874551,0.043822445513383386,feststellbar,1.9089541257071159
-4.4918253024291035,0.6778634397736255,0.27776054421735197,-0.10867113556874551,0.043822445513383386,beschuldig+t+en fest+stell+bar,1.9089541257071159
-4.468803643280973,0.660090589381399,0.2568116762668001,-0.1081777579625292,0.04101437996183364,fest+stell+bar bestätig+te,1.9359922042842648
-4.440815797195014,0.6381266522971342,0.23169756345858872,-0.10757616003303634,0.0376407193332834,bestätig+te staatsanwaltschaft,1.9690812635432131
-4.175714188816086,0.4159429695667922,0.012721985748082199,-0.10198660390688798,0.00791165524482839,wien donnerstag,2.291568116601702
-4.407621084893181,0.6116107310514229,0.2024144816979177,-0.10686184095581779,0.03369722916548663,Kurier-Bericht,2.0086146193828798
-4.407621084893181,0.6116107310514229,0.2024144816979177,-0.10686184095581779,0.03369722916548663,donnerstag kurier+-+bericht,2.0086146193828798
-4.3480677791620534,0.5629238274267325,0.1512406895342706,-0.1055841283044177,0.02678115250956547,+2595,2.0802440527473958
-4.3480677791620534,0.5629238274267325,0.1512406895342706,-0.1055841283044177,0.02678115250956547,ermittler+in+nen +2595,2.0802440527473958
-4.392725299928252,0.5995603738540554,0.18945110281523042,-0.10654152512943364,0.03194817184044973,+2595 char+s,2.026449814758903
-3.3195918652660135,-0.2169028204865362,-0.5560173745974036,-0.16047946769921845,-0.03752839962955731,woche+n+ende regen,3.3052454370903916
-2.418965093007786,-0.8938547342438312,-0.9467245955123581,-0.1860655300609384,-0.0783205228687669,heutigen,4.392208383213279
-3.458177968662084,-0.111687513510212,-0.4835345895358198,-0.1584105008715031,-0.028998399227666168,gewitter heutig+en,3.13859527245496
-3.0463151368262387,-0.4241550751603502,-0.6906696670607366,-0.16971971674203656,-0.05104423224950744,heutig+en freitag,3.6348070371719445
-3.167645202647052,-0.3323121219890559,-0.6322775419193429,-0.1649808786721748,-0.045492432345064754,freitag bleib+t,3.488417437641777
-3.225105287480663,-0.2890376921351645,-0.6017828976667341,-0.160350481093597,-0.043636597363408525,bleib+t trocken,3.419269734471099
-3.1650815520423397,-0.33795304480896693,-0.6262825646474135,-0.1554818050565046,-0.04918864446445442,trocken ibiza,3.493374504761668
-3.5105554942091874,-0.07159924507685878,-0.4492210638451428,-0.15019222614448186,-0.028406397645404254,formentera früh+en,3.0754762259849264
-3.5707593891790115,-0.025260108764763256,-0.4154425659758023,-0.14930252290238238,-0.024439235536631573,Abend,3.0029374548831362
-3.5707593891790115,-0.025260108764763256,-0.4154425659758023,-0.14930252290238238,-0.024439235536631573,früh+en abend,3.0029374548831362
-3.7059758005624297,0.07855377911725125,-0.33552305482435196,-0.1467251208192777,-0.015335706009965637,abend regn+en,2.8404513889719434
-3.7319217395573774,0.09844133355149887,-0.31958924861408106,-0.14623782415614656,-0.013517760125248607,beginnen,2.8093404490406924
-3.7319217395573774,0.09844133355149887,-0.31958924861408106,-0.14623782415614656,-0.013517760125248607,regn+en beginn+en,2.8093404490406924
-3.6784896720672453,0.05667627992051738,-0.3554679542599601,-0.1514458810803973,-0.015676031119344985,gelb verhäng+t,2.873887668528658
-3.604753095495233,-5.2394354778106944e-05,-0.40044964425876767,-0.15460082166176498,-0.019995341190646262,verhäng+t uhr,2.9625672186245398
-3.5751358361672096,-0.02277575361523776,-0.417992880594562,-0.15574764708743183,-0.021726385905382575,morgens,2.9981883197111987
-3.5751358361672096,-0.02277575361523776,-0.417992880594562,-0.15574764708743183,-0.021726385905382575,uhr morgens,2.9981883197111987
-3.8129150026055436,0.15821904541695564,-0.2723723721329257,-0.14946472736311778,-0.0059423796745968205,morgens samstag,2.7135782070146135
-3.5879027040684237,-0.014581407118119172,-0.4126715648569703,-0.15800163343692702,-0.019967761066591247,Mitternacht,2.9836939030147094
-3.5879027040684237,-0.014581407118119172,-0.4126715648569703,-0.15800163343692702,-0.019967761066591247,samstag mitternacht,2.9836939030147094
-2.6298502209558645,-0.7397231253669019,-0.874184718648357,-0.18966917307542175,-0.06649569766720254,mitternacht gewitter,4.139130699997316
-3.4450557574298517,-0.12366854527437487,-0.49391401813192554,-0.16281053903431836,-0.028268498862212218,inklusive,3.1554559346506275
-3.4450557574298517,-0.12366854527437487,-0.49391401813192554,-0.16281053903431836,-0.028268498862212218,gewitter inklusive,3.1554559346506275
-3.775717980702984,0.1303660949983234,-0.29570909614148194,-0.149765476433475,-0.008788867455286155,Wahrscheinlic…,2.7577614167966447
-3.775717980702984,0.1303660949983234,-0.29570909614148194,-0.149765476433475,-0.008788867455286155,der wahrscheinlic…,2.7577614167966447
-3.9225998535093605,0.24396264377141863,-0.19599668668218972,-0.1426659810298812,0.0005829647342367739,wahrscheinlic… heutig+en,2.5815805427132936
-4.315313929476809,0.5438169093190981,0.10822447187763246,-0.12718483467049313,0.03151303697537689,Sa…,2.115959800348272
-4.315313929476809,0.5438169093190981,0.10822447187763246,-0.12718483467049313,0.03151303697537689,morgens sa…,2.115959800348272
-4.3192557498958895,0.5467727226127108,0.11160014377467287,-0.12705687964486112,0.03187266434563952,+414,2.1113435189967644
-4.3192557498958895,0.5467727226127108,0.11160014377467287,-0.12705687964486112,0.03187266434563952,sa… +414,2.1113435189967644
-4.323063019549297,0.549626848209686,0.11486869328545884,-0.12693226187301954,0.03222046184958997,+414 char+s,2.1068858298062714
-4.491028417909877,0.6772529021725545,0.2770310250183746,-0.10865408948328416,0.0437247519260719,faire,1.9098872066053714
-4.491028417909877,0.6772529021725545,0.2770310250183746,-0.10865408948328416,0.0437247519260719,kampf fair+e,1.9098872066053714
-4.485849453400449,0.6732767222228507,0.2722975232719772,-0.10854324485315033,0.04309069946569711,Arbeitsbedingungen,1.9159563326934688
-4.485849453400449,0.6732767222228507,0.2722975232719772,-0.10854324485315033,0.04309069946569711,fair+e arbeit+s+bedingung+en,1.9159563326934688
-4.461173496052817,0.6541403471500424,0.24992646314568012,-0.10801389200057253,0.040090249249487155,Niedriglohn,1.9449899402732358
-4.461173496052817,0.6541403471500424,0.24992646314568012,-0.10801389200057253,0.040090249249487155,arbeit+s+bedingung+en niedrigloh+n,1.9449899402732358
-4.423230027068957,0.6241391372721403,0.21611612990509665,-0.10719771865572121,0.03554369931016468,niedrigloh+n schnee,1.9899876849056093
-4.013181118007021,0.2721228782626175,-0.10569298185855891,-0.09882637219824976,-0.008380843960574001,hagel regen,2.494643899687086
-4.294248931179466,0.5178740070549868,0.10648050660949637,-0.10444049819720434,0.02070701004198152,regen hitze,2.1456570184482127
-4.128080730757661,0.3741777199580423,-0.023155695731796183,-0.10103325738281675,0.0029905372499973576,Duisburg,2.350780506797597
-4.3869254203871195,0.5948444276027678,0.18443322433382753,-0.1064168999572394,0.03127060695417928,hitze duisburg,2.033409353877451
-4.201922348626698,0.43874854603730795,0.03289426870964546,-0.10251980402624754,0.010672609417323418,steuert,2.2591177912312115
-4.201922348626698,0.43874854603730795,0.03289426870964546,-0.10251980402624754,0.010672609417323418,duisburg steuer+t,2.2591177912312115
-4.2566989076334885,0.4859443909574437,0.07607135479732824,-0.10365208721571682,0.016567525500287165,größte,2.1916288823598356
-4.2566989076334885,0.4859443909574437,0.07607135479732824,-0.10365208721571682,0.016567525500287165,steuer+t groß,2.1916288823598356
-4.278170462678932,0.5042482490232838,0.0933779304095066,-0.10410181869725806,0.018924661802882263,Binnenhafen,2.165310324300304
-4.278170462678932,0.5042482490232838,0.0933779304095066,-0.10410181869725806,0.018924661802882263,groß binnenhafe+n,2.165310324300304
-4.305495451922079,0.5273614602286978,0.11571875635731227,-0.10467828864769833,0.021962538564606664,Europas,2.1319391455105277
-4.305495451922079,0.5273614602286978,0.11571875635731227,-0.10467828864769833,0.021962538564606664,binnenhafe+n europa+s,2.1319391455105277
-4.333656598404852,0.5509506288332264,0.139117939734672,-0.10527657911145084,0.02513829979290149,Arbeitskampf,2.0977007213596397
-4.333656598404852,0.5509506288332264,0.139117939734672,-0.10527657911145084,0.02513829979290149,europa+s arbeit+s+kampf,2.0977007213596397
-4.356069401405051,0.569541382419579,0.15801533755375463,-0.10575523468995691,0.027698501621675066,Mit­ar­bei­te­r,2.070571216377141
-4.356069401405051,0.569541382419579,0.15801533755375463,-0.10575523468995691,0.027698501621675066,der mit­ar­bei­te­r,2.070571216377141
-4.368799189936853,0.5800227290480953,0.1688575930347625,-0.10602788865307346,0.029165531566395807,in­nen,2.055212716913043
-4.368799189936853,0.5800227290480953,0.1688575930347625,-0.10602788865307346,0.029165531566395807,mit­ar­bei­te­r in­n+en,2.055212716913043
-4.381384016478053,0.5903264500580214,0.17965443765503547,-0.10629789164574042,0.030625049229277813,Tarifvertrag,2.040066486333009
-4.381384016478053,0.5903264500580214,0.17965443765503547,-0.10629789164574042,0.030625049229277813,in­n+en tarif+vertrag,2.040066486333009
-4.388150590111122,0.5958417227290123,0.18549182371419154,-0.10644322054662746,0.031413574663969664,durchsetzen,2.0319385216114285
-4.388150590111122,0.5958417227290123,0.18549182371419154,-0.10644322054662746,0.031413574663969664,tarif+vertrag durch+setz+en,2.0319385216114285
-3.9334292924580105,0.24156444982139758,0.2991365447990839,0.5695123515243082,0.017422151573070914,Tragödie,2.6006218754517683
-3.8528211542916266,0.17542930295505132,0.2936628083686744,0.638200129001374,0.01306936109776475,Anden,2.7018562453110873
-3.8528211542916266,0.17542930295505132,0.2936628083686744,0.638200129001374,0.01306936109776475,tragödie anden,2.7018562453110873
-3.7970484467357952,0.12892406172798743,0.2910343297008092,0.685475243483597,0.010133455084037797,anden deutsch+er,2.7723875128197566
-3.6985286375288196,0.04542841799557129,0.2879156371217211,0.7675146899113977,0.005073504498160186,deutsch+er rad+fahrer,2.8978296106445782
-3.0313850246616183,-0.5357935402106819,0.2658542619522677,1.2174212201397683,-0.025796545938479073,rad+fahrer blitz,3.7573869343272266
-3.3961419340439076,-0.2065300671674597,0.26282359049954374,0.9696876142137401,-0.009517755295019192,erschlagen,3.2802646832948272
-3.3961419340439076,-0.2065300671674597,0.26282359049954374,0.9696876142137401,-0.009517755295019192,blitz erschlag+en,3.2802646832948272
-3.5708974944010503,-0.038102631183072555,0.22707343790113682,0.7830921889663013,-0.0014012125791315333,erschlag+en ein,3.0445933655514406
-2.9236982853271147,-0.4923726100482808,0.03950572733325347,0.9579748027943225,-0.028826871646750903,ein deutsch+er,3.8128004002486184
-3.6158683703973806,0.018595567864931883,0.16963974726545594,0.6618440632343159,0.00013897527074568927,Radreisender,2.9744499353250298
-3.6158683703973806,0.018595567864931883,0.16963974726545594,0.6618440632343159,0.00013897527074568927,deutsch+er rad+reis+end+er,2.9744499353250298
-3.581954581336529,0.008292385110939104,0.10087128744489193,0.5886491038229196,-0.0024268855877645906,rad+reis+end+er sterb+t,3.0044402547211124
-2.8327362102245304,-0.5196098437932752,-0.10118688050970664,0.8098594852639346,-0.03365340457947136,Peru,3.895670907043242
-3.504006424241564,-0.03890333248004363,0.027780314037953446,0.544033000617693,-0.0071325620071662765,sterb+t peru,3.0901918731438283
-3.1885966008154747,-0.2524540029767841,-0.17295363299726776,0.4829122200052869,-0.023759318906013207,schweren,3.4544044845168282
-3.1885966008154747,-0.2524540029767841,-0.17295363299726776,0.4829122200052869,-0.023759318906013207,peru schwer+en,3.4544044845168282
-2.369498890285846,-0.8290985431814946,-0.5384150282056267,0.43056704752880504,-0.05808162929553168,schwer+en gewitter,4.422365039331767
-3.2607905692211734,-0.20164027672568352,-0.1682579604706657,0.4399257475966866,-0.021173776896797586,Kurz,3.3677676255356035
-3.416739347740639,-0.09263440624020514,-0.09269047424875582,0.43605500228301325,-0.013475021745000149,zuvor,3.184629763600833
-3.416739347740639,-0.09263440624020514,-0.09269047424875582,0.43605500228301325,-0.013475021745000149,kurz zuvor,3.184629763600833
-2.852643236170437,-0.5273660514554508,-0.01752071776688577,0.9181646656524289,-0.03178426336683937,offenbar,3.8875405081387537
-3.6678860841220375,0.08243781605243106,0.033933745398993354,0.4196357606936466,-0.00016661926320285514,zuvor offenbar,2.89053487756442
-3.786336358685116,0.16505987054456916,0.09453098604617827,0.40470257855600056,0.006523904154171999,offenbar botschaft,2.7520077869141044
-3.8694290557128923,0.21882098257831695,0.1704548400314289,0.43971998437348436,0.012107760742632208,Notsituation,2.6588700101782754
-3.8694290557128923,0.21882098257831695,0.1704548400314289,0.43971998437348436,0.012107760742632208,botschaft not+situation,2.6588700101782754
-3.8959020595929448,0.23360280633991337,0.20554865973163827,0.4664421369702665,0.01409346528493683,not+situation informier+t,2.6310110319486957
-3.9091169449970193,0.2386016610272894,0.23314732391746146,0.49467545791200046,0.015240714946980559,Lima,2.6188821079365363
-3.912076039495697,0.23817778565748182,0.24572132424579385,0.5105073675146122,0.01559164752726342,lima peru,2.6173101881733176
-3.9125968114980574,0.2357340565644892,0.25766733047822,0.5277824141332954,0.0157947094644729,peru ein,2.6187851465276335
-3.903318569377932,0.22102066419520883,0.28371009332695996,0.5755593064888845,0.01563967393962503,Tourist,2.6355521652781375
-3.903318569377932,0.22102066419520883,0.28371009332695996,0.5755593064888845,0.01563967393962503,deutsch+er tourist,2.6355521652781375
-3.856983871285441,0.17071294727671438,0.31647318813883074,0.6684912866853155,0.013455703220095545,tourist berg+en,2.702058179400164
-3.8223639180463795,0.13596963077631097,0.3280215288530497,0.7178498018795902,0.011651572182552437,Perus,2.7495950722411178
-3.8223639180463795,0.13596963077631097,0.3280215288530497,0.7178498018795902,0.011651572182552437,berg+en peru+s,2.7495950722411178
-3.7780388706232393,0.09255048927213716,0.33754337114805644,0.7722326725429546,0.009291713471803693,peru+s offenbar,2.809641834564145
-3.1808173299230407,-0.45949470877249476,0.33786137614099854,1.2273909862281196,-0.02074729781890483,offenbar blitz,3.59628974969357
-3.5692719806417053,-0.11029649797897423,0.3592034722419052,0.9804557122172533,-0.0018642860947745976,tödlich,3.090606015103147
-3.5692719806417053,-0.11029649797897423,0.3592034722419052,0.9804557122172533,-0.0018642860947745976,blitz tödlich,3.090606015103147
-3.751479566928774,0.05589398612920382,0.36240133330763014,0.8331296777603604,0.007807046155546171,tödlich ge+treff+en,2.8521882998670627
-3.86470672062978,0.15858848587750485,0.3614234464288977,0.7289306127413918,0.014035348667225063,ge+treff+en werd+en,2.704325857392926
-3.922214466718705,0.21014083835050967,0.36025686130969103,0.6723787922170703,0.017253666619527812,Behörden,2.6295555104109383
-3.969900089595937,0.25239530466643045,0.35917452786262183,0.623905141846877,0.01994988897083081,fanden,2.567832529510119
-3.969900089595937,0.25239530466643045,0.35917452786262183,0.623905141846877,0.01994988897083081,behörde+n find+en,2.567832529510119
-4.024236729656572,0.2998439124545078,0.35813102068196734,0.5673450558442324,0.023055861446200428,find+en körper,2.497905094261565
-4.069664710953235,0.3388389768736706,0.35772643357137457,0.5194013903034238,0.02568561180894669,Zelt,2.439843946030273
-4.069664710953235,0.3388389768736706,0.35772643357137457,0.5194013903034238,0.02568561180894669,körper zelt,2.439843946030273
-4.1047127358413285,0.36846232407194,0.3579066486023542,0.4822798490616283,0.027739812710778085,peruanische,2.3953322809969837
-4.1047127358413285,0.36846232407194,0.3579066486023542,0.4822798490616283,0.027739812710778085,wie peruanisch+e,2.3953322809969837
-4.126513371787801,0.3866784116433828,0.3583028273942255,0.45922340525838756,0.029030717363067025,Touristenpolizei,2.367777026597982
-4.126513371787801,0.3866784116433828,0.3583028273942255,0.45922340525838756,0.029030717363067025,peruanisch+e tourist+en+polizei,2.367777026597982
-4.152754024185597,0.4083895784733642,0.3591205418538236,0.43157512958766564,0.030599772213357156,mittei…,2.3347474130862595
-4.152754024185597,0.4083895784733642,0.3591205418538236,0.43157512958766564,0.030599772213357156,tourist+en+polizei mittei…,2.3347474130862595
-4.164939511652219,0.418392641054933,0.3596393169958332,0.41879083356359703,0.031334584245952195,+1341,2.319460744120079
-4.164939511652219,0.418392641054933,0.3596393169958332,0.41879083356359703,0.031334584245952195,mittei… +1341,2.319460744120079
-4.1725235859166405,0.4245934540608032,0.36000941998705327,0.41085506303469527,0.03179402947631867,+1341 chars,2.3099629761267937
-4.049154262454834,0.3522110633069677,0.2043474748449557,0.31204004273390556,0.022038208865233756,der video+s,2.441784239746894
-3.9945968818223787,0.31516574393038765,0.17123979534179035,0.31870386858597377,0.017880302486942758,Orkan,2.504561683634272
-3.9945968818223787,0.31516574393038765,0.17123979534179035,0.31870386858597377,0.017880302486942758,video+s orkan,2.504561683634272
-3.8975793023287277,0.24917465500023495,0.11139367890107099,0.3253117994912851,0.010209561718789208,orkan ibiza,2.616222349521315
-3.8472046266264437,0.21392043563505836,0.0833766742332544,0.33169684757294776,0.006869977506100931,Formenetra,2.674978566721038
-3.8472046266264437,0.21392043563505836,0.0833766742332544,0.33169684757294776,0.006869977506100931,ibiza formenetra,2.674978566721038
-3.932334271038758,0.26846908058105656,0.14182810081400904,0.33788654190043776,0.015250337506756258,formenetra der,2.579242401587263
-2.9556004151721704,-0.4219742720828932,-0.15104261849731807,0.6650402476871141,-0.03011919192829326,der schwer+e,3.7391735154679098
-3.042226644324669,-0.36455714190004707,-0.1181900343990426,0.6584859389233844,-0.025757750963704636,schwer+e unwetter,3.638545170209489
-1.7575463891467935,-1.2438276765601257,-0.6043977393112975,0.6080694032192414,-0.07251480579307551,kam,5.149867200620278
-3.0763392753531686,-0.3452896389349587,-0.11002885093283704,0.648922070492822,-0.022882677829091785,unwetter komm,3.6006005802688734
-3.0611406343794383,-0.3638150971598568,-0.12489378542098448,0.6379725373136735,-0.021672779945227816,Vorankündigung,3.6225167132223572
-3.0611406343794383,-0.3638150971598568,-0.12489378542098448,0.6379725373136735,-0.021672779945227816,komm vorankündigung,3.6225167132223572
-2.3821048543385923,-0.9863288441171796,-0.42536978568836004,0.5827483407265596,-0.037058591727386736,vorankündigung warnung,4.503417049244351
-2.9749743308433043,-0.4611651414398974,-0.16058806505979736,0.6422781185122687,-0.020416225220865336,warnung spanisch+en,3.744448245846849
-3.2145299643833964,-0.2708493658354718,0.026717174342697547,0.7554210801077431,-0.014175410881075629,Minute,3.453644453749423
-3.2145299643833964,-0.2708493658354718,0.026717174342697547,0.7554210801077431,-0.014175410881075629,von minute,3.453644453749423
-3.1886278033549655,-0.2983405043737861,0.07408023390820989,0.8407945284571271,-0.01636455731192135,minute erst,3.491921012139064
-3.154640645358217,-0.32884331099679964,0.08778172649075283,0.8830363163795603,-0.018147958513496515,erst ibiza,3.53692177204656
-2.633456730510261,-0.7582086812881879,0.09674892360031345,1.2017587402469088,-0.03792338013279539,Hölle,4.198136909544671
-2.633456730510261,-0.7582086812881879,0.09674892360031345,1.2017587402469088,-0.03792338013279539,formentera hölle,4.198136909544671
-2.3300881480915607,-1.0051339004036381,0.0891195102960784,1.3396902851844672,-0.0478955439855579,los,4.5813611292997845
-2.3300881480915607,-1.0051339004036381,0.0891195102960784,1.3396902851844672,-0.0478955439855579,hölle los,4.5813611292997845
-1.6295989036899288,-1.5672818995068556,0.06796932054964538,1.5924310209190884,-0.0679440718149315,los blitz+e,5.462992953683451
-3.3072632222595346,-0.2483557982434199,0.197835518536925,0.938307348609361,-0.013321028851149774,zuckten,3.3729071341402075
-3.3072632222595346,-0.2483557982434199,0.197835518536925,0.938307348609361,-0.013321028851149774,blitz+e zuck+ten,3.3729071341402075
-3.281044861228414,-0.21725012190286375,0.06569481388517034,0.7636370214111795,-0.018012022848068382,Sekundentakt,3.371182776863727
-3.281044861228414,-0.21725012190286375,0.06569481388517034,0.7636370214111795,-0.018012022848068382,zuck+ten sekunde+n+takt,3.371182776863727
-3.164119953258178,-0.27278503710693336,-0.10919332334421078,0.5912029332755978,-0.023726347951011858,sekunde+n+takt himmel,3.4888054420892605
-2.2815900162849285,-0.8847990790725109,-0.5157817305375899,0.5058442695928996,-0.05964450806284388,Gewitter-Orkan,4.526445942431238
-2.2815900162849285,-0.8847990790725109,-0.5157817305375899,0.5058442695928996,-0.05964450806284388,himmel gewitter+-+orkan,4.526445942431238
-3.3538915802579523,-0.13775449369846648,-0.0832223851206107,0.49615999067490624,-0.01587903116704606,fegte,3.261134824741221
-3.3538915802579523,-0.13775449369846648,-0.0832223851206107,0.49615999067490624,-0.01587903116704606,gewitter+-+orkan feg+te,3.261134824741221
-3.485885802828259,-0.0462726100012818,-0.022227287339225243,0.4853085112102733,-0.009310053356735043,üb…,3.1064420445543695
-3.485885802828259,-0.0462726100012818,-0.022227287339225243,0.4853085112102733,-0.009310053356735043,feg+te üb…,3.1064420445543695
-3.5522662169477472,-0.0002316038890144423,0.00874872013118605,0.4780390033948689,-0.005889273909287701,üb… der,3.028687428543285
-3.6068806630513417,-0.0771520948287916,0.3609676955385809,0.9533048124036816,0.0011671622441370988,zuckten…,3.0421762181411935
-3.6068806630513417,-0.0771520948287916,0.3609676955385809,0.9533048124036816,0.0011671622441370988,blitz+e zuckten…,3.0421762181411935
-3.7985093398731773,0.09671112144414451,0.3637251940293319,0.793707579787813,0.011388667759383679,+916,2.791942851916379
-3.7985093398731773,0.09671112144414451,0.3637251940293319,0.793707579787813,0.011388667759383679,zuckten… +916,2.791942851916379
-3.8524841055092374,0.14543424998885102,0.3633312806317158,0.7436902520637086,0.014339343845331733,+916 chars,2.7215867519795025
-4.514073487361543,0.6947677699876438,0.2982545615224542,-0.10914584838227055,0.04656409838819659,süden deutschland+s,1.8829886974949677
-4.186384603592631,0.42524408516070555,0.020897483898505487,-0.10220298021339684,0.009031145604279818,Drei,2.2783446060555272
-4.507905776530132,0.6901092851104882,0.292548683740696,-0.10901449857684319,0.04580132282837874,deutschland+s drei,1.8901701876555714
-4.504828724942806,0.6877771088172459,0.2897090490613473,-0.10894889191211897,0.045421555844651025,drei ziemlich,1.8937578618088184
-4.499581473790197,0.6837878643344026,0.28487743673895394,-0.10883690387943652,0.04477514584660481,geile,1.8998832268100627
-4.499581473790197,0.6837878643344026,0.28487743673895394,-0.10883690387943652,0.04477514584660481,ziemlich geil+e,1.8998832268100627
-4.495564692053379,0.6807238077543889,0.2811880146671737,-0.10875108868993764,0.04428134394550568,Länder,1.9045784073791556
-4.495564692053379,0.6807238077543889,0.2811880146671737,-0.10875108868993764,0.04428134394550568,geil+e land+er,1.9045784073791556
-4.4798592470905625,0.66866000672222,0.26683911445062203,-0.10841491280171663,0.04235919099599431,Rest,1.9229868754525183
-4.4798592470905625,0.66866000672222,0.26683911445062203,-0.10841491280171663,0.04235919099599431,land+er rest,1.9229868754525183
-4.474078957774763,0.6641873834710741,0.2615888343412368,-0.10829096436903975,0.04165521802083628,rest der,1.929781804083614
-4.468803643280973,0.660090589381399,0.2568116762668001,-0.1081777579625292,0.04101437996183364,der bayer,1.9359922042842648
-4.459481441414404,0.6528169302364206,0.2484035150158892,-0.10797753556459859,0.03988575951787502,bayer markus,1.946987656967468
-4.4119106130305985,0.6150639804368829,0.2061678553224125,-0.1069541293097316,0.034203269175756994,Hesse,2.0034892627081975
-4.4119106130305985,0.6150639804368829,0.2061678553224125,-0.1069541293097316,0.034203269175756994,söder hesse,2.0034892627081975
-4.3806036200332334,0.5896892376041392,0.17898265372656996,-0.10628113710594851,0.03053427750259815,Boris,2.0410046126328707
-4.3806036200332334,0.5896892376041392,0.17898265372656996,-0.10628113710594851,0.03053427750259815,hesse boris,2.0410046126328707
-4.191997945074251,0.43012835785144676,0.02521894946962072,-0.10231720370277307,0.00962260793282805,Rhein,2.2713945312300323
-4.325101035640971,0.5438102525033817,0.13196862051134906,-0.10509441215346592,0.024168647260834432,boris rhein,2.108085347200647
-4.3480677791620534,0.5629238274267325,0.1512406895342706,-0.1055841283044177,0.02678115250956547,Schwabe,2.0802440527473958
-4.3480677791620534,0.5629238274267325,0.1512406895342706,-0.1055841283044177,0.02678115250956547,rhein schwabe,2.0802440527473958
-4.403021335292134,0.6078992597839823,0.19839976288305566,-0.1067628981142527,0.033155766436350036,schwabe manuel,2.0141159764270395
-4.514073487361543,0.6947677699876438,0.2982545615224542,-0.10914584838227055,0.04656409838819659,hagel deutschland,1.8829886974949677
-4.476489239534515,0.666054483133264,0.2637760993121617,-0.10834266145254727,0.0419485353494446,umkrempeln,1.9269471610046414
-4.476489239534515,0.666054483133264,0.2637760993121617,-0.10834266145254727,0.0419485353494446,deutschland um+krempel+n,1.9269471610046414
-4.488528521721218,0.6753353797685699,0.27474449784049504,-0.10860059769753626,0.04341850741743925,Allerdings,1.9128157024392864
-4.496956248929717,0.6817863079928873,0.282465260061631,-0.1087808264474711,0.04445231364538211,allerdings müss+te,1.902951224265688
-4.501424864144832,0.6851910533605341,0.2865732621398126,-0.10887626123753831,0.04500206068678187,müss+te hagel,1.897730298977303
-4.504828724942806,0.6877771088172459,0.2897090490613473,-0.10894889191211897,0.045421555844651025,hagel erst,1.8937578618088184
-4.510705324092105,0.6922264807946998,0.29513628100368405,-0.10907414485276466,0.04614729163546517,erst minister+präsident,1.8869088655749375
-4.206605744324589,0.442809547091666,0.03653187493067844,-0.10261569722935644,0.011170022797933422,minister+präsident baden-württemberg,2.253329293722219
-4.526634225152657,0.7041867024509783,0.30993262274752365,-0.10941264815003547,0.04812392202572872,Seit,1.868404243336851
-4.528553179476052,0.7056174474163917,0.31172354788688994,-0.1094533184145041,0.04836297488408612,her,1.8661810319064047
-4.528553179476052,0.7056174474163917,0.31172354788688994,-0.1094533184145041,0.04836297488408612,seit her,1.8661810319064047
-4.531785196534534,0.7080221801548588,0.3147440097023799,-0.10952176004522134,0.048766050307469784,her zahl,1.8624395559541314
-4.532770578694219,0.7087540797351963,0.31566591012553,-0.10954261190359828,0.0488890522514407,zahl drei,1.861299599244918
-4.534622038393508,0.7101276640118654,0.3173993774877094,-0.10958177195501266,0.049120304658637405,verschiedenste,1.8591586583125572
-4.534622038393508,0.7101276640118654,0.3173993774877094,-0.10958177195501266,0.049120304658637405,drei verscheid+en+st+e,1.8591586583125572
-4.537138338200254,0.7119911215778146,0.31975800253532016,-0.10963495335269267,0.04943489177895264,Kulturen,1.8562509304496837
-4.537138338200254,0.7119911215778146,0.31975800253532016,-0.10963495335269267,0.04943489177895264,verscheid+en+st+e kultur+en,1.8562509304496837
-4.538518249397196,0.7130113650976981,0.3210527603287373,-0.109664097158456,0.049607551625210446,hinweg,1.8546573489726486
-4.538518249397196,0.7130113650976981,0.3210527603287373,-0.109664097158456,0.049607551625210446,kultur+en hinweg,1.8546573489726486
-4.539532217209964,0.7137602954529824,0.32200474959490444,-0.10968550289711428,0.04973448799509137,hinweg groß+e,1.8534868211915465
-4.540363432990307,0.7143737664810941,0.32278553187771664,-0.10970304462503226,0.04983858693373142,Kräfte,1.8525275457672166
-4.540363432990307,0.7143737664810941,0.32278553187771664,-0.10970304462503226,0.04983858693373142,groß+e kraft+e,1.8525275457672166
-4.541292172696062,0.7150587052664511,0.32365831971408376,-0.10972263805816239,0.0499549430066483,beigemessen,1.8514560236848943
-4.541292172696062,0.7150587052664511,0.32365831971408376,-0.10972263805816239,0.0499549430066483,kraft+e beimess+en,1.8514560236848943
-4.542910278893244,0.7162507596592584,0.3251799482936687,-0.10975675856366608,0.05015777519063309,weshalb,1.8495899172851087
-4.542910278893244,0.7162507596592584,0.3251799482936687,-0.10975675856366608,0.05015777519063309,beimess+en weshalb,1.8495899172851087
-4.544182172126822,0.7171866075735479,0.32637690246475504,-0.10978356380492309,0.050317306686145626,weshalb eigentlich,1.8481237699328523
-3.6546716784778654,0.035837188010881205,-0.36009981176858735,-0.13907767777046187,-0.022090320625446858,weiteren,2.9037160189063522
-4.546096047156747,0.7185928997454525,0.3281794986055381,-0.10982387394096714,0.05055752262662675,eigentlich weit+er+en,1.8459187303433189
-4.54698387774874,0.7192444803833998,0.32901631345566706,-0.10984256316938167,0.050669022667524745,Erläuterung,1.8448962969603255
-4.54698387774874,0.7192444803833998,0.32901631345566706,-0.10984256316938167,0.050669022667524745,weit+er+en erläuterung,1.8448962969603255
-4.548103966134746,0.7200658016443156,0.3300725875608316,-0.1098661320865894,0.05080975076476738,bedarf,1.8436068162334989
-4.548103966134746,0.7200658016443156,0.3300725875608316,-0.1098661320865894,0.05080975076476738,erläuterung bedürf,1.8436068162334989
-4.549157853769255,0.7208378508933045,0.3310669897843098,-0.10988829829100107,0.050942221914750126,bedürf drei,1.8423939796372344
-4.549578959085394,0.7211461429081907,0.3314644773329417,-0.10989715265705795,0.05099517023704828,Herren,1.8419094798721245
-4.549578959085394,0.7211461429081907,0.3314644773329417,-0.10989715265705795,0.05099517023704828,drei herr+en,1.8419094798721245
-4.549157853769255,0.7208378508933045,0.3310669897843098,-0.10988829829100107,0.050942221914750126,herr+en drei,1.8423939796372344
-4.55054962576054,0.7218563377142592,0.3323810323228099,-0.10991755654449249,0.0511172541221259,Minuten,1.8407929418066358
-4.55054962576054,0.7218563377142592,0.3323810323228099,-0.10991755654449249,0.0511172541221259,drei minute+n,1.8407929418066358
-4.5517632044529,0.7227434106829643,0.33352760170914264,-0.1099430550360213,0.051269959666791605,angekündi…,1.839397489751399
-4.5517632044529,0.7227434106829643,0.33352760170914264,-0.1099430550360213,0.051269959666791605,minute+n angekündi…,1.839397489751399
-4.552618686919929,0.7233681616839963,0.3343362774311771,-0.10996102179896204,0.05137765226287958,+588,1.8384141366942575
-4.552618686919929,0.7233681616839963,0.3343362774311771,-0.10996102179896204,0.05137765226287958,angekündi… +588,1.8384141366942575
-4.5529623721891515,0.7236190190259197,0.33466125839521055,-0.10996823802124735,0.051420927992531014,+588 char+s,1.8380191586591588
-4.294248931179466,0.5178740070549868,0.10648050660949637,-0.10444049819720434,0.02070701004198152,zerstörerische,2.1456570184482127
-4.294248931179466,0.5178740070549868,0.10648050660949637,-0.10444049819720434,0.02070701004198152,regen zerstörerisch+e,2.1456570184482127
-4.415923493044484,0.6182875106655223,0.20968739542243225,-0.10704047805856358,0.03467762879217858,Winde,1.9986988547571176
-4.415923493044484,0.6182875106655223,0.20968739542243225,-0.10704047805856358,0.03467762879217858,zerstörerisch+e wind+e,1.9986988547571176
-4.440815797195014,0.6381266522971342,0.23169756345858872,-0.10757616003303634,0.0376407193332834,Tornado,1.9690812635432131
-4.440815797195014,0.6381266522971342,0.23169756345858872,-0.10757616003303634,0.0376407193332834,wind+e tornado,1.9690812635432131
-4.457725969634528,0.651442434433568,0.246824988335266,-0.10793981044131283,0.039673776549705005,tornado wüt+et,1.9490611536786289
-4.472819833300544,0.6632108342043027,0.2604473579021711,-0.10826395108858826,0.04150211935846163,Bordeaux,1.9312633339825602
-4.472819833300544,0.6632108342043027,0.2604473579021711,-0.10826395108858826,0.04150211935846163,wüt+et bordeaux,1.9312633339825602
-4.461173496052817,0.6541403471500424,0.24992646314568012,-0.10801389200057253,0.040090249249487155,ein heftig+er,1.9449899402732358
-4.30024831378456,0.5229395922232829,0.11140105824405128,-0.10456725845311003,0.021375859121385517,Wirbelsturm,2.138336259437314
-4.443264466222125,0.6400631652265645,0.23387930274122798,-0.10762884052692222,0.03793410995500405,heftig+er wirbel+sturm,1.9661771242143629
-4.403021335292134,0.6078992597839823,0.19839976288305566,-0.1067628981142527,0.033155766436350036,wirbel+sturm feg+t,2.0141159764270395
-4.1804347707309235,0.42006041704513053,0.016332498937506212,-0.10208220603365535,0.008406138583457103,Mios,2.2857161140848152
-4.310926057401072,0.5319293669352667,0.12020132989582238,-0.10479335664849297,0.02257139874842689,feg+t mio+s,2.125324061437545
-4.294248931179466,0.5178740070549868,0.10648050660949637,-0.10444049819720434,0.02070701004198152,wirbelt,2.1456570184482127
-4.294248931179466,0.5178740070549868,0.10648050660949637,-0.10444049819720434,0.02070701004198152,mio+s wirbel+t,2.1456570184482127
-4.248753318067143,0.4791414248553729,0.0697219716734237,-0.10348645528825688,0.015701920916617977,Trümmer,2.2013884062965583
-4.3806036200332334,0.5896892376041392,0.17898265372656996,-0.10628113710594851,0.03053427750259815,wirbel+t trümmer,2.0410046126328707
-4.440815797195014,0.6381266522971342,0.23169756345858872,-0.10757616003303634,0.0376407193332834,trümmer luft,1.9690812635432131
-4.4540080533746265,0.6485264544255978,0.24348687019302018,-0.10785989345258094,0.03922539280605437,Erfahren,1.9534556454274807
-4.468803643280973,0.660090589381399,0.2568116762668001,-0.1081777579625292,0.04101437996183364,erfahr+en sie,1.9359922042842648
-4.474078957774763,0.6641873834710741,0.2615888343412368,-0.10829096436903975,0.04165521802083628,sie mehr,1.929781804083614
-4.193812122463334,0.43170559095038197,0.026618654903330208,-0.10235417706087512,0.009814137667037322,Auswirkungen,2.2691492893040444
-4.488528521721218,0.6753353797685699,0.27474449784049504,-0.10860059769753626,0.04341850741743925,mehr auswirkung+en,1.9128157024392864
-2.222981669966221,-0.9282023800455712,-0.29586080649280444,0.8479971283437262,-0.05632779042736746,mehr video,4.6099830763724015
-2.250776334026344,-0.9100739879215491,-0.28395473308294633,0.8519872339670118,-0.05536898770482851,anzeigen,4.577809193826328
-2.250776334026344,-0.9100739879215491,-0.28395473308294633,0.8519872339670118,-0.05536898770482851,video anzeige+n,4.577809193826328
-4.512437337753262,0.6935341027907769,0.2967390994975204,-0.10911102502670396,0.046361549124256475,Starker,1.884892506362629
-4.512437337753262,0.6935341027907769,0.2967390994975204,-0.10911102502670396,0.046361549124256475,anzeige+n stark+er,1.884892506362629
-4.5156223274448415,0.6959341838998447,0.29969036833131624,-0.10917879923118225,0.046755973659426915,stark+er wirbel+sturm,1.8811873336131728
-4.519815936276376,0.6990853537867371,0.3035838533880896,-0.10926794456567353,0.04727614711440243,wirbel+sturm zieh+t,1.8763141839626094
-4.523448133394721,0.7018063399297778,0.30696309025462665,-0.10934506766650741,0.04772745528406048,zieh+t mio+s,1.8720984010393886
-4.5248244611676345,0.702835350050811,0.3082452576601108,-0.10937426931226245,0.04789865363718288,mio+s trümmer,1.8705021563237207
-4.526882419777056,0.7043718770907709,0.31016415661335683,-0.10941790978917205,0.04815482957254239,fliegen,1.868116622420898
-4.526882419777056,0.7043718770907709,0.31016415661335683,-0.10941790978917205,0.04815482957254239,trümmer flieg+en,1.868116622420898
-4.52878279756184,0.7057884992629633,0.3119379671888608,-0.10945818324496008,0.04839159275184499,meterweit,1.8659150953990364
-4.52878279756184,0.7057884992629633,0.3119379671888608,-0.10945818324496008,0.04839159275184499,flieg+en meter+weit,1.8659150953990364
-4.532962682493443,0.7088966973748225,0.3158456932885204,-0.10954667623356983,0.048913037995153404,meter+weit luft,1.8610774015585867
-2.262299856222896,-0.8977448965227532,-0.3159871760156119,0.8009606349274909,-0.05578323324984402,Quelle,4.559965387209765
-4.5356635304593285,0.7108994176605896,0.3183752327994527,-0.10960378937925812,0.04925047061557684,WeatherStory,1.857954874258151
-4.5356635304593285,0.7108994176605896,0.3183752327994527,-0.10960378937925812,0.04925047061557684,quelle weatherstory,1.857954874258151
-4.5377627318388996,0.7124529155683094,0.3203437500353351,-0.1096481423833534,0.04951300573777335,TV31.01.2026,1.8555297668961335
-4.5377627318388996,0.7124529155683094,0.3203437500353351,-0.1096481423833534,0.04951300573777335,weatherstory tv31.01.2026,1.8555297668961335
-4.53995203341475,0.7140701905730072,0.32239905156446835,-0.10969436324626737,0.04978705989883964,21:04,1.8530022949337925
-4.53995203341475,0.7140701905730072,0.32239905156446835,-0.10969436324626737,0.04978705989883964,tv31.01.2026 21:04,1.8530022949337925
-4.540766694081144,0.7146712346547278,0.32316444683083445,-0.10971155297707279,0.04988910338859887,21:04 uhr,1.8520622490073837
-4.1215229358643946,0.3965821058925223,0.29379339710387864,0.36780851703953227,0.02773781937717857,Reality-Experte,2.363343931179234
-4.095932833611696,0.3775395205276777,0.2860836519440383,0.38389739029748504,0.02615786939861165,reality+-+experte sprech+t,2.394087899200606
-2.139678818364217,-1.014768267290247,-0.18215226484840807,1.047273264738338,-0.054435109758073474,Umut,4.7315920640494555
-4.064280011341074,0.3539992232365312,0.27664165586976697,0.40338034306303094,0.024231851326542715,sprech+t umut,2.4321238316413725
-4.038407289176934,0.3347688325031424,0.26900812476953473,0.4189844715437134,0.022680398196011843,umut ich,2.4632209808364967
-4.064280011341074,0.3539992232365312,0.27664165586976697,0.40338034306303094,0.024231851326542715,ich umut,2.4321238316413725
-3.9682031369504425,0.28263709911518253,0.24871744995096678,0.4600093669912904,0.018571704943236282,Hotelzimmer,2.547634485837958
-3.9682031369504425,0.28263709911518253,0.24871744995096678,0.4600093669912904,0.018571704943236282,umut hotel+zimmer,2.547634485837958
-3.92649926791945,0.25170026057420336,0.23698193469976697,0.4835625000317282,0.016199035933661794,geteilt,2.5978037827269826
-3.92649926791945,0.25170026057420336,0.23698193469976697,0.4835625000317282,0.016199035933661794,hotel+zimmer ge+teil+t,2.5978037827269826
-3.8896473363858646,0.22437999354947435,0.2268233474710848,0.5039248385246932,0.014143339948204721,ge+teil+t nach,2.6421527059553336
-3.0724923118023213,-0.36053107043839305,-0.007096310331464184,0.7988776254496249,-0.024114414207658582,Macho-Vorwürfen,3.6168691698285653
-3.0724923118023213,-0.36053107043839305,-0.007096310331464184,0.7988776254496249,-0.024114414207658582,nach macho+-+vorwurf+en,3.6168691698285653
-2.919420684061164,-0.47412962686828,-0.022464670597828695,0.8716252715629101,-0.029611704476001307,Camp,3.8035279743808594
-2.919420684061164,-0.47412962686828,-0.022464670597828695,0.8716252715629101,-0.029611704476001307,macho+-+vorwurf+en camp,3.8035279743808594
-3.1598598314990354,-0.3031090216347492,0.030197670200748983,0.7957244173111795,-0.020421631956299702,camp umut,3.5157856263087885
-2.6330900961659673,-0.6778638657764673,-0.07387762357969549,0.960086516545695,-0.03941275450822734,gehen,4.147175302505174
-2.6330900961659673,-0.6778638657764673,-0.07387762357969549,0.960086516545695,-0.03941275450822734,umut geh+en,4.147175302505174
-2.3284721476909866,-0.8940080728694966,-0.11963961762984265,1.0485830036027386,-0.04871881982191156,Reality-Experten,4.513281783138916
-2.3284721476909866,-0.8940080728694966,-0.11963961762984265,1.0485830036027386,-0.04871881982191156,der reality+-+experte+n,4.513281783138916
-0.44245473878599917,-2.2398937802886865,-0.24223395924469732,1.537043878588001,-0.0891938056866955,Blitzlicht-Gewitter-Podcast,6.798043732737933
-0.44245473878599917,-2.2398937802886865,-0.24223395924469732,1.537043878588001,-0.0891938056866955,reality+-+experte+n blitzlicht-gewitter-podcast,6.798043732737933
-1.8672152799049782,-1.1779893210626189,-0.321275286157419,0.9668971569565755,-0.06525161615534153,klären,5.038132216435823
-2.0353084385605884,-1.0680257094061054,-0.27088029698999166,0.9678754685830021,-0.058399220479825986,blitzlicht-gewitter-podcast klär+en,4.842336544974185
-3.7759048658679646,0.14694118465519335,0.16505760858414392,0.5176244614248738,0.007503589961324407,anzeige+n nach,2.7739045118038783
-3.6421902178911654,0.05145386897838722,0.11918727602533735,0.5658810660836996,0.0005417757923984051,BILD01.02.2026,2.9326720811621474
-3.6421902178911654,0.05145386897838722,0.11918727602533735,0.5658810660836996,0.0005417757923984051,quelle bild01.02.2026,2.9326720811621474
-3.782569914111001,0.15172482825657352,0.16735386718308298,0.5150293493782132,0.00786135425149738,02:31,2.7659824831924893
-3.782569914111001,0.15172482825657352,0.16735386718308298,0.5150293493782132,0.00786135425149738,bild01.02.2026 02:31,2.7659824831924893
-3.8195562786622683,0.17831306486740073,0.18011159535458637,0.5002793208762472,0.009866070205792409,02:31 uhr,2.7220063912063983
-4.538813021285919,0.7132291533288375,0.3213294625969071,-0.10967032086723842,0.0496444478061143,Podcast,1.8543170242944251
-4.5369793505286165,0.7118734977914224,0.3196088856525504,-0.1096315945926155,0.04941500515950468,podcast deutschland,1.856434581223318
-4.534799058144506,0.7102588839132759,0.3175652037109785,-0.10958551476724986,0.04914242453669979,deutschland der,1.858954026305339
-4.534082394444603,0.7097275223574824,0.31689395153808164,-0.10957036058383952,0.04905288266703676,der neu+e,1.8597825485236181
-4.533153182746734,0.7090381023395314,0.31602399358371935,-0.10955070637350349,0.048936825478582476,Söder-Allianz,1.8608570718397748
-4.533153182746734,0.7090381023395314,0.31602399358371935,-0.10955070637350349,0.048936825478582476,neu+e söder-allianz,1.8608570718397748
-4.530116331445661,0.7067812748802296,0.31318374308386077,-0.10948642908539395,0.048557850498578754,Löwen,1.8643710124462052
-4.530116331445661,0.7067812748802296,0.31318374308386077,-0.10948642908539395,0.048557850498578754,söder-allianz löwe+n,1.8643710124462052
-4.527612421162441,0.7049163074151347,0.31084532969256295,-0.10943338314508876,0.04824575553023556,Lastesel,1.8672707861953017
-4.527612421162441,0.7049163074151347,0.31084532969256295,-0.10943338314508876,0.04824575553023556,löwe+n last+esel,1.8672707861953017
-4.521082581738382,0.7000351177644275,0.30476154884859374,-0.1092948489713614,0.047433449241563376,hagel rhein,1.874843498640149
-4.516731219238918,0.6967684249759183,0.30071905902551044,-0.10920238172217554,0.04689342704865843,Drei‑Löwen‑Allianz,1.879898158582423
-4.516731219238918,0.6967684249759183,0.30071905902551044,-0.10920238172217554,0.04689342704865843,rhein drei‑löwen‑allianz,1.879898158582423
-4.508390466184586,0.6904761566771443,0.2929964016586425,-0.10902482824752478,0.0458611901625827,greift,1.8896053589492303
-4.508390466184586,0.6904761566771443,0.2929964016586425,-0.10902482824752478,0.0458611901625827,drei‑löwen‑allianz greif+t,1.8896053589492303
-4.50259933874283,0.6860840807381265,0.2876545939420334,-0.10890132834362125,0.04514673203216955,Länderfinanzausgleich,1.8963592020364732
-4.50259933874283,0.6860840807381265,0.2876545939420334,-0.10890132834362125,0.04514673203216955,greif+t land+er+finanz+ausgleich,1.8963592020364732
-4.486763700494262,0.6739796794036836,0.2731321678663071,-0.10856281991723908,0.04320252087976923,frontal,1.9148843150426975
-4.486763700494262,0.6739796794036836,0.2731321678663071,-0.10856281991723908,0.04320252087976923,land+er+finanz+ausgleich frontal,1.9148843150426975
-4.449982223413328,0.64536149220066,0.239880023038617,-0.10777333193559772,0.03874075697725741,geh+t inhaltlich,1.9582186872133556
-4.373675885261632,0.5840224907830958,0.1730322104169642,-0.1061324678520547,0.029730018903153445,Strategie,2.0493389812747913
-4.373675885261632,0.5840224907830958,0.1730322104169642,-0.1061324678520547,0.029730018903153445,inhaltlich strategie,2.0493389812747913
-4.3480677791620534,0.5629238274267325,0.1512406895342706,-0.1055841283044177,0.02678115250956547,strategie sag+t,2.0802440527473958
-4.432715320232539,0.631700867447182,0.22450130135752983,-0.10740185433369086,0.036672582946488654,Streit,1.9787006126479407
-4.432715320232539,0.631700867447182,0.22450130135752983,-0.10740185433369086,0.036672582946488654,sag+t streit,1.9787006126479407
-4.465905136267048,0.6578336476136433,0.25419275172893785,-0.10811552557285521,0.04066293899764404,Innenpolitik,1.9394081379479235
-4.465905136267048,0.6578336476136433,0.25419275172893785,-0.10811552557285521,0.04066293899764404,streit innenpolitik,1.9394081379479235
-4.484912823141437,0.6725560958273826,0.2714428733794997,-0.10852318729834552,0.04297618863644854,innenpolitik deutschland,1.9170548745768459
-4.471522268771552,0.6622036275327293,0.2592718551339396,-0.10823610836408483,0.041344439780752786,deutschland gerade,1.9327906087117683
-4.449982223413328,0.64536149220066,0.239880023038617,-0.10777333193559772,0.03874075697725741,Länderchefs,1.9582186872133556
-4.449982223413328,0.64536149220066,0.239880023038617,-0.10777333193559772,0.03874075697725741,drei land+er+chef+s,1.9582186872133556
-4.398071768869418,0.6038958671963954,0.19409138731037695,-0.10665645913886516,0.03257448355589269,land+er+chef+s bayern,2.0200418047807998
-4.337346906661921,0.5540232059500385,0.14221263421437708,-0.1053552531758725,0.025557847672312277,bayern hessen,2.0932262643226216
-4.294248931179466,0.5178740070549868,0.10648050660949637,-0.10444049819720434,0.02070701004198152,BadenWürttemberg,2.1456570184482127
-4.294248931179466,0.5178740070549868,0.10648050660949637,-0.10444049819720434,0.02070701004198152,hessen badenwürttemberg,2.1456570184482127
-4.449982223413328,0.64536149220066,0.239880023038617,-0.10777333193559772,0.03874075697725741,badenwürttemberg berlin,1.9582186872133556
-4.462805880129245,0.6554157612707935,0.2513970497720506,-0.10804896058826234,0.04028768075104661,berlin druck,1.9430634901723165
-4.477643770969423,0.6669477711330843,0.2648248246482803,-0.10836741815692717,0.042089150386360664,Finanzausgleich,1.9255900036734683
-4.477643770969423,0.6669477711330843,0.2648248246482803,-0.10836741815692717,0.042089150386360664,der finanz+ausgleich,1.9255900036734683
-4.455902995250446,0.650013501023264,0.24518738058110445,-0.1079006285005376,0.03945382663622935,finanz+ausgleich sei,1.9512153548568567
-4.447840051224586,0.6436742540898915,0.23796407078341347,-0.1077272623087346,0.03848325344992543,unfair,1.9607550688844801
-4.447840051224586,0.6436742540898915,0.23796407078341347,-0.1077272623087346,0.03848325344992543,sei un+fair,1.9607550688844801
-4.4119106130305985,0.6150639804368829,0.2061678553224125,-0.1069541293097316,0.034203269175756994,Belastung,2.0034892627081975
-4.4119106130305985,0.6150639804368829,0.2061678553224125,-0.1069541293097316,0.034203269175756994,un+fair belastung,2.0034892627081975
-4.310926057401072,0.5319293669352667,0.12020132989582238,-0.10479335664849297,0.02257139874842689,belastung hoch,2.125324061437545
-4.3480677791620534,0.5629238274267325,0.1512406895342706,-0.1055841283044177,0.02678115250956547,hoch system,2.0802440527473958
-4.398071768869418,0.6038958671963954,0.19409138731037695,-0.10665645913886516,0.03257448355589269,setze,2.0200418047807998
-4.398071768869418,0.6038958671963954,0.19409138731037695,-0.10665645913886516,0.03257448355589269,system setz+e,2.0200418047807998
-4.435551838873677,0.6339543579142881,0.22701749350790573,-0.10746289499387597,0.03701116667690205,falschen,1.9753301313338203
-4.435551838873677,0.6339543579142881,0.22701749350790573,-0.10746289499387597,0.03701116667690205,setz+e falsch+en,1.9753301313338203
-4.455902995250446,0.650013501023264,0.24518738058110445,-0.1079006285005376,0.03945382663622935,Anreize,1.9512153548568567
-4.455902995250446,0.650013501023264,0.24518738058110445,-0.1079006285005376,0.03945382663622935,falsch+en anreiz+e,1.9512153548568567
-4.475301511730889,0.6651347944580921,0.26269790898808887,-0.10831718859454102,0.041803955076855394,wir klär+en,1.928343776814525
-4.483952877083666,0.6718170500246318,0.27056739902610283,-0.10850262709915891,0.042858877975434924,klär+en warum,1.9181810544625404
-4.489380717641118,0.6759894248872337,0.27552361057162245,-0.10861883545784982,0.043522864880238606,die…,1.9118171723322819
-4.489380717641118,0.6759894248872337,0.27552361057162245,-0.10861883545784982,0.043522864880238606,warum die…,1.9118171723322819
-4.494115661592707,0.6796163023340985,0.27985903400773815,-0.10872011362233376,0.044103426793617125,+138,1.9062734738445783
-4.494115661592707,0.6796163023340985,0.27985903400773815,-0.10872011362233376,0.044103426793617125,die… +138,1.9062734738445783
-4.497631649010145,0.6823016166106723,0.28308552329089653,-0.10879525669622951,0.04453533335779284,+138 chars,1.9021616923036917
-3.964999990841223,0.28026014823869616,0.24780735533609832,0.4618387673131276,0.018387696267049093,Reality-Insider,2.551487162341914
-3.8896473363858646,0.22437999354947435,0.2268233474710848,0.5039248385246932,0.014143339948204721,Appell,2.6421527059553336
-3.8896473363858646,0.22437999354947435,0.2268233474710848,0.5039248385246932,0.014143339948204721,reality+-+insider appell,2.6421527059553336
-3.841215829305187,0.18849669334254138,0.21378902087100343,0.5301037374624753,0.011498549568958301,Camper,2.7004620498295484
-3.841215829305187,0.18849669334254138,0.21378902087100343,0.5301037374624753,0.011498549568958301,appell camper,2.7004620498295484
-3.78204461686085,0.14468314314105268,0.19837285965777235,0.5612878947744299,0.008352202906521243,Bitte,2.771743440238628
-3.78204461686085,0.14468314314105268,0.19837285965777235,0.5612878947744299,0.008352202906521243,camper bitte,2.771743440238628
-3.7317930000688433,0.107490865665675,0.18573601768203302,0.5871626058527103,0.00575098177274784,Simone,2.8323190969280327
-3.7317930000688433,0.107490865665675,0.18573601768203302,0.5871626058527103,0.00575098177274784,bitte simone,2.8323190969280327
-3.661773955609785,0.05568168254279149,0.16884807484979725,0.6224102440936724,0.0022307453697751195,rede,2.9167894541963837
-3.661773955609785,0.05568168254279149,0.16884807484979725,0.6224102440936724,0.0022307453697751195,simone red+e,2.9167894541963837
-2.53758982208047,-0.7456725328419997,-0.08918620916025002,0.9883525457916896,-0.04244609939289318,BILD-Buschfunk,4.261889281893109
-3.5455431280936756,-0.030331011594719293,0.14271871616802712,0.6792194490324602,-0.0033588518671767986,red+e bild+-+busch+funk,3.0571998989642837
-1.9791115989806736,-1.14170467509599,-0.1616188317313783,1.1453549835864436,-0.058189029612439436,bild+-+busch+funk sprech+en,4.933995417661767
-0.44245473878599917,-2.2398937802886865,-0.24223395924469732,1.537043878588001,-0.0891938056866955,Blitzlicht-Gewitter-Podcaster,6.798043732737933
-0.44245473878599917,-2.2398937802886865,-0.24223395924469732,1.537043878588001,-0.0891938056866955,sprech+en blitzlicht-gewitter-podcaster,6.798043732737933
-1.9045519679786933,-1.1519953574104829,-0.319549546759813,0.9537592869519331,-0.06516072106938076,Alice,4.99314995101523
-1.9045519679786933,-1.1519953574104829,-0.319549546759813,0.9537592869519331,-0.06516072106938076,blitzlicht-gewitter-podcaster alice,4.99314995101523
-2.162955102864948,-0.9754535920932628,-0.27936232815224205,0.89827473650278,-0.05987887122676755,Tobo,4.685692058386756
-2.162955102864948,-0.9754535920932628,-0.27936232815224205,0.89827473650278,-0.05987887122676755,alice tobo,4.685692058386756
-2.655310727248397,-0.6401136907459035,-0.14970983348590866,0.8395066387664283,-0.0419324866787002,tobo aktuell+e,4.104472163716777
-2.831252988361964,-0.5194307031911416,-0.10239347917154237,0.8086195907014561,-0.03521662735832071,aktuell+e folge,3.896558839192677
-2.97528163646307,-0.4202626769645579,-0.062033937469925776,0.7805090105029824,-0.029487107621705696,Dschungelcamp,3.72633749230802
-2.97528163646307,-0.4202626769645579,-0.062033937469925776,0.7805090105029824,-0.029487107621705696,folge dschungelcamp,3.72633749230802
-3.5455431280936756,-0.030331011594719293,0.14271871616802712,0.6792194490324602,-0.0033588518671767986,anzeige+n bild+-+busch+funk,3.0571998989642837
-3.9088323715776068,0.2447563745485628,0.20454490626416033,0.452294336798801,0.014239477190736184,BILD06.02.2026,2.614323505615476
-3.9088323715776068,0.2447563745485628,0.20454490626416033,0.452294336798801,0.014239477190736184,quelle bild06.02.2026,2.614323505615476
-3.9704406233389222,0.2890928665134327,0.22718680801307367,0.4255919038639418,0.01792994939106885,02:01,2.5412151982217996
-3.9704406233389222,0.2890928665134327,0.22718680801307367,0.4255919038639418,0.01792994939106885,bild06.02.2026 02:01,2.5412151982217996
-3.9887394210999476,0.30231041766163114,0.233881821440592,0.41722592113402795,0.019041251882844105,02:01 uhr,2.5194803699480484
-2.2811923519481363,-0.9972880905776829,-1.0018396664587899,-0.19800612394641315,-0.08035010378604751,Faschingsendspurt,4.559389851687303
-1.8651105228554474,-1.3036969528547129,-1.1376662219278373,-0.2109674301855335,-0.09363559119979326,faschingsendspurt von,5.06200062352144
0.8433773128102109,-3.2281881450077563,-1.7045439046662527,-0.2801877715950121,-0.15137203456172005,von gewitter,8.321935590107481
-1.7210623869511021,-1.4077556402894214,-1.1790242000691866,-0.21325913667939356,-0.0986074918513749,gewitter glätte,5.23524742659006
-2.3399964965594844,-0.9531366464444244,-0.980158069052356,-0.19494099300282108,-0.07875978346992435,glätte wetter,4.488025443349153
-3.247645995505966,-0.27297177647758786,-0.596724869866313,-0.16776318377925536,-0.039450518473633706,wetter bayern,3.3927211067447054
-3.992736967046276,0.2958554159550104,-0.14893566713883075,-0.14309794298217304,0.006756391792050891,bayern hier,2.498928547878187
-3.8146523329934783,0.15846893935835027,-0.27239320841542486,-0.15078249741698146,-0.00532089105283183,thema faschingsendspurt,2.7120752176736005
-3.1801623711538576,-0.3260433262166109,-0.6325087122222139,-0.17277858925155026,-0.041814680352477734,sie von,3.475093257805491
-3.9164075474732476,0.23811968805283623,-0.2019445741635626,-0.14489277402778067,0.0008782119083867931,wetter bayer+n,2.5895607524778987
-3.9934136948732233,0.29764427828128825,-0.14687815427034695,-0.14122955989309605,0.006134281001942438,letzten,2.4974466239960655
-3.9934136948732233,0.29764427828128825,-0.14687815427034695,-0.14122955989309605,0.006134281001942438,der letzt+en,2.4974466239960655
-4.026566995097744,0.32331991091146217,-0.1223595488725106,-0.13949727126135752,0.00841753390929837,Faschingstage,2.457819356674828
-4.026566995097744,0.32331991091146217,-0.1223595488725106,-0.13949727126135752,0.00841753390929837,letzt+en fasching+s+tag+e,2.457819356674828
-4.0841000517653985,0.36808014097569886,-0.07826775173030553,-0.1358597281182657,0.012263965492468172,Aschermittwoch,2.3890263234228186
-4.0841000517653985,0.36808014097569886,-0.07826775173030553,-0.1358597281182657,0.012263965492468172,fasching+s+tag+e aschermittwoch,2.3890263234228186
-4.101777841834668,0.3820814079592634,-0.06376880495902715,-0.133902938184788,0.013167564682069581,bieten,2.367775651388217
-4.101777841834668,0.3820814079592634,-0.06376880495902715,-0.133902938184788,0.013167564682069581,aschermittwoch biet+en,2.367775651388217
-4.103063016363983,0.38336203161817295,-0.061847749284632575,-0.13268611360649313,0.012837341168198561,biet+en bayern,2.366085795780884
-4.0966126715641185,0.3785834839410236,-0.06589475231498759,-0.13181511047552363,0.011919801301595041,bayern wolke+n,2.3736534123923123
-2.9159108027639773,-0.5346346645532809,-0.7352793443752375,-0.15503528088414964,-0.06400565845101996,wolke+n regen,3.7984499466200576
-4.031399315017143,0.32786424457369034,-0.11108949928949227,-0.12939236957504524,0.005096003857031843,regen schnee,2.4515442946061614
-4.002914572242037,0.3048522103302096,-0.1301589033843832,-0.1280131433908363,0.002046305500584336,Glatteis,2.4860533954388426
-4.002914572242037,0.3048522103302096,-0.1301589033843832,-0.1280131433908363,0.002046305500584336,schnee glatteis,2.4860533954388426
-4.158053570615731,0.4256815134769132,-0.017771801186275638,-0.12885843065810104,0.016572562115864005,zunächst geb+t,2.3007131009354422
-4.1858920208943555,0.446846992968287,0.003602307982946862,-0.12874728295083665,0.019196458511903457,geb+t laut,2.2678099691914846
-4.214147801413155,0.46849256775085446,0.026846868092739062,-0.12711259311467088,0.02133596694191462,dwd heutig+en,2.234345914094593
-4.195972333378089,0.45470702688076226,0.013230609953774286,-0.12639798177381872,0.019299719125678995,heutig+en sonntag,2.255781558728776
-4.165118160760786,0.430892146710832,-0.009884873148998607,-0.1255464620636757,0.016010030969693438,sonntag viel+e,2.2924148770459274
-4.119482638359987,0.3950115536643535,-0.04360853122685576,-0.12456033431024195,0.011324266156408531,viel+e wolke+n,2.3470043874980435
-4.1577338752108695,0.4248893115628596,-0.014729775477477447,-0.12446895493124084,0.014900192690541762,etw…,2.3013366092309635
-4.1577338752108695,0.4248893115628596,-0.014729775477477447,-0.12446895493124084,0.014900192690541762,teils etw…,2.3013366092309635
-4.1977213434919864,0.45594851558558913,0.015736543034608086,-0.12488259839076978,0.018903936447245147,+566,2.2537484015223312
-4.1977213434919864,0.45594851558558913,0.015736543034608086,-0.12488259839076978,0.018903936447245147,etw… +566,2.2537484015223312
-4.220388009421015,0.47335170627944767,0.03333794806823026,-0.1250643217056152,0.02118728922799671,+566 char+s,2.2269042906411363
-3.953730482222048,0.2672540606470377,-0.175147448091807,-0.14266497703439085,0.003229488995647456,bayern der,2.544741004001366
-3.6389206884468686,0.02691252957424628,-0.37803014607305124,-0.15089501495808805,-0.018847474055136634,Faschingshöhepunkt,2.921084645146508
-3.6389206884468686,0.02691252957424628,-0.37803014607305124,-0.15089501495808805,-0.018847474055136634,der fasching+s+höhe+punkt,2.921084645146508
-3.566480966286769,-0.028548031737781532,-0.4208694377818475,-0.1532762947131528,-0.023268373086610394,fasching+s+höhe+punkt bayern,3.0081216675466007
-3.7074913881753773,0.07968444567218702,-0.3334761311038038,-0.14522926192387986,-0.01577678102994968,naht,2.838636917240095
-3.7074913881753773,0.07968444567218702,-0.3334761311038038,-0.14522926192387986,-0.01577678102994968,bayern nah+t,2.838636917240095
-3.4997657619658247,-0.08037169456308946,-0.45415494162223713,-0.14898521414834048,-0.029616735988791217,und wetter,3.0887181657658935
-3.4430968532519106,-0.1257628833891684,-0.48292256585534754,-0.14707300687667763,-0.0342659867282252,Närrinnen,3.1579886416262584
-2.8532876950023023,-0.5863573137259688,-0.7598316608640865,-0.15355659324959425,-0.06802929083137221,Narren,3.876473660979502
-3.3522321434592133,-0.20048328667700455,-0.5274957219828382,-0.14406315717716572,-0.041513976842089906,närrinn+en narr+en,3.270218789615164
-3.517790303793974,-0.0687203585738343,-0.44101739612651053,-0.14440218397601873,-0.030062480952230627,narr+en soll+ten,3.0681155698696143
-3.4885521176768455,-0.0928938853931931,-0.45585920155811155,-0.14305725142751213,-0.0326236322866382,daran,3.104228783759278
-3.61536169156245,0.007844202498411113,-0.3864758327677037,-0.14420481796808982,-0.023088506686167076,soll+ten daran,2.949851864995248
-3.6652432220544844,0.04667885363057822,-0.3574525261423125,-0.1439245573921651,-0.01947576184988105,denken,2.8896363839651147
-3.6652432220544844,0.04667885363057822,-0.3574525261423125,-0.1439245573921651,-0.01947576184988105,daran denk+en,2.8896363839651147
-3.7474283907346546,0.11027899511766326,-0.3078193457924364,-0.14313591134993453,-0.013467200531173291,Schirm,2.790755437785846
-3.7474283907346546,0.11027899511766326,-0.3078193457924364,-0.14313591134993453,-0.013467200531173291,denk+en schirm,2.790755437785846
-3.77849957385003,0.1342227273356189,-0.28843866748701874,-0.14272387181644736,-0.011177891306149178,mitzunehmen,2.753468724770353
-3.77849957385003,0.1342227273356189,-0.28843866748701874,-0.14272387181644736,-0.011177891306149178,schirm mit+zu+nehm+en,2.753468724770353
-3.923089444773188,0.24536001671943697,-0.19155552341080173,-0.1374483037907432,-0.0013080723374835346,Zudem,2.5804189334485366
-4.243760364197988,0.4903501104295336,0.04903866305872362,-0.1285590928626586,0.0247855424110797,besteht,2.199761828457338
-4.243760364197988,0.4903501104295336,0.04903866305872362,-0.1285590928626586,0.0247855424110797,zudem besteh+t,2.199761828457338
-4.25574319850679,0.4993573734445953,0.058798863503835674,-0.12831441382210718,0.02588822674761105,Glatteis-Gefahr,2.1856858876264154
-4.25574319850679,0.4993573734445953,0.058798863503835674,-0.12831441382210718,0.02588822674761105,besteh+t glatteis+-+gefahr,2.1856858876264154
-4.34314124916642,0.5661177796327144,0.13483444460175853,-0.12324008563717802,0.032966195791578896,besteh…,2.0826223333488514
-4.34314124916642,0.5661177796327144,0.13483444460175853,-0.12324008563717802,0.032966195791578896,zudem besteh…,2.0826223333488514
-4.351781440351647,0.5725186891464114,0.14215616353199778,-0.1232187127399688,0.03386485189393695,+745,2.0725574245434757
-4.351781440351647,0.5725186891464114,0.14215616353199778,-0.1232187127399688,0.03386485189393695,besteh… +745,2.0725574245434757
-4.356103869016519,0.5757157762701532,0.1458378409063265,-0.12320108901517725,0.03431338549835066,+745 char+s,2.067526014370026
-2.2895138382175775,-0.8821222777736275,-0.5461425833410456,0.4582771255449317,-0.060860806353803865,Gewitter-Studie,4.5167142468412695
-3.3282769080194976,-0.15817195344054125,-0.05290683468085361,0.5583751471618754,-0.016863908921605275,gewitter+-+studie hier,3.294713724255937
-3.3945205951748587,-0.11535755779150048,-0.0025407178453616397,0.5829395150090241,-0.01328569198981236,blitzte,3.2197197579463706
-3.3945205951748587,-0.11535755779150048,-0.0025407178453616397,0.5829395150090241,-0.01328569198981236,hier blitz+te,3.2197197579463706
-3.4779134672221277,-0.0707614201189195,0.09713150459176967,0.6649906166594536,-0.008186705465651783,blitz+te deutschland,3.1321346768724063
-3.4396337558780696,-0.12545463672124368,0.17276402367153626,0.8048505187618525,-0.009015196145547771,meisten,3.1966658110580513
-3.4396337558780696,-0.12545463672124368,0.17276402367153626,0.8048505187618525,-0.009015196145547771,deutschland meist+en,3.1966658110580513
-3.318139583788889,-0.2430205915796555,0.20623798363019685,0.9425284933379526,-0.014199937981852595,83.443,3.3613066334894506
-3.318139583788889,-0.2430205915796555,0.20623798363019685,0.9425284933379526,-0.014199937981852595,meist+en 83.443,3.3613066334894506
-2.930930364761761,-0.5921709599350629,0.22237772795515537,1.2148441158318066,-0.030513186331494687,83.443 blitz+e,3.8684866587524027
-2.408950253430318,-0.9432799646643897,0.09117472758259926,1.3048602499327235,-0.048417992074032856,registrierte,4.482562704667931
-2.408950253430318,-0.9432799646643897,0.09117472758259926,1.3048602499327235,-0.048417992074032856,blitz+e registrier+te,4.482562704667931
-2.9220214693006903,-0.5236121583461699,0.10382630060423675,1.0505197693858672,-0.03099679348089501,registrier+te unternehmen,3.83367418435521
-3.08360996911638,-0.392852728416031,0.10926979140178289,0.9589960842190326,-0.0250042849523307,Meteorage,3.630370729402863
-3.08360996911638,-0.392852728416031,0.10926979140178289,0.9589960842190326,-0.0250042849523307,unternehmen meteorag+e,3.630370729402863
-3.2018672760733735,-0.2981223077766424,0.114635300299059,0.8892123615817895,-0.020438779404136243,meteorag+e jahr,3.4822491952932437
-3.9402762427824425,0.2608547145862261,0.25461649273540543,0.49556268669914416,0.015618231012836568,ein tag,2.5823038798498055
-3.9353545821726046,0.25432894220886215,0.2650568161642757,0.5159380713848076,0.015505037657220451,tag besonders,2.5903502543897385
-3.9250123240011723,0.24242784252400007,0.27790232071155296,0.5451937585389168,0.015120756874084922,blitzreich,2.605833039550835
-3.9250123240011723,0.24242784252400007,0.27790232071155296,0.5451937585389168,0.015120756874084922,besonders blitz+reich,2.605833039550835
-3.4552267104562135,-0.0724509339483248,0.020049000173066933,0.5694423274654556,-0.012489986990155744,TTS-Player,3.147579967663806
-3.442418063986626,-0.08712131580633797,0.0479208537517381,0.6198128511892093,-0.012346597314347701,überspringenArtikel,3.1674360894456632
-3.442418063986626,-0.08712131580633797,0.0479208537517381,0.6198128511892093,-0.012346597314347701,tts-player überspringenartikel,3.1674360894456632
-3.755490940687212,0.07499608191752505,0.33400128773769056,0.7863686140075119,0.0064697525244780466,weiterlesen83.443,2.8371785700308814
-3.755490940687212,0.07499608191752505,0.33400128773769056,0.7863686140075119,0.0064697525244780466,überspringenartikel weiterlesen83.443,2.8371785700308814
-3.1625828367226174,-0.4730329138005307,0.33214468105683914,1.2304976005453327,-0.02298938656000038,weiterlesen83.443 blitz+e,3.61812766129019
-4.039650848015391,0.32288953851671964,0.33224036589134676,0.5114992846127113,0.021965287283224687,allein,2.4715007833822598
-4.039650848015391,0.32288953851671964,0.33224036589134676,0.5114992846127113,0.021965287283224687,deutschland allein,2.4715007833822598
-4.053915706515468,0.3351651072670361,0.33125892125233425,0.49514403970677767,0.022759818889479456,4780,2.453206918627951
-4.053915706515468,0.3351651072670361,0.33125892125233425,0.49514403970677767,0.022759818889479456,allein 4780,2.453206918627951
-4.068578858136133,0.34770146201501295,0.33030918652491814,0.4782919330656503,0.02357889330210091,28.,2.4344505008931363
-4.068578858136133,0.34770146201501295,0.33030918652491814,0.4782919330656503,0.02357889330210091,4780 28.,2.4344505008931363
-4.075354342465037,0.3534655237473472,0.32989454874774926,0.4704968225019833,0.023958268973543896,Mai,2.4258006725259103
-4.075354342465037,0.3534655237473472,0.32989454874774926,0.4704968225019833,0.023958268973543896,28. mai,2.4258006725259103
-4.089451793594783,0.36539947698656805,0.3290889635149483,0.4542727370414631,0.0247496524551468,blitzreichsten,2.407838853215985
-4.089451793594783,0.36539947698656805,0.3290889635149483,0.4542727370414631,0.0247496524551468,mai blitzreichst+en,2.407838853215985
-4.110053057661614,0.38269375695278796,0.3280733224496756,0.4305832350056916,0.025911716637782987,blitzreichst+en tag,2.3816788512287825
-4.124475535147821,0.3946976165213876,0.32749511520274577,0.41403854208742347,0.026729763471930006,gewaltigen,2.3634287388522406
-4.1364138857449575,0.4045695431893235,0.3271098232320033,0.4003829345394282,0.027410077944064366,Stromentl…,2.348362384119941
-4.1364138857449575,0.4045695431893235,0.3271098232320033,0.4003829345394282,0.027410077944064366,gewaltig+en stromentl…,2.348362384119941
-4.148276780141842,0.4143217290932921,0.32681788860236527,0.38685885521104657,0.028089202882462617,+2031,2.333427642309176
-4.148276780141842,0.4143217290932921,0.32681788860236527,0.38685885521104657,0.028089202882462617,stromentl… +2031,2.333427642309176
-4.1538148523776135,0.418855046586428,0.3267143877074723,0.380563082440868,0.02840737789623366,+2031 chars,2.3264679312267695
-3.4064978228916227,-0.15071809084560317,-0.5102423838059986,-0.1580840580188128,-0.03264750213688722,böen schauer,3.2005792389889587
-3.521007956562004,-0.0637065854627854,-0.4482744260683613,-0.1563589938155054,-0.025371746191688995,Rosenmontag,3.063012518274718
-3.521007956562004,-0.0637065854627854,-0.4482744260683613,-0.1563589938155054,-0.025371746191688995,gewitter rose+n+montag,3.063012518274718
-3.8641908439468042,0.1991540469877937,-0.23593519889567416,-0.1447730483637622,-0.0035059948326350704,rose+n+montag wetter,2.651371985033909
-3.911494493375358,0.23566232108827112,-0.20325679495881988,-0.1425436356835713,-0.00039741005623776526,jeck,2.594723818315694
-3.911494493375358,0.23566232108827112,-0.20325679495881988,-0.1425436356835713,-0.00039741005623776526,wetter jeck,2.594723818315694
-3.9323148082068857,0.25187625165849314,-0.18827483116635824,-0.14112793306185545,0.0008387230422186587,Karneval,2.5697320559545562
-3.9323148082068857,0.25187625165849314,-0.18827483116635824,-0.14112793306185545,0.0008387230422186587,jeck karneval,2.5697320559545562
-3.957335990714351,0.2715701071012857,-0.16908141293745174,-0.1381800906321614,0.0018859500209898183,Rheinland,2.539595827421647
-3.957335990714351,0.2715701071012857,-0.16908141293745174,-0.1381800906321614,0.0018859500209898183,karneval rheinland,2.539595827421647
-3.902313581299525,0.2285912632009237,-0.20306694578187118,-0.13437812338271582,-0.004208889284002301,rheinland nass,2.6056302072957975
-3.9100134276183587,0.23404682999101922,-0.1969276788093065,-0.13293997008164132,-0.004102422614172013,nass windig,2.596657372789541
-4.013518390135111,0.3147984573310758,-0.12644080157732143,-0.13311337855962768,0.004901052876944152,Wetterexperten,2.4725280275878934
-4.101980628678607,0.382586093075002,-0.06244891082247084,-0.1324416341921445,0.012646986737219805,warnen,2.367341294704764
-4.101980628678607,0.382586093075002,-0.06244891082247084,-0.1324416341921445,0.012646986737219805,wetter+experte+n warn+en,2.367341294704764
-4.1416731180213695,0.41275583397834303,-0.03249395324569218,-0.13183468891460964,0.016123449531449403,ungemütlichen,2.3203560916366817
-4.1416731180213695,0.41275583397834303,-0.03249395324569218,-0.13183468891460964,0.016123449531449403,warn+en un+gemütlich+en,2.3203560916366817
-4.179350166652545,0.44130176354339645,-0.003317211976198553,-0.13108796118309585,0.019429340435902366,Bedingungen,2.275854678728299
-4.179350166652545,0.44130176354339645,-0.003317211976198553,-0.13108796118309585,0.019429340435902366,un+gemütlich+en bedingung+en,2.275854678728299
-4.24589944440615,0.4917573652706624,0.05037903712042818,-0.12898806438187033,0.025154427376823045,weiterlesenDer,2.197356185736254
-4.24589944440615,0.4917573652706624,0.05037903712042818,-0.12898806438187033,0.025154427376823045,überspringenartikel weiter+les+end+er,2.197356185736254
-4.2477936659155695,0.49349608631836217,0.052554528109904186,-0.12819174144762485,0.025051655045545816,Wettergott,2.1949620506436993
-4.2477936659155695,0.49349608631836217,0.052554528109904186,-0.12819174144762485,0.025051655045545816,weiter+les+end+er wetter+gott,2.1949620506436993
-4.2457590495626185,0.49218056692245926,0.051417573653674165,-0.12760660578326433,0.024635024848452473,meint,2.1972366564022687
-4.2457590495626185,0.49218056692245926,0.051417573653674165,-0.12760660578326433,0.024635024848452473,wetter+gott mein+t,2.1972366564022687
-4.230927285828889,0.4812787695385843,0.04053686970112658,-0.12650222174738068,0.02275925972042262,mein+t jahr,2.2145261519909543
-4.208985972485902,0.4646480512667517,0.023912135162460713,-0.12568999844192102,0.02030306102054403,gut,2.240385338298143
-4.208985972485902,0.4646480512667517,0.023912135162460713,-0.12568999844192102,0.02030306102054403,jahr gut,2.240385338298143
-4.131284414111921,0.4039840352898716,-0.034309843947359975,-0.1238897903359538,0.012177307109899206,Jecken,2.333030220539377
-4.131284414111921,0.4039840352898716,-0.034309843947359975,-0.1238897903359538,0.012177307109899206,gut jeck+en,2.333030220539377
-4.093875521489075,0.37388948154754065,-0.06140971108123533,-0.12287845030058685,0.008306476196493072,jeck+en narr+en,2.3781706473189694
-4.1838853417495185,0.4450988771225668,0.005628327532192778,-0.12404708747992492,0.017250066312797165,Fieses,2.2702546174580815
-4.222307361014348,0.47479069944275,0.03532636366201236,-0.12443771594437548,0.021142351902533503,Regenwetter,2.2246444031782246
-4.222307361014348,0.47479069944275,0.03532636366201236,-0.12443771594437548,0.021142351902533503,fies+es regen+wetter,2.2246444031782246
-4.204533138707054,0.4610202911910686,0.021878533812648593,-0.12376085523828788,0.01914697007288902,ließ,2.2457505383654226
-4.204533138707054,0.4610202911910686,0.021878533812648593,-0.12376085523828788,0.01914697007288902,regen+wetter lass,2.2457505383654226
-4.171579329790764,0.4352134112121693,-0.003141248578928557,-0.12306418216250657,0.015694623491505903,lass schon,2.2850612678011784
-3.993252994076076,0.290315621083298,-0.13152829389256918,-0.11991212577179168,-0.0018973379440263977,schon donnerstag,2.501192331732161
-4.221455241462322,0.4739781806292853,0.03558396172205963,-0.12319257213913802,0.02059247659449113,Weiberfastnacht,2.2257239935086535
-4.221455241462322,0.4739781806292853,0.03558396172205963,-0.12319257213913802,0.02059247659449113,donnerstag weib+er+fastnacht,2.2257239935086535
-4.278952276243287,0.5179360380535545,0.0812532029718534,-0.12373182973881074,0.02653642725629602,buchstäblich,2.1578202441363072
-4.278952276243287,0.5179360380535545,0.0812532029718534,-0.12373182973881074,0.02653642725629602,weib+er+fastnacht buchstäblich,2.1578202441363072
-4.304804534520285,0.5373805509900691,0.10235225310399321,-0.12384601815590938,0.029214861495552642,buchstäblich in…,2.127496007829862
-4.312530643309035,0.5431580868679649,0.10873320319875573,-0.12385781503821065,0.03001369314036644,+1699,2.1184558453912965
-4.312530643309035,0.5431580868679649,0.10873320319875573,-0.12385781503821065,0.03001369314036644,in… +1699,2.1184558453912965
-4.32072640768398,0.549271841270834,0.11554195915056292,-0.1238573279616771,0.030859671737382306,+1699 char+s,2.1088764596815013
-0.8057777391653591,-2.077289187451767,-1.3917060409552198,-0.2149327841634981,-0.13042509488650927,Köln,6.34370995922745
0.18521979274478806,-2.776109319229623,-1.584620125998768,-0.24215055900219512,-0.149056312378759,Düsseldorf,7.534998478879709
-1.9883426873116665,-1.2171315091770474,-1.0845920690740805,-0.18808310358483327,-0.09697933475752113,köln düsseldorf,4.915043201784436
-2.7838137485100805,-0.6217064399404708,-0.804838089003507,-0.17600879856245844,-0.063502298282828,düsseldorf wetter+dienst,3.9516388800461515
-2.0903472585731784,-1.1367111519964501,-1.0592486823423712,-0.19444309986998942,-0.09025819907659416,Umzügen,4.78904851501967
-2.0903472585731784,-1.1367111519964501,-1.0592486823423712,-0.19444309986998942,-0.09025819907659416,sturmbö+en umzug+en,4.78904851501967
-3.839319819219914,0.18048671268149064,-0.25166083242297294,-0.14451538810503084,-0.005633511026283317,umzug+en hier,2.680894070944928
-3.778745223817432,0.134017649255739,-0.2865363081510093,-0.14039283209127612,-0.012029448531152245,thema köln,2.7533593492217054
-3.7255942808792035,0.09270939370310227,-0.32635233846718226,-0.14999093785855822,-0.012615891084252179,sie wetter+dienst,2.8174187283048946
-3.2410463889646177,-0.2766431438878729,-0.5964654838729009,-0.1633458178531732,-0.04151355651193889,Ausgerechnet,3.39992930157793
-3.4083637299943343,-0.14936178625953955,-0.5096434331647772,-0.15855528865271667,-0.032346026407307826,ausgerechnet der,3.1983722565831125
-3.298762239501393,-0.23353448452751557,-0.5696149826021617,-0.16478214046400735,-0.03728167688100467,Teile,3.330790723169927
-3.298762239501393,-0.23353448452751557,-0.5696149826021617,-0.16478214046400735,-0.03728167688100467,warn+t teil+e,3.330790723169927
-3.163867406103206,-0.33624757850922915,-0.6378242580513387,-0.1699115192520821,-0.043888494516675786,Rheinlandes,3.4935818797402862
-3.163867406103206,-0.33624757850922915,-0.6378242580513387,-0.1699115192520821,-0.043888494516675786,teil+e rheinland+es,3.4935818797402862
-2.8968888484387882,-0.5381997889832775,-0.7616234445123499,-0.17920694300510376,-0.05609455882789405,rheinland+es derzeit,3.8159348956625716
-2.2932144579589107,-0.9885930565690337,-0.9978906801413026,-0.19798313015033087,-0.07980168902325219,derzeit stark+en,4.544978907760836
0.9942586435436,-3.331997777374058,-1.7242937166196683,-0.2817895648262879,-0.15429425834515248,stark+en gewitter+n,8.502557750475503
-2.4347472224130295,-0.8819784332203509,-0.9422676471779562,-0.18732712386101602,-0.07709108306869217,gewitter+n sturmbö+en,4.373079018988298
-3.024396037228953,-0.44189161296967816,-0.70410507387818,-0.1747226635904212,-0.050467030795542045,Betroffen,3.661919945211373
-3.9590416330705915,0.2721287378679449,-0.17004488177131868,-0.14083258239272106,0.0030123307086449697,17.00,2.537974518490521
-3.9590416330705915,0.2721287378679449,-0.17004488177131868,-0.14083258239272106,0.0030123307086449697,betreff+en 17.00,2.537974518490521
-3.978863613825174,0.28758969232141873,-0.15539099417866925,-0.13942336192429922,0.0042050880766836204,17.00 uhr,2.5141961557007138
-3.99548907173148,0.30066456658930374,-0.1425876366800468,-0.13773950121175083,0.0050327980128985345,Landeshauptstadt,2.4942018115583693
-3.99548907173148,0.30066456658930374,-0.1425876366800468,-0.13773950121175083,0.0050327980128985345,uhr land+es+haupt+stadt,2.4942018115583693
-3.980418135321094,0.28935656781800567,-0.15035444515872987,-0.13433935400690644,0.002453778066962918,land+es+haupt+stadt düsseldorf,2.5120004186859184
-3.058957215364829,-0.4189683309244123,-0.6762003063337573,-0.15801096203065684,-0.05465375507159359,düsseldorf köln,3.621758119887986
-4.045589088593815,0.33943514826142107,-0.10284052099197166,-0.1318874185220888,0.007303435492304319,ger…,2.434323757669099
-4.045589088593815,0.33943514826142107,-0.10284052099197166,-0.1318874185220888,0.007303435492304319,köln ger…,2.434323757669099
-4.084509247337771,0.36933954474896424,-0.07468764078592419,-0.1317526488985193,0.010784813299007066,+237,2.388014474548597
-4.084509247337771,0.36933954474896424,-0.07468764078592419,-0.1317526488985193,0.010784813299007066,ger… +237,2.388014474548597
-4.109105334411168,0.3881307344044278,-0.05651946433699778,-0.1315730115090854,0.012984435025908993,+237 chars,2.3588299958187218
-3.7005322859555556,0.07390020782770335,-0.33602496141441557,-0.14310194384693442,-0.017104610137956902,umzug+en düsseldorf,2.847199302305299
-3.942629717347274,0.25961405106632096,-0.18145620621549058,-0.14124549997647895,0.001759559590540985,lnw,2.5575158620654426
-3.942629717347274,0.25961405106632096,-0.18145620621549058,-0.14124549997647895,0.001759559590540985,düsseldorf lnw,2.5575158620654426
-3.987177961286729,0.2937115041158045,-0.14997193386849164,-0.1397804769087707,0.005059348574977127,lnw ausgerechnet,2.504422907623913
-3.9596273521551955,0.2709068213445509,-0.17211116361363477,-0.14378971167609716,0.0041459554327349865,betreff+en kopier+e,2.5381703123452546
-4.101210704972392,0.380571661294695,-0.06626407699627629,-0.1364129148535086,0.01403516921764899,Während,2.3690275549999047
-4.101210704972392,0.380571661294695,-0.06626407699627629,-0.1364129148535086,0.01403516921764899,hin+zu+füg+en während,2.3690275549999047
-4.056927112274982,0.34671227091365253,-0.09967374019744277,-0.13807872768308327,0.010612115689170372,Rosenmontagszüge,2.4216258230184904
-4.056927112274982,0.34671227091365253,-0.09967374019744277,-0.13807872768308327,0.010612115689170372,während rose+n+montag+s+zug+e,2.4216258230184904
-3.9375918115288826,0.25528984452534464,-0.18584847102479468,-0.1424857196829205,0.0017868310823057898,laufen,2.5637767000600613
-3.9375918115288826,0.25528984452534464,-0.18584847102479468,-0.1424857196829205,0.0017868310823057898,rose+n+montag+s+zug+e lauf+en,2.5637767000600613
-3.872196238595089,0.2051304163535066,-0.2308332455606604,-0.14485612771434236,-0.0028164929189730403,lauf+en warn+t,2.64188993028769
-3.757322525852503,0.11700664959141882,-0.3063185838379711,-0.14895419220093392,-0.010533017161227703,warn+t wetter+dienst,2.7793999647052505
-3.320280164076006,-0.2171088128875045,-0.5583411825452553,-0.1639251593780262,-0.03620119813402675,wetter+dienst stark+en,3.3048309344273625
-3.4095635373163704,-0.14839008918574415,-0.506759463736901,-0.15560096651203287,-0.03336506082673968,gewitter+n regen,3.196871969401596
-3.6639310447073123,0.0461836118875496,-0.3624120518727123,-0.14944948616594,-0.01751401259698547,regen düsseldorf,2.8909929960722205
-3.7624773864487286,0.12128607398968261,-0.2964386875698494,-0.14021680705448925,-0.0133796863928752,köln weit+er+en,2.7729768317213273
-3.8997398021790706,0.2274214088048787,-0.20822937194249636,-0.13901432936189256,-0.00269047780267765,Regionen,2.608326142145817
-3.8997398021790706,0.2274214088048787,-0.20822937194249636,-0.13901432936189256,-0.00269047780267765,weit+er+en region+en,2.608326142145817
-3.988915642037805,0.2957416877085499,-0.14689384558291432,-0.13744235088424378,0.004348362965120811,Ausg…,2.501969663271569
-4.029031646526497,0.326378838755909,-0.1182060678037053,-0.13654578274992318,0.0075520669434440135,+392,2.4542536031696076
-4.029031646526497,0.326378838755909,-0.1182060678037053,-0.13654578274992318,0.0075520669434440135,ausg… +392,2.4542536031696076
-4.053087585728186,0.34472791551352566,-0.10066841946753152,-0.13595766705008455,0.009487950762366075,+392 chars,2.425676456071561
1.9587147810653507,-4.0024012243125595,-1.8301548757985144,-0.28912409824243346,-0.17198295832134863,Anschen,9.662225574266726
-0.26292798097525516,-2.4597228730183813,-1.5050404582987729,-0.23160639618178325,-0.1406884452049087,schläft,6.99557211314609
-3.21580577249784,-0.3003177316664336,-0.6004863754389586,-0.1527403568790544,-0.04705800150389011,anschen schlaf+t,3.432636708184173
-4.122697103301756,0.39848809040711264,-0.043599075191725484,-0.1278552461282917,0.012864791728885445,trotz,2.342693897746107
-4.122697103301756,0.39848809040711264,-0.043599075191725484,-0.1278552461282917,0.012864791728885445,schlaf+t trotz,2.342693897746107
-4.067724060431228,0.3555897655866318,-0.08366385113608427,-0.12743519212470172,0.007635119078977057,trotz schnee,2.4083837636597774
-4.013359647992716,0.31279699279383033,-0.12243909322601543,-0.12744009649104698,0.0027529654265457115,schnee kälte,2.47364274777824
-4.103143480735044,0.3836081074054125,-0.0594232850362211,-0.12963736255019048,0.011712303660986363,kälte nacht,2.3658681853765255
1.7487651250092497,-3.855482535290048,-1.8095811654970868,-0.28750265066215147,-0.16842586318854497,draußen,9.409054473305188
-4.120138429744636,0.396649078964018,-0.04743751078630523,-0.13040108918273163,0.01357535176205018,nacht draußen,2.3456898491482647
-3.7664424459510633,0.12456036304840756,-0.2944564914123797,-0.14083248799402404,-0.012836904957101478,draußen ansche+n,2.7681104069837654
-3.2246008321574613,-0.2911372385930939,-0.5987977884526146,-0.15607213071859444,-0.045262971347643094,ansche+n schlaf+t,3.420744443551467
-2.7027563190930555,-0.6829983295532709,-0.8360337956538983,-0.17564441538216963,-0.06794813680253298,schlaf+t seit,4.049796819292383
-2.6858235319668706,-0.6954532584301112,-0.8433973218936922,-0.17683667931705338,-0.06839133567485578,Jahrzehnten,4.070138763258401
-2.6858235319668706,-0.6954532584301112,-0.8433973218936922,-0.17683667931705338,-0.06839133567485578,seit jahrzehnt+en,4.070138763258401
-2.539013818815932,-0.8048242720695331,-0.9013108972890186,-0.18172775893258786,-0.07405953251447017,freiem,4.247337670970924
-2.539013818815932,-0.8048242720695331,-0.9013108972890186,-0.18172775893258786,-0.07405953251447017,jahrzehnt+en frei+em,4.247337670970924
-2.441882987611951,-0.8771649035221962,-0.9372533549586778,-0.18400793352945694,-0.07797998905455461,frei+em himmel,4.364691608191067
-0.80626443157455,-2.067034493899747,-1.401370079368057,-0.22651287967350542,-0.12622440893628878,83-Jährige,6.337906953199094
-2.233032943787038,-1.0321807686826743,-1.0102970912049056,-0.18868903779255697,-0.08603339221035933,der 83-jährig+e,4.617080887178891
-1.9628669777470362,-1.2317873148672676,-1.0969568378236856,-0.1942551642317446,-0.09579273444837222,liebt,4.943697124527043
-1.9628669777470362,-1.2317873148672676,-1.0969568378236856,-0.1942551642317446,-0.09579273444837222,83-jährig+e lieb+t,4.943697124527043
-0.3402680115754526,-2.4012636847033333,-1.493696025062011,-0.23368960310630643,-0.13773332543314482,Pergola,6.900521330796347
-1.5161639495388322,-1.5603461531037115,-1.223305654998081,-0.20208516597442489,-0.11064770795648043,lieb+t pergola,5.484263515596114
-0.9885110725476061,-1.9422912147583564,-1.3538663793859165,-0.2141256448564811,-0.12481625939694324,pergola bleib+t,6.121287655996411
-0.007021031437543179,-2.6334632243334486,-1.5593525248232218,-0.24671196094677833,-0.1423183693789412,bleib+t schnee,7.299856379207119
3.2409924676051984,-4.8715436564256045,-1.9594235755228646,-0.3291999740056145,-0.18034165707029776,schnee gewitter,11.19545440615092
0.08075338474042137,-2.6939685991124076,-1.5774622202188264,-0.2522709469349496,-0.1426428067696342,gewitter draußen,7.404778121468703
-1.3926306852425547,-1.644776820748969,-1.2638359827319356,-0.21498723591727908,-0.11047656077912033,Berggren,5.63066373341617
-1.3926306852425547,-1.644776820748969,-1.2638359827319356,-0.21498723591727908,-0.11047656077912033,ansch+en berggre+n,5.63066373341617
-1.882595707349295,-1.2886497120729161,-1.126143816653027,-0.2021749570905691,-0.09621154847148239,Schweden,5.0396152270869035
-1.882595707349295,-1.2886497120729161,-1.126143816653027,-0.2021749570905691,-0.09621154847148239,berggre+n schweden,5.0396152270869035
-2.1120956024415465,-1.120345267946825,-1.0538611449550208,-0.19606336721515616,-0.08870359037895603,lebt,4.7626163006126605
-2.1120956024415465,-1.120345267946825,-1.0538611449550208,-0.19606336721515616,-0.08870359037895603,schweden leb+t,4.7626163006126605
-2.3743918449864294,-0.9267284076650109,-0.9641023519573727,-0.1889692104396976,-0.07936785872856078,kleinen,4.445952010968945
-2.3743918449864294,-0.9267284076650109,-0.9641023519573727,-0.1889692104396976,-0.07936785872856078,leb+t klein+en,4.445952010968945
-2.490867848717462,-0.840300817205573,-0.9215242085868591,-0.1857752536159354,-0.07493585839144612,Backsteinhaus,4.305318183769767
-2.490867848717462,-0.840300817205573,-0.9215242085868591,-0.1857752536159354,-0.07493585839144612,klein+en back+stein+haus,4.305318183769767
-2.6969672374487907,-0.6866716054128688,-0.8416172952300536,-0.18004642873888443,-0.06661441493982795,back+stein+haus zwei,4.056476536503612
-2.744144701237015,-0.6513774338237939,-0.8224448028315081,-0.17871964567716836,-0.06461731923973923,Schlafzimmern,3.999519787270806
-2.744144701237015,-0.6513774338237939,-0.8224448028315081,-0.17871964567716836,-0.06461731923973923,zwei schlaf+zimmer+n,3.999519787270806
-2.936266577976568,-0.5071538484392839,-0.7406611166900279,-0.173248888930996,-0.05609757331224163,legt,3.7676151877454087
-2.936266577976568,-0.5071538484392839,-0.7406611166900279,-0.173248888930996,-0.05609757331224163,doch leg+t,3.7676151877454087
-3.020682996107276,-0.44353319879113107,-0.7027127971144682,-0.17080713918800128,-0.05214443939964475,leg+t 83-jährig+e,3.665750837508971
-3.1261856010837348,-0.3638092959711028,-0.6534110206594077,-0.167718741525748,-0.04700926937656605,Ruhe,3.5384832183491923
-3.1261856010837348,-0.3638092959711028,-0.6534110206594077,-0.167718741525748,-0.04700926937656605,83-jährig+e ruhe,3.5384832183491923
-3.201573366039818,-0.30670102433866275,-0.6168295117697338,-0.16548464222288511,-0.043199797305414844,stattdessen schlaf+t,3.4475789919856306
-3.2698602677167967,-0.25487361058246893,-0.5826644468527136,-0.1634396617866959,-0.03964277586664222,schlaf+t pergola,3.3652691802110546
-3.298921766850339,-0.23278943215198744,-0.5678157253760598,-0.16256284157192935,-0.03809712114931604,Ihr,3.330250466853503
-3.3112464578445344,-0.2234189080597926,-0.5614614250109505,-0.16218977022163233,-0.03743573843675846,Schlafplatz,3.315401476465623
-3.3112464578445344,-0.2234189080597926,-0.5614614250109505,-0.16218977022163233,-0.03743573843675846,ihr schlaf+platz,3.315401476465623
-3.3462418116651462,-0.1967963267532158,-0.5432299397604876,-0.16112638169774368,-0.0355383337362522,is…,3.2732457276870566
-3.3462418116651462,-0.1967963267532158,-0.5432299397604876,-0.16112638169774368,-0.0355383337362522,schlaf+platz is…,3.2732457276870566
-3.360014713338095,-0.18631248434025127,-0.5359770095597838,-0.16070618334084275,-0.03478358873838994,+3473,3.25665783061926
-3.360014713338095,-0.18631248434025127,-0.5359770095597838,-0.16070618334084275,-0.03478358873838994,is… +3473,3.25665783061926
-3.3759659802450805,-0.17416621756605832,-0.5275212494419004,-0.16021830639304058,-0.033903743331878455,+3473 chars,3.2374486232194206
-2.4716546336285528,-0.8595298842454748,-0.9364469826373165,-0.1966484782918887,-0.0717976373704367,Sonne,4.331242327185
-2.148524845772556,-1.0982292518934824,-1.0498608409595773,-0.20580944601626194,-0.08342558168604719,sonne regen,4.721238163072105
-3.7826245794440934,0.13153741324581625,-0.29532290339865697,-0.15434023761386367,-0.006570388449354703,Wolkenformen,2.751683094534734
-3.7826245794440934,0.13153741324581625,-0.29532290339865697,-0.15434023761386367,-0.006570388449354703,dieser+e wolke+n+form+en,2.751683094534734
-3.9572192947031524,0.2656697389621421,-0.17702839467892947,-0.14755171890043567,0.005303578957113697,verraten,2.5428367731153556
-3.9572192947031524,0.2656697389621421,-0.17702839467892947,-0.14755171890043567,0.005303578957113697,wolke+n+form+en verrat+en,2.5428367731153556
-4.030573727163327,0.32202010603166076,-0.12397791464169106,-0.1445564805535065,0.010605574615129724,verrat+en ihnen,2.45536224805783
-4.09000273449563,0.36763736191448926,-0.07941295571651982,-0.14205809738976627,0.015047542378874824,ihnen wetter,2.384639215403384
-4.1228068987598165,0.3927950544712826,-0.054175824204677314,-0.14064916647254427,0.017557955582809585,wetter wer,2.3456636754030025
-3.686089037485589,0.05746283373647909,-0.35634805861808394,-0.1579176590757143,-0.012721118729145053,wer genau,2.8674613396197577
-3.688564759391369,0.05936122774048047,-0.3548192292900797,-0.15782730199893502,-0.012566833136233177,hinschaut,2.8644899035786366
-3.688564759391369,0.05936122774048047,-0.3548192292900797,-0.15782730199893502,-0.012566833136233177,genau hin+schau+t,2.8644899035786366
-3.534745921857306,-0.058423422032524375,-0.4464158557431578,-0.163316125044273,-0.02182707246228946,hin+schau+t himmel,3.0492938544023187
-3.455627033246899,-0.11885793251120225,-0.490999417505793,-0.16604908945633834,-0.026345832560344392,erkennen,3.144475017772611
-3.455627033246899,-0.11885793251120225,-0.490999417505793,-0.16604908945633834,-0.026345832560344392,himmel erkenn+en,3.144475017772611
-3.247271784908261,-0.2774357826971199,-0.6010397665302636,-0.17299884059317283,-0.03752742088936403,erkenn+en sonne,3.3954207712660613
-2.5867394314711403,-0.7739905522203512,-0.8927957578684798,-0.19330579994008734,-0.06732584071832587,regen sogar,4.192329970320917
-2.514616132316502,-0.827630816326812,-0.920365893197465,-0.19540605127205246,-0.07014994341514369,gewitter droh+en,4.2793860025159995
-3.286704044202971,-0.24749164117538403,-0.5809852978030409,-0.17170861533439763,-0.03548680281874722,sie video,3.3479014647891465
-3.491584012161036,-0.09140621270229343,-0.4709401884996882,-0.16481406458630343,-0.024311854672812157,video wolke+n,3.101209230334553
-3.5997479709913396,-0.008692307986386538,-0.4085303603985294,-0.1610265562365717,-0.017992938330322977,bedeuten,2.9711545826058696
-3.5997479709913396,-0.008692307986386538,-0.4085303603985294,-0.1610265562365717,-0.017992938330322977,wolke+n bedeut+en,2.9711545826058696
-4.192352546062216,0.44605296706386266,0.0009010104947321795,-0.13758594213321784,0.023023274853670915,anzeige+n wer,2.2632006588367615
-4.1836142223537784,0.43936808060943533,-0.006140073431449566,-0.13797680578188964,0.022325629834446088,quelle bild,2.273548770449035
-4.19791940205251,0.45031047141051905,0.0054051226434601585,-0.13733600678101365,0.023469386958155154,Infografik19.02.2…,2.2566103660518024
-4.19791940205251,0.45031047141051905,0.0054051226434601585,-0.13733600678101365,0.023469386958155154,bild infografik19.02.2…,2.2566103660518024
-4.244540625511779,0.4859259305533423,0.04370183209038658,-0.13521347084905055,0.027257223016509756,+14,2.201485123790577
-4.244540625511779,0.4859259305533423,0.04370183209038658,-0.13521347084905055,0.027257223016509756,infografik19.02.2… +14,2.201485123790577
-4.252293850874153,0.4918411768799804,0.050172232448709886,-0.13485523102856234,0.02789624492071583,+14 chars,2.192329796661257
-4.128708258623516,0.40290307213964827,-0.03819724551580789,-0.12661893049333872,0.01296424054298543,trotzt,2.3356488111574976
-4.128708258623516,0.40290307213964827,-0.03819724551580789,-0.12661893049333872,0.01296424054298543,anschen trotz+t,2.3356488111574976
-4.04409476697103,0.33615111714260837,-0.09946402073995378,-0.1257296777444048,0.004850614446677649,trotz+t eis,2.4371562225505223
-2.869626187583878,-0.5744468209915863,-0.7526185160766989,-0.15280026610810082,-0.06740823020105219,eis kälte,3.856940041036036
-4.115484560941807,0.39290061802304144,-0.0489316327107282,-0.12781223350759907,0.012175499051857143,kälte warum,2.351285433538672
-3.052575844557067,-0.4257775492640592,-0.6774671811400144,-0.1559512500104544,-0.05579628078024029,freiwillig,3.63048763931403
-4.15078555441999,0.42012665383778414,-0.023409450630426626,-0.12902950265097413,0.01594632176231823,warum freiwillig,2.3093242901813515
-3.6543246501331366,0.03842747270003932,-0.364414947239212,-0.1447261039672998,-0.01999637945366206,freiwillig draußen,2.902688057271728
-4.168702172264819,0.4334146469748055,-0.011187087453527977,-0.13076351656535318,0.018291272210375582,übernachtet,2.2883282783557206
-4.168702172264819,0.4334146469748055,-0.011187087453527977,-0.13076351656535318,0.018291272210375582,draußen übernacht+et,2.2883282783557206
-4.197042088437498,0.45550855593746253,0.013601360196857482,-0.12699369869222382,0.019625034785697708,übernacht+et ansche+n,2.254529475001415
-3.4375643631898485,-0.13684350016880753,-0.4806350717208589,-0.13985770291462318,-0.03735210188021221,schlaf+t eis,3.1681855514305592
-4.088884673138034,0.3723565152152535,-0.06885760622030906,-0.12825081923689635,0.009878017424856923,kälte draußen,2.382959694291392
-4.049975107427233,0.34228898175663014,-0.09765600832085053,-0.12912011673277274,0.006661363465200812,draußen freiwillig,2.429346007342648
-4.203037502625406,0.46001462129173865,0.01782519917487757,-0.12755158698041974,0.020414441395870488,freiwillig ansch+en,2.2474816079936124
-4.150361718967325,0.41977574538418394,-0.022535361044153268,-0.12746753200848593,0.015324333515347434,ansch+en schlaf+t,2.3098267513978734
-4.077613404970249,0.3637397526484758,-0.07751938458815266,-0.12885305565475252,0.009070692007515098,kälte freiwillig,2.396346343063694
-4.2510039802093145,0.4966109133213703,0.05736901981156228,-0.12541676774398391,0.024350245694038104,bei steig+end+en,2.1908058968812716
-4.216745498152685,0.4705718829148029,0.030319911151148293,-0.12526475333002057,0.02090428888383756,steig+end+en temperatur+en,2.2312100869861
-4.123589226904882,0.3981344014224222,-0.04038000910307274,-0.1243276640723819,0.011620590745425076,temperatur+en wolke+n,2.342140946936213
-4.141823296493323,0.41276665238660404,-0.027427902457657083,-0.12535928170574856,0.013725626816185228,überziehen,2.3201754035430917
-4.141823296493323,0.41276665238660404,-0.027427902457657083,-0.12535928170574856,0.013725626816185228,regen überzieh+en,2.3201754035430917
-4.10595688529747,0.38472047834447887,-0.054189159696037936,-0.1253218079147161,0.01035205330664108,überzieh+en berlin,2.363029902844521
-4.153728528247733,0.4223502814920299,-0.0198490324501176,-0.1272865666860839,0.015576190382151169,brandenburg nach,2.305835874853677
-4.17812747068811,0.4410235654803243,-0.001931338296833618,-0.12819200186849167,0.01824367120556484,frostigen,2.2769378770427986
-4.17812747068811,0.4410235654803243,-0.001931338296833618,-0.12819200186849167,0.01824367120556484,nach frostig+en,2.2769378770427986
-4.216745498152685,0.4705718829148029,0.030319911151148293,-0.12526475333002057,0.02090428888383756,frostig+en temperatur+en,2.2312100869861
-4.10595688529747,0.38472047834447887,-0.054189159696037936,-0.1253218079147161,0.01035205330664108,temperatur+en berlin,2.363029902844521
-4.078386719196848,0.36464846090956193,-0.0787462208514011,-0.131240660091423,0.010034231613765661,wärmer,2.395284519966654
-4.078386719196848,0.36464846090956193,-0.0787462208514011,-0.131240660091423,0.010034231613765661,brandenburg warm+er,2.395284519966654
-4.097899593833063,0.37933740977807084,-0.06605602038704989,-0.13321302323487433,0.012555762489107954,Grenze,2.3722574024563032
-4.09374392655236,0.37584746006264025,-0.07011225182375161,-0.13447413813112902,0.012638349702793213,grenze sachsen-anhalt,2.3773623237763974
-4.071882487827562,0.3586314142581939,-0.08767191919493528,-0.13654924193268142,0.011404288504228526,sachsen-anhalt soll+en,2.4035957265468033
-4.013377177842925,0.3131626393708522,-0.13208495701238954,-0.14009155887130315,0.007468740517124144,soll+en grad,2.4735498427077443
-3.8019894983637323,0.15017723561590812,-0.27911422369241323,-0.14936418993745454,-0.006852787351729853,nacht montag,2.7264776885444046
-3.347202247493489,-0.19819927176924312,-0.5465824350522466,-0.16602286830369656,-0.03365522610357849,kurzen,3.2732551796907083
-3.347202247493489,-0.19819927176924312,-0.5465824350522466,-0.16602286830369656,-0.03365522610357849,montag kurz+en,3.2732551796907083
-2.6143662080968317,-0.7509301619189848,-0.879926036361761,-0.18967441984939148,-0.06728730682530959,kurz+en gewitter+n,4.157639514156307
-3.734187323922612,0.09913250763832493,-0.32124369992009977,-0.15006695670218567,-0.011923443297615667,wochenlangem,2.8072048279915816
-3.734187323922612,0.09913250763832493,-0.32124369992009977,-0.15006695670218567,-0.011923443297615667,nach wochenlang+em,2.8072048279915816
-3.841994748773713,0.18262934487597104,-0.24963635104927737,-0.14411327812856362,-0.0055646786285546285,wochenlang+em frost,2.677644011469406
-3.864287692346206,0.2000301429357627,-0.2336834466507092,-0.1420250808624977,-0.004513998897280047,steigen,2.6508144755443994
-3.864287692346206,0.2000301429357627,-0.2336834466507092,-0.1420250808624977,-0.004513998897280047,frost steig+en,2.6508144755443994
-3.8515203438195083,0.19013536153291666,-0.23917835352547995,-0.13845265595907874,-0.006892929484425242,steig+en berlin,2.6660994651272962
-4.025353577038199,0.3238842843869536,-0.11951696073932874,-0.13492694345221462,0.006625867192627616,brandenburg temperatur+en,2.458448366097171
-4.058202755874239,0.3491269163753381,-0.09490770597950082,-0.13330966810060357,0.008969900619145647,zudem,2.4193225843930124
-4.058202755874239,0.3491269163753381,-0.09490770597950082,-0.13330966810060357,0.008969900619145647,temperatur+en zudem,2.4193225843930124
-4.043827628765298,0.3381110949404853,-0.10444267450898706,-0.13234493989092133,0.007315918581748314,zudem zieh+en,2.4364095531942693
-4.002103171712864,0.30547488738146455,-0.1328102484708853,-0.13093695255922605,0.0030777513563416195,zieh+en wolke+n,2.4863993132315834
-4.118190790864874,0.3951731841796249,-0.04859393914323312,-0.13002600883671556,0.013254355251341408,einschließlich,2.347989655228098
-4.118190790864874,0.3951731841796249,-0.04859393914323312,-0.13002600883671556,0.013254355251341408,bis einschließlich,2.347989655228098
-4.175322369135779,0.438674994845081,-0.005261572459749342,-0.12968466462666672,0.01852684213347914,Dienstag,2.2803772049622797
-4.175322369135779,0.438674994845081,-0.005261572459749342,-0.12968466462666672,0.01852684213347914,einschließlich dienstag,2.2803772049622797
-4.174331275383689,0.43809976003160034,-0.0051391195020625835,-0.12857210248197265,0.018020337639341695,dienstag stark,2.281446704226511
-4.0566290680593795,0.3456641823009763,-0.08998163482666666,-0.12502143556032552,0.005713941945756744,bedeck+t regnerisch,2.4222909004783193
-4.207990229770804,0.46387762932984367,0.02258368811730993,-0.1264044928265451,0.020471618865982512,Deu…,2.2415739490170328
-4.207990229770804,0.46387762932984367,0.02258368811730993,-0.1264044928265451,0.020471618865982512,regnerisch deu…,2.2415739490170328
-4.226774084078524,0.47814424734334016,0.0373077099034928,-0.1264363587217826,0.022325327757448464,+821,2.2194133612934754
-4.226774084078524,0.47814424734334016,0.0373077099034928,-0.1264363587217826,0.022325327757448464,deu… +821,2.2194133612934754
-4.239623344005845,0.4878598664031568,0.0474907698584523,-0.1264270883381151,0.02359177979312544,+821 chars,2.2042842668240965
-4.521390115427957,0.7002655722997347,0.3050476049529627,-0.10930137967387697,0.047471654361011285,aua-hagelflug kritik,1.8744865104426234
-4.0410967059088625,0.2970577818013016,-0.08614514025227887,-0.09934981180953788,-0.0056814514968134625,Passagieranwalt,2.459574311979894
-4.51779809041911,0.6975703789780822,0.3017093391500444,-0.10922506363941724,0.047025734944469856,kritik passagier+anwalt,1.8786582397340506
-4.51158389389049,0.6928899909455923,0.2959491314625924,-0.10909285454010835,0.04625595397252064,passagier+anwalt der,1.8858859317887147
-4.200317204489178,0.4373556831621157,0.0316498496561996,-0.10248698016550141,0.010502412665900789,Oberlandesgerichts,2.261102428861386
-4.509800366335799,0.6915425815902391,0.29429941403982185,-0.10905486876271629,0.04603540976971316,der oberlandesgericht+s,1.8879627998122714
-4.201796807846989,0.43863962698741266,0.03279689849053241,-0.10251723605124786,0.01065929287986584,oberlandesgericht+s wien,2.2592729992048923
-4.493368332776114,0.6790446671307332,0.27917402582503403,-0.10870413485990253,0.04401171253235845,entschieden,1.9071479638005266
-4.493368332776114,0.6790446671307332,0.27917402582503403,-0.10870413485990253,0.04401171253235845,wien entscheid+en,1.9071479638005266
-4.110020701162454,0.35824815451853853,-0.0364986255436488,-0.10067742963117694,0.0011569559050292888,Sicherstellung,2.373302666167879
-4.471522268771552,0.6622036275327293,0.2592718551339396,-0.10823610836408483,0.041344439780752786,entscheid+en sicherstellung,1.9327906087117683
-4.013466078941689,0.2723777922538695,-0.10549503244511707,-0.09883167267909872,-0.008353489643055365,Cockpit-Stimmenrekorders,2.4942855743802474
-4.013466078941689,0.2723777922538695,-0.10549503244511707,-0.09883167267909872,-0.008353489643055365,sicherstellung cockpit-stimmenrekorder+s,2.4942855743802474
-3.7795690980757066,0.06142651553380807,-0.2575998480134748,-0.09479048960246468,-0.029486068825717752,Flugdatenschreibers,2.7901943422381126
-3.7795690980757066,0.06142651553380807,-0.2575998480134748,-0.09479048960246468,-0.029486068825717752,cockpit-stimmenrekorder+s flugdatenschreiber+s,2.7901943422381126
-4.461173496052817,0.6541403471500424,0.24992646314568012,-0.10801389200057253,0.040090249249487155,flugdatenschreiber+s juni,1.9449899402732358
-4.524555034283431,0.7026340018695845,0.307994190217296,-0.10936855384010628,0.04786513215906749,2024 hagel,1.870814580759164
-4.493368332776114,0.6790446671307332,0.27917402582503403,-0.10870413485990253,0.04401171253235845,beschädigten,1.9071479638005266
-4.493368332776114,0.6790446671307332,0.27917402582503403,-0.10870413485990253,0.04401171253235845,schwer beschädig+t+en,1.9071479638005266
-4.502017329944216,0.6856416384611688,0.2871186567899361,-0.10888890722542204,0.04507503090773377,AUA-Flugzeugs,1.8970385889260584
-4.502017329944216,0.6856416384611688,0.2871186567899361,-0.10888890722542204,0.04507503090773377,beschädig+t+en aua-flugzeug+s,1.8970385889260584
-4.117913444739195,0.3652157265614002,-0.030684752378586838,-0.10083254351805006,0.0019561224987304504,rechtens,2.363455248797298
-4.512013681016536,0.6932144123815702,0.2963469078615858,-0.10910200555530412,0.046309125823215454,aua-flugzeug+s rechtens,1.885385619829918
-4.522291911532678,0.7009410241072,0.30588668912217054,-0.10932052651195016,0.04758371467315343,kritik daran,1.8734398885937775
-4.524007527215572,0.7022247058173569,0.3074841014438944,-0.10935693786022287,0.04779702467534736,daran komm,1.8714495432819445
-4.525874479796702,0.7036196378692214,0.30922406521281076,-0.10939653923902719,0.04802933200627955,komm sonntag,1.869284812609414
-4.52878279756184,0.7057884992629633,0.3119379671888608,-0.10945818324496008,0.04839159275184499,Passagie…,1.8659150953990364
-4.52878279756184,0.7057884992629633,0.3119379671888608,-0.10945818324496008,0.04839159275184499,sonntag passagie…,1.8659150953990364
-4.530965587429092,0.7074129604765445,0.31397756478717553,-0.1095044108516627,0.04866378099383676,passagie… laut,1.8633880027338723
-4.5319856675287005,0.7081711292327476,0.3149315271472841,-0.1095260028146816,0.048791070202890176,Oberlandesgericht,1.8622076090713051
-4.5319856675287005,0.7081711292327476,0.3149315271472841,-0.1095260028146816,0.048791070202890176,laut oberlandesgericht,1.8622076090713051
-4.3999874881850145,0.6054465499733659,0.19575750094152572,-0.10669765222730156,0.032799300716643144,OLG,2.0177474821023744
-4.535493326571677,0.7107733407497235,0.31821571921933955,-0.10960019177362405,0.049229194518029186,oberlandesgericht olg,1.8581515733558263
-4.536331405801472,0.711393968014859,0.31900129648664033,-0.10961790419296501,0.04933397240977117,olg werd+e,1.8571831347058163
-4.537916010736742,0.7125662419797737,0.3204875710258671,-0.10965137963071829,0.049532184679879195,Hagelflug,1.855352754369584
-4.537916010736742,0.7125662419797737,0.3204875710258671,-0.10965137963071829,0.049532184679879195,werd+e hagel+flug,1.855352754369584
-4.53995203341475,0.7140701905730072,0.32239905156446835,-0.10969436324626737,0.04978705989883964,Störung,1.8530022949337925
-4.53995203341475,0.7140701905730072,0.32239905156446835,-0.10969436324626737,0.04978705989883964,hagel+flug störung,1.8530022949337925
-4.425198210598178,0.6257114498427544,0.21785237592864876,-0.10724007710769638,0.035777517994215004,Unfall,1.9876436016437173
-4.542426352134788,0.7158944239180567,0.3247247412553248,-0.10974655634304341,0.05009709961131723,störung unfall,1.8501479115150161
-4.543265525151714,0.7165122490286615,0.3255141843329378,-0.10976424672214279,0.05020232450446866,eingestuft,1.8491803542094636
-4.543265525151714,0.7165122490286615,0.3255141843329378,-0.10976424672214279,0.05020232450446866,unfall ein+ge+stuf+t,1.8491803542094636
-4.545056895217145,0.7178296303754543,0.32720054496104867,-0.10980199101017439,0.05042707159810462,Beschlagnahmung,1.84711580211839
-4.545056895217145,0.7178296303754543,0.32720054496104867,-0.10980199101017439,0.05042707159810462,der beschlagnahmung,1.84711580211839
-4.546692685961737,0.7190308292194285,0.3287418115920159,-0.1098364341787783,0.050632448147597355,beschlagnahmung sei,1.8452316033215457
-4.548462289074548,0.720328378680088,0.33041062479042316,-0.10987366968219907,0.05085478451883172,sei unfall,1.8431944034476233
-4.549072399201411,0.7207752756119683,0.3309863384741718,-0.10988650129579584,0.050931478295775746,unfall möglich,1.8424923069722903
-4.551689875833855,0.7226898375358577,0.3334583017174355,-0.10994151469506057,0.051260730469070544,Wolfgang,1.8394817919013802
-4.551689875833855,0.7226898375358577,0.3334583017174355,-0.10994151469506057,0.051260730469070544,passagier+anwalt wolfgang,1.8394817919013802
-4.26351433059193,0.4917672019929842,0.08154120684086097,-0.1037945079828184,0.017312870077617747,List,2.183266147867168
-4.552338435483332,0.72316354856697,0.33407132049599164,-0.1099551366963548,0.05134236851080413,wolfgang list,1.8387362471464663
-4.552688006268187,0.7234187643080285,0.3344018196123735,-0.1099624773540284,0.051386380229601104,sprach,1.838334468262734
-4.552688006268187,0.7234187643080285,0.3344018196123735,-0.1099624773540284,0.051386380229601104,list sprech,1.838334468262734
-4.553431612185944,0.7239613961325875,0.3351050536207104,-0.10997808876904398,0.051480023186561426,mass…,1.8374799604599947
-4.553431612185944,0.7239613961325875,0.3351050536207104,-0.10997808876904398,0.051480023186561426,sprech mass…,1.8374799604599947
-4.553887541992489,0.7242939252067434,0.33553636275081333,-0.10998765821216065,0.05153745319746356,+2154,1.836956137410981
-4.553887541992489,0.7242939252067434,0.33553636275081333,-0.10998765821216065,0.05153745319746356,mass… +2154,1.836956137410981
-4.554268215177615,0.7245714633305206,0.33589655644828453,-0.10999564667680377,0.05158541206304205,+2154 chars,1.836518838462812
-4.5368191784008065,0.7117549819520506,0.3194586703409005,-0.10962821061645127,0.049394971751243584,Aufklärung,1.8566196095596852
-4.5368191784008065,0.7117549819520506,0.3194586703409005,-0.10962821061645127,0.049394971751243584,passagier+anwalt aufklärung,1.8566196095596852
-4.534263725805981,0.7098619979782623,0.3170637690642789,-0.10957419527584326,0.04907553608881097,AUA-Hagelfluges,1.8595728968768195
-4.534263725805981,0.7098619979782623,0.3170637690642789,-0.10957419527584326,0.04907553608881097,aufklärung aua-hagelfluge+s,1.8595728968768195
-4.52878279756184,0.7057884992629633,0.3119379671888608,-0.10945818324496008,0.04839159275184499,aua-hagelfluge+s olg,1.8659150953990364
-4.527851025703831,0.705094187864399,0.31106803111902526,-0.10943843990130821,0.04827548135988794,olg wien,1.8669943617986302
-4.526634225152657,0.7041867024509783,0.30993262274752365,-0.10941264815003547,0.04812392202572872,massiv,1.868404243336851
-4.526634225152657,0.7041867024509783,0.30993262274752365,-0.10941264815003547,0.04812392202572872,wien massiv,1.868404243336851
-4.5248244611676345,0.702835350050811,0.3082452576601108,-0.10937426931226245,0.04789865363718288,behindert,1.8705021563237207
-4.5248244611676345,0.702835350050811,0.3082452576601108,-0.10937426931226245,0.04789865363718288,massiv behinder+t,1.8705021563237207
-4.539532217209964,0.7137602954529824,0.32200474959490444,-0.10968550289711428,0.04973448799509137,behinder+t passagier+anwalt,1.8534868211915465
-4.370202391342434,0.5811745026366926,0.1700575863437822,-0.10605797315227082,0.029327814317026447,passagier+anwalt list,2.053522055905015
-4.3666237471891955,0.5782356627690053,0.16699909985691092,-0.10598125851360983,0.02891416240343781,stößt,2.057834733153224
-4.3666237471891955,0.5782356627690053,0.16699909985691092,-0.10598125851360983,0.02891416240343781,list stoß+t,2.057834733153224
-4.3551706383855056,0.5687991899974467,0.15725283426105913,-0.10573600429324666,0.027595278293996515,Urteil,2.071656977306011
-4.3551706383855056,0.5687991899974467,0.15725283426105913,-0.10573600429324666,0.027595278293996515,stoß+t urteil,2.071656977306011
-4.344269358322322,0.5597747422473391,0.14803564225402388,-0.10550298565124795,0.026346974920643022,urteil oberlandesgericht+s,2.084840794855494
-4.309235976381019,0.5305087142369984,0.11880477187100119,-0.10475752923072766,0.02238173101078473,wonach,2.127382141540048
-4.309235976381019,0.5305087142369984,0.11880477187100119,-0.10475752923072766,0.02238173101078473,wien wonach,2.127382141540048
-4.285931696064479,0.5108344565642726,0.09968731883081128,-0.10426510833030421,0.019783168993938734,wonach sicherstellung,2.155817468136747
-4.2566989076334885,0.4859443909574437,0.07607135479732824,-0.10365208721571682,0.016567525500287165,flugdatenschreiber+s rechtens,2.1916288823598356
-4.500207275220596,0.6842644352717987,0.28545295412568394,-0.10885026688614778,0.04485215878249114,+2501,1.8991522152679883
-4.500207275220596,0.6842644352717987,0.28545295412568394,-0.10885026688614778,0.04485215878249114,kritik +2501,1.8991522152679883
-4.503733193475268,0.6869454934618819,0.2886991731412777,-0.10892552204697974,0.04528647188915467,+2501 chars,1.8950359643355954
-4.3841419072938494,0.5925764702139054,0.18203089490252444,-0.10635711246085648,0.030946114345513108,Wiener,2.0367523714193525
-4.37956604296222,0.5888416724642243,0.17808994610479384,-0.10625886326545707,0.03041364623309007,wiener unternehmen,2.0422521281444563
-4.539813043977649,0.713967605070599,0.3222684996528261,-0.10969142998383961,0.04976965376744814,simuliert,1.8531627008622138
-4.539813043977649,0.713967605070599,0.3222684996528261,-0.10969142998383961,0.04976965376744814,unternehmen simulier+t,1.8531627008622138
-4.538369295422006,0.7129012919963987,0.32091295342348536,-0.10966095194294743,0.049588909030198476,simulier+t hochwasser,1.8548293338187376
-4.536657807000109,0.7116355627507922,0.31930734298534236,-0.10962480110716978,0.04937478973181462,hochwasser stark+reg+en,1.8568060327808364
-4.538369295422006,0.7129012919963987,0.32091295342348536,-0.10966095194294743,0.049588909030198476,stark+reg+en hochwasser,1.8548293338187376
-4.531582978873084,0.7078719085887776,0.31455487838537,-0.10951748001827576,0.048740814605638234,hochwasser hagel,1.8626735384726545
-4.52989917334334,0.7066196803762382,0.31298081646215736,-0.10948183026272233,0.04853076988270142,extreme,1.8646224136245495
-4.52989917334334,0.7066196803762382,0.31298081646215736,-0.10948183026272233,0.04853076988270142,hagel extrem+e,1.8646224136245495
-4.277631853277102,0.5037905774223421,0.09294113584609826,-0.10409050066953905,0.018865211582448006,Wetterereignisse,2.165969513811405
-4.528087329174391,0.7052703191785417,0.31128861234963223,-0.10944344750729144,0.04830492354319508,extrem+e wetter+ereignis+se,1.8667206232925961
-4.519815936276376,0.6990853537867371,0.3035838533880896,-0.10926794456567353,0.04727614711440243,vergangenen,1.8763141839626094
-4.519815936276376,0.6990853537867371,0.3035838533880896,-0.10926794456567353,0.04727614711440243,wetter+ereignis+se vergeh+en+en,1.8763141839626094
-4.5156223274448415,0.6959341838998447,0.29969036833131624,-0.10917879923118225,0.046755973659426915,vergeh+en+en jahr+en,1.8811873336131728
-4.5128550089349035,0.693849175748671,0.29712583664628334,-0.10911991607545123,0.04641324137326012,zugenommen,1.8844064202263096
-4.5128550089349035,0.693849175748671,0.29712583664628334,-0.10911991607545123,0.04641324137326012,jahr+en zu+ge+nehm+en,1.8844064202263096
-4.505362787949217,0.6881822709524412,0.2902015703301387,-0.10896028233073395,0.04548743213666987,ein wiener,1.8931349436230134
-4.490213780301724,0.6766284098763024,0.2762855781297334,-0.10863666095243536,0.04362491833985233,unternehmen dafür,1.910841288510618
-4.3588777738163245,0.5718586876995011,0.1604004803743584,-0.10581534167482996,0.028021344979511136,Software,2.0671797113651955
-4.4798592470905625,0.66866000672222,0.26683911445062203,-0.10841491280171663,0.04235919099599431,dafür software,1.9229868754525183
-4.468803643280973,0.660090589381399,0.2568116762668001,-0.1081777579625292,0.04101437996183364,entwickelt,1.9359922042842648
-4.468803643280973,0.660090589381399,0.2568116762668001,-0.1081777579625292,0.04101437996183364,software entwickel+t,1.9359922042842648
-4.407621084893181,0.6116107310514229,0.2024144816979177,-0.10686184095581779,0.03369722916548663,entwickel+t wetter+ereignis+se,2.0086146193828798
-4.357558013295337,0.5707700443938466,0.1592791315983389,-0.10578709183907374,0.02786957194729075,wetter+ereignis+se auswirkung+en,2.0687732845562765
-4.426569709846637,0.6268060879613192,0.21906338709841305,-0.10726959403261553,0.03594058205206641,simulieren,1.9860107883384779
-4.426569709846637,0.6268060879613192,0.21906338709841305,-0.10726959403261553,0.03594058205206641,auswirkung+en simulier+en,1.9860107883384779
-4.4540080533746265,0.6485264544255978,0.24348687019302018,-0.10785989345258094,0.03922539280605437,simulier+en lass+en,1.9534556454274807
-4.472819833300544,0.6632108342043027,0.2604473579021711,-0.10826395108858826,0.04150211935846163,der nachfrage,1.9312633339825602
-4.48765644553502,0.6746656755427616,0.2739475817140965,-0.10858193153061639,0.043311757269514146,groß,1.9138377697415137
-4.48765644553502,0.6746656755427616,0.2739475817140965,-0.10858193153061639,0.043311757269514146,nachfrage groß,1.9138377697415137
-4.498294047281991,0.6828067621546252,0.28369406500906835,-0.1088094071320128,0.04461677937832973,Ereignisse,1.90138750601131
-4.508867667848897,0.690837230381038,0.2934373158910659,-0.1090349971071538,0.0459201451850517,tausendjährliche,1.8890493344729653
-4.508867667848897,0.690837230381038,0.2934373158910659,-0.1090349971071538,0.0459201451850517,ereignis+se tausend+jährlich+e,1.8890493344729653
-4.515996797076358,0.6962159844875463,0.3000376866291429,-0.10918676378703317,0.04680238378991195,tausend+jährlich+e hochwasser,1.8807519350648092
-4.520771468170295,0.6998019239756758,0.3044722101547511,-0.1092882416404828,0.04739480461210955,hochwasser herbst,1.8752046762611951
-4.522876415067308,0.7013785650708403,0.3064307589336964,-0.10933293385123154,0.04765637065196227,herbst 2024,1.8727616688355275
-4.525091070855191,0.7030345503737462,0.30849373494146104,-0.10937992455050032,0.04793182846983466,2024 wien,1.8701930240655278
-4.530116331445661,0.7067812748802296,0.31318374308386077,-0.10948642908539395,0.048557850498578754,wien zukunft,1.8643710124462052
-4.532770578694219,0.7087540797351963,0.31566591012553,-0.10954261190359828,0.0488890522514407,besser,1.861299599244918
-4.532770578694219,0.7087540797351963,0.31566591012553,-0.10954261190359828,0.0488890522514407,zukunft gut+er,1.861299599244918
-4.534082394444603,0.7097275223574824,0.31689395153808164,-0.10957036058383952,0.04905288266703676,vorbereitet,1.8597825485236181
-4.534082394444603,0.7097275223574824,0.31689395153808164,-0.10957036058383952,0.04905288266703676,gut+er vor+bereit+et,1.8597825485236181
-4.5369793505286165,0.7118734977914224,0.3196088856525504,-0.1096315945926155,0.04941500515950468,möchte,1.856434581223318
-4.5369793505286165,0.7118734977914224,0.3196088856525504,-0.1096315945926155,0.04941500515950468,vor+bereit+et möcht+e,1.856434581223318
-4.539103692719905,0.7134438592603299,0.3216023573177361,-0.1096764573441147,0.04968083527855414,helfen,1.8539814650633972
-4.539103692719905,0.7134438592603299,0.3216023573177361,-0.1096764573441147,0.04968083527855414,dabei helf+en,1.8539814650633972
-4.541292172696062,0.7150587052664511,0.32365831971408376,-0.10972263805816239,0.0499549430066483,helf+en software,1.8514560236848943
-4.542426352134788,0.7158944239180567,0.3247247412553248,-0.10974655634304341,0.05009709961131723,Scenarify,1.8501479115150161
-4.542426352134788,0.7158944239180567,0.3247247412553248,-0.10974655634304341,0.05009709961131723,software scenarify,1.8501479115150161
-4.54516344618539,0.7179079247113557,0.3273008992126216,-0.10980423521898118,0.050440444952999965,Hochw…,1.846993040006656
-4.54516344618539,0.7179079247113557,0.3273008992126216,-0.10980423521898118,0.050440444952999965,scenarify hochw…,1.846993040006656
-4.545994703189021,0.7185184914527855,0.3280840023761177,-0.10982174018755335,0.05054479778813135,+2166,1.8460354577418108
-4.545994703189021,0.7185184914527855,0.3280840023761177,-0.10982174018755335,0.05054479778813135,hochw… +2166,1.8460354577418108
-4.54659458186277,0.7189588368675764,0.3286493397133946,-0.10983436912863086,0.05062012700302954,+2166 char+s,1.845344577033937
-3.4254368564519284,-0.1381260110105229,-0.5040557509726116,-0.1627013675139536,-0.02964829389519671,sturmbö+en graupel,3.178796956444667
-2.5971707453808532,-0.7633979592080529,-0.8862625039614325,-0.1896807816255991,-0.06816164694261201,graupel gewitter,4.178209099679521
-3.438152452924553,-0.12780060662922477,-0.49620857367547966,-0.16115659959710793,-0.02935406467098511,Unruhiger,3.163152080883097
-3.438152452924553,-0.12780060662922477,-0.49620857367547966,-0.16115659959710793,-0.02935406467098511,gewitter un+ruhig+er,3.163152080883097
-3.656258188369981,0.0398481702362381,-0.368588453518934,-0.15163450832494862,-0.017279167951181396,un+ruhig+er woche+n+start,2.9004599783414724
-3.742342703474108,0.10639868404299024,-0.31120378583908237,-0.14352204030398685,-0.013719729676203767,woche+n+start berlin,2.7968434158980484
-3.9371323704703873,0.2561330736106866,-0.1827157124518165,-0.13817564511269614,0.00015521155463685266,vorausgesagt,2.5636654982515337
-3.9371323704703873,0.2561330736106866,-0.1827157124518165,-0.13817564511269614,0.00015521155463685266,brandenburg voraus+ge+sag+t,2.5636654982515337
-4.024790647467917,0.32318149302592647,-0.12114859086653773,-0.13649168677494694,0.007155136545200509,Frühlingstendenzen,2.4592727745115903
-4.024790647467917,0.32318149302592647,-0.12114859086653773,-0.13649168677494694,0.007155136545200509,voraus+ge+sag+t frühling+s+tendenz+en,2.4592727745115903
-4.120947984242062,0.39643692641668427,-0.04974428268362213,-0.13403390627312312,0.014991763856491154,frühling+s+tendenz+en erst,2.345191380507448
-4.146523060252502,0.41587509616234586,-0.030047142752149647,-0.13329044940634965,0.017114817272942666,erst ende,2.314925369917268
-4.188007349380996,0.4473600464267582,0.002552420388064802,-0.1320153295659099,0.020600376314578055,Sicht,2.2659048913473434
-4.188007349380996,0.4473600464267582,0.002552420388064802,-0.1320153295659099,0.020600376314578055,woche sicht,2.2659048913473434
-4.208780020393979,0.46310262342407404,0.01918354376494369,-0.1313469551010487,0.0223668330751673,der montag,2.2413941850618597
-4.219269386842949,0.4712358188252217,0.027976207359574568,-0.1306320793736701,0.023129733095065948,geprägt,2.228925387060465
-4.219269386842949,0.4712358188252217,0.027976207359574568,-0.1306320793736701,0.023129733095065948,montag ge+präg+t,2.228925387060465
-4.225430132156808,0.4761663122002089,0.033453217465000684,-0.12986920062022572,0.02345532038518281,ge+präg+t stark+en,2.221521871440685
-4.227788838289248,0.4781292472230543,0.03571816008309042,-0.12938086233201407,0.02350868363753012,stark+en böe+n,2.2186472597833737
-4.199710844777836,0.45755775055272196,0.015944842149215266,-0.12664485995422853,0.01975458465607919,warn+t der,2.2513644791582967
-4.1818180746121625,0.4438444610062493,0.002525587727798595,-0.12608220621003746,0.01781337096470404,Gefahren,2.2725509686818306
-4.1818180746121625,0.4438444610062493,0.002525587727798595,-0.12608220621003746,0.01781337096470404,der gefahr+en,2.2725509686818306
-4.196667622511146,0.4551447574049483,0.014873529618655235,-0.12494105738024354,0.018823424498865794,müssen,2.2549946591862633
-4.196667622511146,0.4551447574049483,0.014873529618655235,-0.12494105738024354,0.018823424498865794,brandenburg müss+en,2.2549946591862633
-4.25346883332421,0.49849194049374335,0.059449349899010295,-0.12528244444854536,0.02454665364623785,Wochenbeginn,2.18789549249564
-4.25346883332421,0.49849194049374335,0.059449349899010295,-0.12528244444854536,0.02454665364623785,müss+en woche+n+beginn,2.18789549249564
-4.2867778007873145,0.523542000002279,0.08640352759880104,-0.12526625994308438,0.027896602811404526,ruppiges,2.14879520574745
-4.2867778007873145,0.523542000002279,0.08640352759880104,-0.12526625994308438,0.027896602811404526,woche+n+beginn ruppig+es,2.14879520574745
-4.2997375461792675,0.5332310144340033,0.09707094021183299,-0.12520206198875228,0.029193943895053816,ruppig+es wetter,2.133623354810542
-4.308457233251732,0.5397355432863855,0.10430787209833375,-0.12513864701107508,0.030064329210796985,einstellen,2.1234264745373297
-4.308457233251732,0.5397355432863855,0.10430787209833375,-0.12513864701107508,0.030064329210796985,wetter ein+stell+en,2.1234264745373297
-4.358580689491125,0.5769676014062886,0.14687630335376917,-0.12444419265216213,0.03502607218763972,dwd zieh+t,2.064951891177323
-4.364538871541486,0.5813810639059662,0.15204827327011616,-0.1243249662929831,0.03561172408627556,westlicher,2.058014172377486
-4.364538871541486,0.5813810639059662,0.15204827327011616,-0.1243249662929831,0.03561172408627556,zieh+t westlich+er,2.058014172377486
-4.370621100134001,0.5858845233728989,0.15735256868861025,-0.12419572586090473,0.03620890449464991,Strömung,2.0509345171871645
-4.370621100134001,0.5858845233728989,0.15735256868861025,-0.12419572586090473,0.03620890449464991,westlich+er strömung,2.0509345171871645
-4.375277816485684,0.5893312845358607,0.16143049019604172,-0.12409177069532511,0.03666572890441346,milde,2.0455158187391236
-4.375277816485684,0.5893312845358607,0.16143049019604172,-0.12409177069532511,0.03666572890441346,strömung milde,2.0455158187391236
-4.3834026220969,0.5953426547151084,0.16858028368828043,-0.12390034700171708,0.03746210796071541,bewegte,2.0360649661966534
-4.3834026220969,0.5953426547151084,0.16858028368828043,-0.12390034700171708,0.03746210796071541,milde beweg+t+e,2.0360649661966534
-4.386960355454521,0.5979740322388301,0.17172498700813343,-0.12381262881296219,0.03781061820235417,Meeresluft,2.0319279343460477
-4.386960355454521,0.5979740322388301,0.17172498700813343,-0.12381262881296219,0.03781061820235417,beweg+t+e meer+es+luft,2.0319279343460477
-4.3932348075224485,0.6026134303042994,0.1772916089885211,-0.12365235379483085,0.03842502815629837,meer+es+luft +1801,2.024633835303095
-4.294017636358776,0.5236301504008365,0.085504389736409,-0.13290025738294697,0.031380692694293257,Sieben,2.1431244118547124
-4.284038556216207,0.5160343060047612,0.07697451262511573,-0.13337208002274076,0.03054025921511091,sieben mensch+en,2.154882792188369
-4.269945061204664,0.5052988332068273,0.06501330823220414,-0.1340338398686864,0.029360901854129352,sterben,2.171500129176505
-4.269945061204664,0.5052988332068273,0.06501330823220414,-0.1340338398686864,0.029360901854129352,mensch+en sterb+en,2.171500129176505
-3.0928660855573975,-0.3943693951498939,-0.6763855079966179,-0.17795217434136296,-0.04520421886179121,Absturz,3.5815815100776325
-4.248471334023607,0.48892512239209407,0.04697850282669663,-0.13503204391699813,0.027580864465877826,sterb+en absturz,2.1968431328781133
-4.218363376736327,0.46593752096570884,0.022071074478030583,-0.13641180125504743,0.025118946815481928,Rettungsflugzeugs,2.2324222473683797
-4.218363376736327,0.46593752096570884,0.022071074478030583,-0.13641180125504743,0.025118946815481928,absturz rettung+s+flugzeug+s,2.2324222473683797
-4.157696041487769,0.4195280356461446,-0.026817950945692115,-0.13912584064910744,0.02027503062060227,Indien,2.3042646266400366
-4.157696041487769,0.4195280356461446,-0.026817950945692115,-0.13912584064910744,0.02027503062060227,rettung+s+flugzeug+s indien,2.3042646266400366
-4.13118537821855,0.3992172939831764,-0.047655133773495256,-0.14028573235341585,0.018205974876191737,indien der,2.335716667032387
-3.5997479709913396,-0.008692307986386538,-0.4085303603985294,-0.1610265562365717,-0.017992938330322977,Turbo-Prop-Flugzeug,2.9711545826058696
-3.5997479709913396,-0.008692307986386538,-0.4085303603985294,-0.1610265562365717,-0.017992938330322977,der turbo-prop-flugzeug,2.9711545826058696
-3.372059361756473,-0.1825647035032656,-0.5363669447934418,-0.1688769740241503,-0.03095110346817084,turbo-prop-flugzeug komm,3.2450804906272714
-3.491584012161036,-0.09140621270229343,-0.4709401884996882,-0.16481406458630343,-0.024311854672812157,Flug,3.101209230334553
-3.491584012161036,-0.09140621270229343,-0.4709401884996882,-0.16481406458630343,-0.024311854672812157,komm flug,3.101209230334553
-2.7646623513856126,-0.6411825745178046,-0.8215281393066401,-0.18804028933287636,-0.060030917883942436,Delhi,3.9775787519235477
-2.7646623513856126,-0.6411825745178046,-0.8215281393066401,-0.18804028933287636,-0.060030917883942436,flug delhi,3.9775787519235477
-0.9750071960452411,-1.9489997998836568,-1.3745576959427543,-0.23715218841214258,-0.11672075511469299,delhi gewitter,6.136172193536566
-3.457721980696649,-0.1172591727682677,-0.4898397962527941,-0.16597744501667833,-0.02622821029487454,gewitter absturz,3.1419538510247227
-3.3229067280286606,-0.21997156230610582,-0.5622663329628665,-0.17051426323833574,-0.03358316490268842,Montagabend,3.3042838526981297
-3.3229067280286606,-0.21997156230610582,-0.5622663329628665,-0.17051426323833574,-0.03358316490268842,absturz montag+abend,3.3042838526981297
-3.491584012161036,-0.09140621270229343,-0.4709401884996882,-0.16481406458630343,-0.024311854672812157,montag+abend ge+führ+t,3.101209230334553
-4.477643770969423,0.6669477711330843,0.2648248246482803,-0.10836741815692717,0.042089150386360664,Deutschland-Blog,1.9255900036734683
-4.449982223413328,0.64536149220066,0.239880023038617,-0.10777333193559772,0.03874075697725741,Triell,1.9582186872133556
-4.449982223413328,0.64536149220066,0.239880023038617,-0.10777333193559772,0.03874075697725741,deutschland-blog triell,1.9582186872133556
-4.419688407013688,0.6213056136712642,0.21299669694172846,-0.10712149887879897,0.03512351605519257,triell land+tag+s+wahl,1.994208363166694
-4.325101035640971,0.5438102525033817,0.13196862051134906,-0.10509441215346592,0.024168647260834432,land+tag+s+wahl hagel,2.108085347200647
-4.294248931179466,0.5178740070549868,0.10648050660949637,-0.10444049819720434,0.02070701004198152,hagel özdemir,2.1456570184482127
-4.3806036200332334,0.5896892376041392,0.17898265372656996,-0.10628113710594851,0.03053427750259815,grenzen,2.0410046126328707
-4.3806036200332334,0.5896892376041392,0.17898265372656996,-0.10628113710594851,0.03053427750259815,özdemir grenze+n,2.0410046126328707
-4.445603208237091,0.6419101431468542,0.23596587394797308,-0.10767915037350044,0.03821464785565357,grenze+n afd,1.963404966021303
-4.325101035640971,0.5438102525033817,0.13196862051134906,-0.10509441215346592,0.024168647260834432,afd hagel,2.108085347200647
-4.471522268771552,0.6622036275327293,0.2592718551339396,-0.10823610836408483,0.041344439780752786,Meine,1.9327906087117683
-4.471522268771552,0.6622036275327293,0.2592718551339396,-0.10823610836408483,0.041344439780752786,hagel mein+e,1.9327906087117683
-4.478766630750973,0.6678158936833135,0.26584541423324104,-0.10839149165292254,0.0422259795493786,christdemokratische,1.9242704785009481
-4.478766630750973,0.6678158936833135,0.26584541423324104,-0.10839149165292254,0.0422259795493786,mein+e christdemokratisch+e,1.9242704785009481
-4.496267414338089,0.6812604919875297,0.28183289120465393,-0.10876610704118082,0.04436766854593192,christdemokratisch+e partei,1.9037566163201465
-4.500821623200836,0.6847320733432861,0.2860181264606385,-0.10886338351264428,0.04492778323362443,partei deutschland+s,1.898434709763793
-4.445603208237091,0.6419101431468542,0.23596587394797308,-0.10767915037350044,0.03821464785565357,deutschland+s afd,1.963404966021303
-4.494115661592707,0.6796163023340985,0.27985903400773815,-0.10872011362233376,0.044103426793617125,afd nie,1.9062734738445783
-4.491028417909877,0.6772529021725545,0.2770310250183746,-0.10865408948328416,0.0437247519260719,koalieren,1.9098872066053714
-4.491028417909877,0.6772529021725545,0.2770310250183746,-0.10865408948328416,0.0437247519260719,nie koalier+en,1.9098872066053714
-4.476489239534515,0.666054483133264,0.2637760993121617,-0.10834266145254727,0.0419485353494446,kooperieren,1.9269471610046414
-4.476489239534515,0.666054483133264,0.2637760993121617,-0.10834266145254727,0.0419485353494446,koalier+en kooperier+en,1.9269471610046414
-4.072941556239629,0.32540167485179783,-0.06345505597199963,-0.09995709704540805,-0.0025529655946580077,+++,2.419655061447049
-4.457725969634528,0.651442434433568,0.246824988335266,-0.10793981044131283,0.039673776549705005,kooperier+en +++,1.9490611536786289
-4.449982223413328,0.64536149220066,0.239880023038617,-0.10777333193559772,0.03874075697725741,Trauerstaatsakt,1.9582186872133556
-4.449982223413328,0.64536149220066,0.239880023038617,-0.10777333193559772,0.03874075697725741,+++ trauer+staat+s+akt,1.9582186872133556
-4.373675885261632,0.5840224907830958,0.1730322104169642,-0.1061324678520547,0.029730018903153445,ehemalige,2.0493389812747913
-4.373675885261632,0.5840224907830958,0.1730322104169642,-0.1061324678520547,0.029730018903153445,trauer+staat+s+akt ehemalig+e,2.0493389812747913
-4.218017378506967,0.4526854359713932,0.04543732731841843,-0.10285009857283749,0.012387173329035724,Bundestagspräsidentin,2.239238668247129
-4.218017378506967,0.4526854359713932,0.04543732731841843,-0.10285009857283749,0.012387173329035724,ehemalig+e bundestag+s+präsident+in,2.239238668247129
-4.432715320232539,0.631700867447182,0.22450130135752983,-0.10740185433369086,0.036672582946488654,Parlament,1.9787006126479407
-4.432715320232539,0.631700867447182,0.22450130135752983,-0.10740185433369086,0.036672582946488654,bundestag+s+präsident+in parlament,1.9787006126479407
-4.457725969634528,0.651442434433568,0.246824988335266,-0.10793981044131283,0.039673776549705005,parlament +++,1.9490611536786289
-4.462805880129245,0.6554157612707935,0.2513970497720506,-0.10804896058826234,0.04028768075104661,SPD,1.9430634901723165
-4.462805880129245,0.6554157612707935,0.2513970497720506,-0.10804896058826234,0.04028768075104661,+++ spd,1.9430634901723165
-4.468803643280973,0.660090589381399,0.2568116762668001,-0.1081777579625292,0.04101437996183364,appelliert,1.9359922042842648
-4.468803643280973,0.660090589381399,0.2568116762668001,-0.1081777579625292,0.04101437996183364,spd appellier+t,1.9359922042842648
-4.485849453400449,0.6732767222228507,0.2722975232719772,-0.10854324485315033,0.04309069946569711,China-Reise,1.9159563326934688
-4.485849453400449,0.6732767222228507,0.2722975232719772,-0.10854324485315033,0.04309069946569711,appellier+t china+-+reise,1.9159563326934688
-4.497631649010145,0.6823016166106723,0.28308552329089653,-0.10879525669622951,0.04453533335779284,china+-+reise merz,1.9021616923036917
-4.457725969634528,0.651442434433568,0.246824988335266,-0.10793981044131283,0.039673776549705005,merz +++,1.9490611536786289
-4.505888051641573,0.6885806013372804,0.2906861139610004,-0.10897148365285163,0.04555223832584852,Entwicklungen,1.892522382762968
-4.505888051641573,0.6885806013372804,0.2906861139610004,-0.10897148365285163,0.04555223832584852,+++ entwicklung+en,1.892522382762968
-4.495564692053379,0.6807238077543889,0.2811880146671737,-0.10875108868993764,0.04428134394550568,Liveblog,1.9045784073791556
-4.495564692053379,0.6807238077543889,0.2811880146671737,-0.10875108868993764,0.04428134394550568,entwicklung+en liveblog,1.9045784073791556
-4.488528521721218,0.6753353797685699,0.27474449784049504,-0.10860059769753626,0.04341850741743925,Drittens,1.9128157024392864
-4.488528521721218,0.6753353797685699,0.27474449784049504,-0.10860059769753626,0.04341850741743925,liveblog drittens,1.9128157024392864
-4.478766630750973,0.6678158936833135,0.26584541423324104,-0.10839149165292254,0.0422259795493786,Konkurrenz,1.9242704785009481
-4.478766630750973,0.6678158936833135,0.26584541423324104,-0.10839149165292254,0.0422259795493786,drittens konkurrenz,1.9242704785009481
-4.4643820367036735,0.6566459958999075,0.2528182358024623,-0.10808281563352572,0.040478454311847996,belebt,1.9412041611605062
-4.4643820367036735,0.6566459958999075,0.2528182358024623,-0.10808281563352572,0.040478454311847996,konkurrenz beleb+t,1.9412041611605062
-4.443264466222125,0.6400631652265645,0.23387930274122798,-0.10762884052692222,0.03793410995500405,Geschäft,1.9661771242143629
-4.443264466222125,0.6400631652265645,0.23387930274122798,-0.10762884052692222,0.03793410995500405,beleb+t geschäft,1.9661771242143629
-4.4119106130305985,0.6150639804368829,0.2061678553224125,-0.1069541293097316,0.034203269175756994,Wettbewerb,2.0034892627081975
-4.274223988826501,0.5008930207923761,0.09018065455944113,-0.10401893224956134,0.018489445488019528,gesund,2.1701415270265967
-4.274223988826501,0.5008930207923761,0.09018065455944113,-0.10401893224956134,0.018489445488019528,wettbewerb gesund,2.1701415270265967
-4.294248931179466,0.5178740070549868,0.10648050660949637,-0.10444049819720434,0.02070701004198152,solange,2.1456570184482127
-4.294248931179466,0.5178740070549868,0.10648050660949637,-0.10444049819720434,0.02070701004198152,gesund solange,2.1456570184482127
-4.398071768869418,0.6038958671963954,0.19409138731037695,-0.10665645913886516,0.03257448355589269,fair,2.0200418047807998
-4.398071768869418,0.6038958671963954,0.19409138731037695,-0.10665645913886516,0.03257448355589269,solange fair,2.0200418047807998
-4.461173496052817,0.6541403471500424,0.24992646314568012,-0.10801389200057253,0.040090249249487155,Sinne,1.9449899402732358
-4.470184257667915,0.661164131318648,0.2580605844819862,-0.10820739285047044,0.04118194414365673,sinn+e woll+e,1.9343660358305108
-4.483952877083666,0.6718170500246318,0.27056739902610283,-0.10850262709915891,0.042858877975434924,Peking,1.9181810544625404
-4.483952877083666,0.6718170500246318,0.27056739902610283,-0.10850262709915891,0.042858877975434924,woll+e peking,1.9181810544625404
-4.490213780301724,0.6766284098763024,0.2762855781297334,-0.10863666095243536,0.04362491833985233,peking diskutier+en,1.910841288510618
-4.504285613251333,0.6873649179803588,0.289208327250956,-0.10893730701660377,0.045354579482209174,Abhilfe,1.8943914328767946
-4.504285613251333,0.6873649179803588,0.289208327250956,-0.10893730701660377,0.045354579482209174,diskutier+en abhilfe,1.8943914328767946
-4.508390466184586,0.6904761566771443,0.2929964016586425,-0.10902482824752478,0.0458611901625827,schaffen,1.8896053589492303
-4.508390466184586,0.6904761566771443,0.2929964016586425,-0.10902482824752478,0.0458611901625827,abhilfe schaff+en,1.8896053589492303
-4.514073487361543,0.6947677699876438,0.2982545615224542,-0.10914584838227055,0.04656409838819659,systemische,1.8829886974949677
-4.514073487361543,0.6947677699876438,0.2982545615224542,-0.10914584838227055,0.04656409838819659,schaff+en systemisch+e,1.8829886974949677
-4.518487284470162,0.6980880852249304,0.30234935329124946,-0.10923971239852497,0.04711123818282082,Überkapazitäten,1.8778574687467096
-4.518487284470162,0.6980880852249304,0.30234935329124946,-0.10923971239852497,0.04711123818282082,systemisch+e überkapazität+en,1.8778574687467096
-4.523729342988609,0.7020166773910859,0.30722498554032174,-0.10935103511686171,0.047762425988600206,Ausfuh…,1.8717722036958526
-4.523729342988609,0.7020166773910859,0.30722498554032174,-0.10935103511686171,0.047762425988600206,überkapazität+en ausfuh…,1.8717722036958526
-4.52613029799282,0.7038106159249408,0.30946261604986414,-0.109401963794714,0.04806117847085568,+2566,1.8689882881206752
-4.52613029799282,0.7038106159249408,0.30946261604986414,-0.109401963794714,0.04806117847085568,ausfuh… +2566,1.8689882881206752
-4.527612421162441,0.7049163074151347,0.31084532969256295,-0.10943338314508876,0.04824575553023556,+2566 char+s,1.8672707861953017
-4.534974678622267,0.7103890476033674,0.3177297342851165,-0.10958922776519057,0.04916437122435175,Sexistische,1.8587510231205053
-4.532770578694219,0.7087540797351963,0.31566591012553,-0.10954261190359828,0.0488890522514407,Aussagen,1.861299599244918
-4.532770578694219,0.7087540797351963,0.31566591012553,-0.10954261190359828,0.0488890522514407,sexistisch+e aussage+n,1.861299599244918
-4.530116331445661,0.7067812748802296,0.31318374308386077,-0.10948642908539395,0.048557850498578754,aussage+n hagel,1.8643710124462052
-4.527851025703831,0.705094187864399,0.31106803111902526,-0.10943843990130821,0.04827548135988794,hagel ende,1.8669943617986302
-4.525616033030895,0.7034266578287272,0.3089830958299129,-0.1093910585013002,0.047997161904476233,ende immer,1.869584407604795
-4.522585791183156,0.7011610384093204,0.3061602183306058,-0.10932676501122864,0.04762024270087168,immer frau,1.873098874739863
-4.521082581738382,0.7000351177644275,0.30476154884859374,-0.1092948489713614,0.047433449241563376,schuld,1.874843498640149
-4.521082581738382,0.7000351177644275,0.30476154884859374,-0.1092948489713614,0.047433449241563376,frau schuld,1.874843498640149
-4.518825537197722,0.6983420712352685,0.3026635542171813,-0.10924690087066068,0.04715321216048055,schuld manuel,1.877464515384431
-4.3619964682184325,0.5744287794374259,0.16305369568954914,-0.10588212075784208,0.028380395783460015,hagel minister+präsident,2.063415559559636
-4.303552158161965,0.5257247489778429,0.11411814541334281,-0.10463715076896878,0.021745075484878397,Ist,2.134307708887028
-4.263391788127498,0.49166261066384953,0.08144266515846643,-0.10379194445291905,0.01729944529146169,relevant,2.1834164400647227
-4.263391788127498,0.49166261066384953,0.08144266515846643,-0.10379194445291905,0.01729944529146169,sei relevant,2.1834164400647227
-4.174596969533866,0.4149678896246707,0.011868950340339524,-0.10196400648167127,0.007794806369311874,Frauenbild,2.292953552804129
-4.174596969533866,0.4149678896246707,0.011868950340339524,-0.10196400648167127,0.007794806369311874,relevant frau+en+bild,2.292953552804129
-4.14882451185612,0.39241269138045864,-0.007654632292391661,-0.10144584011230164,0.005118372092806765,Fehlern,2.3249590735094916
-4.14882451185612,0.39241269138045864,-0.007654632292391661,-0.10144584011230164,0.005118372092806765,frau+en+bild fehler+n,2.3249590735094916
-4.207809793659921,0.4438528536667703,0.037468681412905935,-0.10264037939874597,0.011298100624419834,umgeht,2.2518416590960006
-4.207809793659921,0.4438528536667703,0.037468681412905935,-0.10264037939874597,0.011298100624419834,fehler+n um+geh+t,2.2518416590960006
